{"name":"worker","pid":937,"phase":"SPIN_UP_BUILDER","buildId":"d816ad61-9dbf-4772-b852-09cb8227ab56","level":30,"msg":"AMD, 4 vCPUs, 16 GB RAM","time":"2026-02-22T23:14:05.900Z","v":0,"logId":"019c87a1-adcc-7b2a-ae04-445ff3c9681d"}
{"name":"worker","pid":937,"phase":"SPIN_UP_BUILDER","buildId":"d816ad61-9dbf-4772-b852-09cb8227ab56","level":30,"msg":"","time":"2026-02-22T23:14:05.901Z","v":0,"logId":"019c87a1-adcd-7320-ae83-99e06074f924"}
{"name":"worker","pid":937,"phase":"SPIN_UP_BUILDER","buildId":"d816ad61-9dbf-4772-b852-09cb8227ab56","level":30,"msg":"Using image \"ubuntu-22.04-jdk-17-ndk-25.1.8937393\" based on \"ubuntu-2204-jammy-v20220810\"","time":"2026-02-22T23:14:05.902Z","v":0,"logId":"019c87a1-adce-7e0f-a913-40f207d1c595"}
{"name":"worker","pid":937,"phase":"SPIN_UP_BUILDER","buildId":"d816ad61-9dbf-4772-b852-09cb8227ab56","level":30,"msg":"","time":"2026-02-22T23:14:05.902Z","v":0,"logId":"019c87a1-adce-7e0f-a913-40f35dd50e64"}
{"name":"worker","pid":937,"phase":"SPIN_UP_BUILDER","buildId":"d816ad61-9dbf-4772-b852-09cb8227ab56","level":30,"msg":"Installed software:","time":"2026-02-22T23:14:05.902Z","v":0,"logId":"019c87a1-adce-7e0f-a913-40f445e550da"}
{"name":"worker","pid":937,"phase":"SPIN_UP_BUILDER","buildId":"d816ad61-9dbf-4772-b852-09cb8227ab56","level":30,"msg":"- NDK 25.1.8937393","time":"2026-02-22T23:14:05.902Z","v":0,"logId":"019c87a1-adce-7e0f-a913-40f544c380d1"}
{"name":"worker","pid":937,"phase":"SPIN_UP_BUILDER","buildId":"d816ad61-9dbf-4772-b852-09cb8227ab56","level":30,"msg":"- Node.js 18.18.0","time":"2026-02-22T23:14:05.902Z","v":0,"logId":"019c87a1-adcf-76a7-86d6-db73743ad305"}
{"name":"worker","pid":937,"phase":"SPIN_UP_BUILDER","buildId":"d816ad61-9dbf-4772-b852-09cb8227ab56","level":30,"msg":"- Bun 1.0.14","time":"2026-02-22T23:14:05.903Z","v":0,"logId":"019c87a1-adcf-76a7-86d6-db7454ff84bf"}
{"name":"worker","pid":937,"phase":"SPIN_UP_BUILDER","buildId":"d816ad61-9dbf-4772-b852-09cb8227ab56","level":30,"msg":"- Yarn 1.22.19","time":"2026-02-22T23:14:05.903Z","v":0,"logId":"019c87a1-adcf-76a7-86d6-db7520a345a9"}
{"name":"worker","pid":937,"phase":"SPIN_UP_BUILDER","buildId":"d816ad61-9dbf-4772-b852-09cb8227ab56","level":30,"msg":"- pnpm 8.9.2","time":"2026-02-22T23:14:05.903Z","v":0,"logId":"019c87a1-adcf-76a7-86d6-db76f8f7e99d"}
{"name":"worker","pid":937,"phase":"SPIN_UP_BUILDER","buildId":"d816ad61-9dbf-4772-b852-09cb8227ab56","level":30,"msg":"- npm 9.8.1","time":"2026-02-22T23:14:05.903Z","v":0,"logId":"019c87a1-adcf-76a7-86d6-db775ecee01a"}
{"name":"worker","pid":937,"phase":"SPIN_UP_BUILDER","buildId":"d816ad61-9dbf-4772-b852-09cb8227ab56","level":30,"msg":"- Java 17","time":"2026-02-22T23:14:05.903Z","v":0,"logId":"019c87a1-adcf-76a7-86d6-db78893d748c"}
{"name":"worker","pid":937,"phase":"SPIN_UP_BUILDER","buildId":"d816ad61-9dbf-4772-b852-09cb8227ab56","level":30,"msg":"- node-gyp 10.0.1","time":"2026-02-22T23:14:05.903Z","v":0,"logId":"019c87a1-adcf-76a7-86d6-db795d2c24bd"}
{"name":"worker","pid":937,"phase":"SPIN_UP_BUILDER","buildId":"d816ad61-9dbf-4772-b852-09cb8227ab56","level":30,"msg":"","time":"2026-02-22T23:14:05.904Z","v":0,"logId":"019c87a1-add0-752f-bd4a-c411240e7dec"}
{"name":"worker","pid":937,"phase":"SPIN_UP_BUILDER","buildId":"d816ad61-9dbf-4772-b852-09cb8227ab56","level":30,"msg":"Project environment variables:","time":"2026-02-22T23:14:05.904Z","v":0,"logId":"019c87a1-add0-752f-bd4a-c4120ac2b502"}
{"name":"worker","pid":937,"phase":"SPIN_UP_BUILDER","buildId":"d816ad61-9dbf-4772-b852-09cb8227ab56","level":30,"msg":"  EAS_USE_CACHE=1","time":"2026-02-22T23:14:05.904Z","v":0,"logId":"019c87a1-add0-752f-bd4a-c4134186d9d5"}
{"name":"worker","pid":937,"phase":"SPIN_UP_BUILDER","buildId":"d816ad61-9dbf-4772-b852-09cb8227ab56","level":30,"msg":"  __API_SERVER_URL=https://api.expo.dev/","time":"2026-02-22T23:14:05.904Z","v":0,"logId":"019c87a1-add0-752f-bd4a-c4146753c9fe"}
{"name":"worker","pid":937,"phase":"SPIN_UP_BUILDER","buildId":"d816ad61-9dbf-4772-b852-09cb8227ab56","level":30,"msg":"","time":"2026-02-22T23:14:05.904Z","v":0,"logId":"019c87a1-add0-752f-bd4a-c415108e0dc1"}
{"name":"worker","pid":937,"phase":"SPIN_UP_BUILDER","buildId":"d816ad61-9dbf-4772-b852-09cb8227ab56","level":30,"msg":"Environment secrets:","time":"2026-02-22T23:14:05.904Z","v":0,"logId":"019c87a1-add0-752f-bd4a-c416cd86b567"}
{"name":"worker","pid":937,"phase":"SPIN_UP_BUILDER","buildId":"d816ad61-9dbf-4772-b852-09cb8227ab56","level":30,"msg":"  EXPO_TOKEN=********","time":"2026-02-22T23:14:05.904Z","v":0,"logId":"019c87a1-add0-752f-bd4a-c417c14a4e7f"}
{"name":"worker","pid":937,"phase":"SPIN_UP_BUILDER","buildId":"d816ad61-9dbf-4772-b852-09cb8227ab56","level":30,"msg":"","time":"2026-02-22T23:14:05.904Z","v":0,"logId":"019c87a1-add0-752f-bd4a-c41882d11508"}
{"name":"worker","pid":937,"phase":"SPIN_UP_BUILDER","buildId":"d816ad61-9dbf-4772-b852-09cb8227ab56","level":30,"msg":"EAS Build environment variables:","time":"2026-02-22T23:14:05.904Z","v":0,"logId":"019c87a1-add0-752f-bd4a-c419fce5da73"}
{"name":"worker","pid":937,"phase":"SPIN_UP_BUILDER","buildId":"d816ad61-9dbf-4772-b852-09cb8227ab56","level":30,"msg":"  SHELL=/bin/sh","time":"2026-02-22T23:14:05.904Z","v":0,"logId":"019c87a1-add0-752f-bd4a-c41a18ee7c7a"}
{"name":"worker","pid":937,"phase":"SPIN_UP_BUILDER","buildId":"d816ad61-9dbf-4772-b852-09cb8227ab56","level":30,"msg":"  NVM_INC=/home/expo/.nvm/versions/node/v18.18.0/include/node","time":"2026-02-22T23:14:05.904Z","v":0,"logId":"019c87a1-add0-752f-bd4a-c41b3edcdf19"}
{"name":"worker","pid":937,"phase":"SPIN_UP_BUILDER","buildId":"d816ad61-9dbf-4772-b852-09cb8227ab56","level":30,"msg":"  JAVA_HOME=/usr/lib/jvm/java-17-openjdk-amd64","time":"2026-02-22T23:14:05.904Z","v":0,"logId":"019c87a1-add0-752f-bd4a-c41ce377adfd"}
{"name":"worker","pid":937,"phase":"SPIN_UP_BUILDER","buildId":"d816ad61-9dbf-4772-b852-09cb8227ab56","level":30,"msg":"  PWD=/usr/local/eas-build-worker","time":"2026-02-22T23:14:05.904Z","v":0,"logId":"019c87a1-add0-752f-bd4a-c41d5f30fd5b"}
{"name":"worker","pid":937,"phase":"SPIN_UP_BUILDER","buildId":"d816ad61-9dbf-4772-b852-09cb8227ab56","level":30,"msg":"  LOGNAME=expo","time":"2026-02-22T23:14:05.904Z","v":0,"logId":"019c87a1-add0-752f-bd4a-c41e8cfe3152"}
{"name":"worker","pid":937,"phase":"SPIN_UP_BUILDER","buildId":"d816ad61-9dbf-4772-b852-09cb8227ab56","level":30,"msg":"  SYSTEMD_EXEC_PID=937","time":"2026-02-22T23:14:05.904Z","v":0,"logId":"019c87a1-add0-752f-bd4a-c41f0bc0897b"}
{"name":"worker","pid":937,"phase":"SPIN_UP_BUILDER","buildId":"d816ad61-9dbf-4772-b852-09cb8227ab56","level":30,"msg":"  HOME=/home/expo","time":"2026-02-22T23:14:05.905Z","v":0,"logId":"019c87a1-add1-727d-a735-5eb734f56889"}
{"name":"worker","pid":937,"phase":"SPIN_UP_BUILDER","buildId":"d816ad61-9dbf-4772-b852-09cb8227ab56","level":30,"msg":"  LANG=en_US.UTF-8","time":"2026-02-22T23:14:05.905Z","v":0,"logId":"019c87a1-add1-727d-a735-5eb8a2346437"}
{"name":"worker","pid":937,"phase":"SPIN_UP_BUILDER","buildId":"d816ad61-9dbf-4772-b852-09cb8227ab56","level":30,"msg":"  INVOCATION_ID=1c62987bac564cafaf4802cb71899cca","time":"2026-02-22T23:14:05.905Z","v":0,"logId":"019c87a1-add1-727d-a735-5eb9213d78af"}
{"name":"worker","pid":937,"phase":"SPIN_UP_BUILDER","buildId":"d816ad61-9dbf-4772-b852-09cb8227ab56","level":30,"msg":"  ANDROID_NDK_HOME=/home/expo/Android/Sdk/ndk/25.1.8937393","time":"2026-02-22T23:14:05.905Z","v":0,"logId":"019c87a1-add1-727d-a735-5eba2027ca5f"}
{"name":"worker","pid":937,"phase":"SPIN_UP_BUILDER","buildId":"d816ad61-9dbf-4772-b852-09cb8227ab56","level":30,"msg":"  NVM_DIR=/home/expo/.nvm","time":"2026-02-22T23:14:05.905Z","v":0,"logId":"019c87a1-add1-727d-a735-5ebb2958d59a"}
{"name":"worker","pid":937,"phase":"SPIN_UP_BUILDER","buildId":"d816ad61-9dbf-4772-b852-09cb8227ab56","level":30,"msg":"  ANDROID_HOME=/home/expo/Android/Sdk","time":"2026-02-22T23:14:05.905Z","v":0,"logId":"019c87a1-add1-727d-a735-5ebc868775d0"}
{"name":"worker","pid":937,"phase":"SPIN_UP_BUILDER","buildId":"d816ad61-9dbf-4772-b852-09cb8227ab56","level":30,"msg":"  USER=expo","time":"2026-02-22T23:14:05.905Z","v":0,"logId":"019c87a1-add1-727d-a735-5ebd75b96747"}
{"name":"worker","pid":937,"phase":"SPIN_UP_BUILDER","buildId":"d816ad61-9dbf-4772-b852-09cb8227ab56","level":30,"msg":"  SHLVL=0","time":"2026-02-22T23:14:05.905Z","v":0,"logId":"019c87a1-add1-727d-a735-5ebe51ed4a15"}
{"name":"worker","pid":937,"phase":"SPIN_UP_BUILDER","buildId":"d816ad61-9dbf-4772-b852-09cb8227ab56","level":30,"msg":"  ANDROID_SDK_ROOT=/home/expo/Android/Sdk","time":"2026-02-22T23:14:05.905Z","v":0,"logId":"019c87a1-add1-727d-a735-5ebfee2be777"}
{"name":"worker","pid":937,"phase":"SPIN_UP_BUILDER","buildId":"d816ad61-9dbf-4772-b852-09cb8227ab56","level":30,"msg":"  JOURNAL_STREAM=8:17328","time":"2026-02-22T23:14:05.905Z","v":0,"logId":"019c87a1-add1-727d-a735-5ec023385b14"}
{"name":"worker","pid":937,"phase":"SPIN_UP_BUILDER","buildId":"d816ad61-9dbf-4772-b852-09cb8227ab56","level":30,"msg":"  PATH=/home/expo/workingdir/bin:/home/expo/.nvm/versions/node/v18.18.0/bin:/opt/bundletool:/home/expo/Android/Sdk/build-tools/29.0.3:/home/expo/Android/Sdk/ndk/25.1.8937393:/home/expo/Android/Sdk/cmdline-tools/tools/bin:/home/expo/Android/Sdk/tools:/home/expo/Android/Sdk/tools/bin:/home/expo/Android/Sdk/platform-tools:/usr/local/sbin:/usr/local/bin:/usr/sbin:/usr/bin:/sbin:/bin:/snap/bin:/home/expo/.bun/bin","time":"2026-02-22T23:14:05.905Z","v":0,"logId":"019c87a1-add1-727d-a735-5ec154a07d6a"}
{"name":"worker","pid":937,"phase":"SPIN_UP_BUILDER","buildId":"d816ad61-9dbf-4772-b852-09cb8227ab56","level":30,"msg":"  LOGGER_LEVEL=info","time":"2026-02-22T23:14:05.905Z","v":0,"logId":"019c87a1-add1-727d-a735-5ec2e6f5154f"}
{"name":"worker","pid":937,"phase":"SPIN_UP_BUILDER","buildId":"d816ad61-9dbf-4772-b852-09cb8227ab56","level":30,"msg":"  NVM_BIN=/home/expo/.nvm/versions/node/v18.18.0/bin","time":"2026-02-22T23:14:05.905Z","v":0,"logId":"019c87a1-add1-727d-a735-5ec3185eac09"}
{"name":"worker","pid":937,"phase":"SPIN_UP_BUILDER","buildId":"d816ad61-9dbf-4772-b852-09cb8227ab56","level":30,"msg":"  EAS_BUILD_WORKER_DIR=/home/expo/eas-build-worker","time":"2026-02-22T23:14:05.905Z","v":0,"logId":"019c87a1-add1-727d-a735-5ec4c5b8b764"}
{"name":"worker","pid":937,"phase":"SPIN_UP_BUILDER","buildId":"d816ad61-9dbf-4772-b852-09cb8227ab56","level":30,"msg":"  _=/home/expo/.nvm/versions/node/v18.18.0/bin/node","time":"2026-02-22T23:14:05.905Z","v":0,"logId":"019c87a1-add1-727d-a735-5ec57d5a5e71"}
{"name":"worker","pid":937,"phase":"SPIN_UP_BUILDER","buildId":"d816ad61-9dbf-4772-b852-09cb8227ab56","level":30,"msg":"  CI=1","time":"2026-02-22T23:14:05.905Z","v":0,"logId":"019c87a1-add1-727d-a735-5ec6ffc4249f"}
{"name":"worker","pid":937,"phase":"SPIN_UP_BUILDER","buildId":"d816ad61-9dbf-4772-b852-09cb8227ab56","level":30,"msg":"  MAESTRO_DRIVER_STARTUP_TIMEOUT=120000","time":"2026-02-22T23:14:05.905Z","v":0,"logId":"019c87a1-add1-727d-a735-5ec7d0267a87"}
{"name":"worker","pid":937,"phase":"SPIN_UP_BUILDER","buildId":"d816ad61-9dbf-4772-b852-09cb8227ab56","level":30,"msg":"  MAESTRO_CLI_NO_ANALYTICS=1","time":"2026-02-22T23:14:05.905Z","v":0,"logId":"019c87a1-add1-727d-a735-5ec81a7bd83c"}
{"name":"worker","pid":937,"phase":"SPIN_UP_BUILDER","buildId":"d816ad61-9dbf-4772-b852-09cb8227ab56","level":30,"msg":"  EAS_BUILD=true","time":"2026-02-22T23:14:05.905Z","v":0,"logId":"019c87a1-add1-727d-a735-5ec9cea878ef"}
{"name":"worker","pid":937,"phase":"SPIN_UP_BUILDER","buildId":"d816ad61-9dbf-4772-b852-09cb8227ab56","level":30,"msg":"  EAS_BUILD_RUNNER=eas-build","time":"2026-02-22T23:14:05.905Z","v":0,"logId":"019c87a1-add1-727d-a735-5eca52205410"}
{"name":"worker","pid":937,"phase":"SPIN_UP_BUILDER","buildId":"d816ad61-9dbf-4772-b852-09cb8227ab56","level":30,"msg":"  EAS_BUILD_PLATFORM=android","time":"2026-02-22T23:14:05.905Z","v":0,"logId":"019c87a1-add1-727d-a735-5ecb8e1c103e"}
{"name":"worker","pid":937,"phase":"SPIN_UP_BUILDER","buildId":"d816ad61-9dbf-4772-b852-09cb8227ab56","level":30,"msg":"  NVM_NODEJS_ORG_MIRROR=http://nodejs.production.caches.eas-build.internal","time":"2026-02-22T23:14:05.905Z","v":0,"logId":"019c87a1-add1-727d-a735-5ecc94d3ae93"}
{"name":"worker","pid":937,"phase":"SPIN_UP_BUILDER","buildId":"d816ad61-9dbf-4772-b852-09cb8227ab56","level":30,"msg":"  EAS_BUILD_PROFILE=preview","time":"2026-02-22T23:14:05.905Z","v":0,"logId":"019c87a1-add1-727d-a735-5ecd08f291df"}
{"name":"worker","pid":937,"phase":"SPIN_UP_BUILDER","buildId":"d816ad61-9dbf-4772-b852-09cb8227ab56","level":30,"msg":"  EAS_BUILD_GIT_COMMIT_HASH=3efc4feaea0c2b9d6f2fd4aa3a7f37bd882798f4","time":"2026-02-22T23:14:05.905Z","v":0,"logId":"019c87a1-add1-727d-a735-5eceb78e3636"}
{"name":"worker","pid":937,"phase":"SPIN_UP_BUILDER","buildId":"d816ad61-9dbf-4772-b852-09cb8227ab56","level":30,"msg":"  EAS_BUILD_ID=d816ad61-9dbf-4772-b852-09cb8227ab56","time":"2026-02-22T23:14:05.905Z","v":0,"logId":"019c87a1-add1-727d-a735-5ecf2525ea2b"}
{"name":"worker","pid":937,"phase":"SPIN_UP_BUILDER","buildId":"d816ad61-9dbf-4772-b852-09cb8227ab56","level":30,"msg":"  EAS_BUILD_WORKINGDIR=/home/expo/workingdir/build","time":"2026-02-22T23:14:05.905Z","v":0,"logId":"019c87a1-add1-727d-a735-5ed0784197b1"}
{"name":"worker","pid":937,"phase":"SPIN_UP_BUILDER","buildId":"d816ad61-9dbf-4772-b852-09cb8227ab56","level":30,"msg":"  EAS_BUILD_PROJECT_ID=cafdcb5d-4be3-464e-a79e-d9776cf124cc","time":"2026-02-22T23:14:05.905Z","v":0,"logId":"019c87a1-add1-727d-a735-5ed1aebd1a46"}
{"name":"worker","pid":937,"phase":"SPIN_UP_BUILDER","buildId":"d816ad61-9dbf-4772-b852-09cb8227ab56","level":30,"msg":"  EAS_BUILD_MAVEN_CACHE_URL=http://maven.production.caches.eas-build.internal","time":"2026-02-22T23:14:05.905Z","v":0,"logId":"019c87a1-add2-7c3f-8d49-99c1d742405c"}
{"name":"worker","pid":937,"phase":"SPIN_UP_BUILDER","buildId":"d816ad61-9dbf-4772-b852-09cb8227ab56","level":30,"msg":"  GRADLE_OPTS=-Dorg.gradle.jvmargs=\"-XX:MaxMetaspaceSize=1g -Xmx4g -XX:+HeapDumpOnOutOfMemoryError -Dfile.encoding=UTF-8\" -Dorg.gradle.parallel=true -Dorg.gradle.daemon=false","time":"2026-02-22T23:14:05.906Z","v":0,"logId":"019c87a1-add2-7c3f-8d49-99c2331970a6"}
{"name":"worker","pid":937,"phase":"SPIN_UP_BUILDER","buildId":"d816ad61-9dbf-4772-b852-09cb8227ab56","level":30,"msg":"  EAS_BUILD_ANDROID_VERSION_CODE=1","time":"2026-02-22T23:14:05.906Z","v":0,"logId":"019c87a1-add2-7c3f-8d49-99c3a18f9be0"}
{"name":"worker","pid":937,"phase":"SPIN_UP_BUILDER","buildId":"d816ad61-9dbf-4772-b852-09cb8227ab56","level":30,"msg":"  EAS_BUILD_USERNAME=plainboy_1","time":"2026-02-22T23:14:05.906Z","v":0,"logId":"019c87a1-add2-7c3f-8d49-99c4fc5c48b1"}
{"name":"worker","pid":937,"phase":"SPIN_UP_BUILDER","buildId":"d816ad61-9dbf-4772-b852-09cb8227ab56","level":30,"msg":"  __EAS_BUILD_ENVS_DIR=/home/expo/workingdir/env","time":"2026-02-22T23:14:05.906Z","v":0,"logId":"019c87a1-add2-7c3f-8d49-99c568eb2c38"}
{"name":"worker","pid":937,"phase":"SPIN_UP_BUILDER","buildId":"d816ad61-9dbf-4772-b852-09cb8227ab56","level":30,"msg":"","time":"2026-02-22T23:14:05.906Z","v":0,"logId":"019c87a1-add2-7c3f-8d49-99c6cb563e02"}
{"name":"worker","pid":937,"phase":"SPIN_UP_BUILDER","buildId":"d816ad61-9dbf-4772-b852-09cb8227ab56","level":30,"job":{"mode":"build","type":"generic","appId":"cafdcb5d-4be3-464e-a79e-d9776cf124cc","cache":{"clear":false,"paths":[],"disabled":false},"updates":{},"version":{"versionCode":"1"},"platform":"android","username":"plainboy_1","buildType":"apk","environment":"preview","triggeredBy":"EAS_CLI","experimental":{},"expoBuildUrl":"https://expo.dev/accounts/plainboy_1/projects/tradeaid/builds/d816ad61-9dbf-4772-b852-09cb8227ab56","initiatingUserId":"e6cf8585-cf2d-414a-9b63-982e4c9df0c2","builderEnvironment":{"env":{"EAS_USE_CACHE":"1","__API_SERVER_URL":"https://api.expo.dev/"},"image":"sdk-50"},"projectRootDirectory":"mobile"},"msg":"Builder is ready, starting build","time":"2026-02-22T23:14:05.906Z","v":0,"logId":"019c87a1-add3-7587-a9c9-56cc8436adc7"}
{"name":"worker","pid":937,"phase":"SPIN_UP_BUILDER","buildId":"d816ad61-9dbf-4772-b852-09cb8227ab56","level":30,"marker":"END_PHASE","result":"success","durationMs":7,"msg":"End phase: SPIN_UP_BUILDER","time":"2026-02-22T23:14:05.908Z","v":0,"logId":"019c87a1-add4-7329-9136-e6dd6aa73321"}
{"name":"worker","pid":937,"phase":"INSTALL_CUSTOM_TOOLS","buildId":"d816ad61-9dbf-4772-b852-09cb8227ab56","level":30,"marker":"START_PHASE","msg":"Start phase: INSTALL_CUSTOM_TOOLS","time":"2026-02-22T23:14:05.909Z","v":0,"logId":"019c87a1-add5-78ad-83ca-d29b9a1a0aa1"}
{"name":"worker","pid":937,"phase":"INSTALL_CUSTOM_TOOLS","buildId":"d816ad61-9dbf-4772-b852-09cb8227ab56","level":30,"marker":"END_PHASE","result":"success","durationMs":427,"msg":"End phase: INSTALL_CUSTOM_TOOLS","time":"2026-02-22T23:14:06.337Z","v":0,"logId":"019c87a1-af81-7819-8607-a12e77c2475f"}
{"name":"worker","pid":937,"phase":"PREPARE_PROJECT","buildId":"d816ad61-9dbf-4772-b852-09cb8227ab56","level":30,"marker":"START_PHASE","msg":"Start phase: PREPARE_PROJECT","time":"2026-02-22T23:14:06.354Z","v":0,"logId":"019c87a1-af92-7d74-9ba0-a2644aeda86a"}
{"name":"worker","pid":937,"phase":"PREPARE_PROJECT","buildId":"d816ad61-9dbf-4772-b852-09cb8227ab56","level":30,"marker":"END_PHASE","result":"success","durationMs":498,"msg":"End phase: PREPARE_PROJECT","time":"2026-02-22T23:14:06.853Z","v":0,"logId":"019c87a1-b185-743f-a62e-64ece59ba17a"}
{"name":"worker","pid":937,"phase":"PRE_INSTALL_HOOK","buildId":"d816ad61-9dbf-4772-b852-09cb8227ab56","level":30,"marker":"START_PHASE","msg":"Start phase: PRE_INSTALL_HOOK","time":"2026-02-22T23:14:06.853Z","v":0,"logId":"019c87a1-b185-743f-a62e-64edd42f3650"}
{"name":"worker","pid":937,"phase":"PRE_INSTALL_HOOK","buildId":"d816ad61-9dbf-4772-b852-09cb8227ab56","level":30,"marker":"END_PHASE","result":"success","durationMs":0,"msg":"End phase: PRE_INSTALL_HOOK","time":"2026-02-22T23:14:06.854Z","v":0,"logId":"019c87a1-b186-7695-96b6-b437d04b3833"}
{"name":"worker","pid":937,"phase":"READ_EAS_JSON","buildId":"d816ad61-9dbf-4772-b852-09cb8227ab56","level":30,"marker":"START_PHASE","msg":"Start phase: READ_EAS_JSON","time":"2026-02-22T23:14:06.854Z","v":0,"logId":"019c87a1-b186-7695-96b6-b4389c5b3c10"}
{"name":"worker","pid":937,"phase":"READ_EAS_JSON","buildId":"d816ad61-9dbf-4772-b852-09cb8227ab56","level":30,"msg":"Using eas.json:","time":"2026-02-22T23:14:06.854Z","v":0,"logId":"019c87a1-b186-7695-96b6-b43962f9e9a5"}
{"name":"worker","pid":937,"phase":"READ_EAS_JSON","buildId":"d816ad61-9dbf-4772-b852-09cb8227ab56","level":30,"msg":"{\r\n  \"cli\": {\r\n    \"appVersionSource\": \"remote\"\r\n  },\r\n  \"build\": {\r\n    \"development\": {\r\n      \"developmentClient\": true,\r\n      \"distribution\": \"internal\",\r\n      \"android\": {\r\n        \"buildType\": \"apk\"\r\n      }\r\n    },\r\n    \"preview\": {\r\n      \"distribution\": \"internal\",\r\n      \"android\": {\r\n        \"buildType\": \"apk\"\r\n      }\r\n    },\r\n    \"production\": {\r\n      \"distribution\": \"store\",\r\n      \"android\": {\r\n        \"buildType\": \"app-bundle\"\r\n      }\r\n    }\r\n  }\r\n}\r\n","time":"2026-02-22T23:14:06.854Z","v":0,"logId":"019c87a1-b186-7695-96b6-b43a54866f56"}
{"name":"worker","pid":937,"phase":"READ_EAS_JSON","buildId":"d816ad61-9dbf-4772-b852-09cb8227ab56","level":30,"marker":"END_PHASE","result":"success","durationMs":0,"msg":"End phase: READ_EAS_JSON","time":"2026-02-22T23:14:06.854Z","v":0,"logId":"019c87a1-b186-7695-96b6-b43bda311f8b"}
{"name":"worker","pid":937,"phase":"READ_PACKAGE_JSON","buildId":"d816ad61-9dbf-4772-b852-09cb8227ab56","level":30,"marker":"START_PHASE","msg":"Start phase: READ_PACKAGE_JSON","time":"2026-02-22T23:14:06.855Z","v":0,"logId":"019c87a1-b187-7ac8-9b76-40937002a9cd"}
{"name":"worker","pid":937,"phase":"READ_PACKAGE_JSON","buildId":"d816ad61-9dbf-4772-b852-09cb8227ab56","level":30,"msg":"Using package.json:","time":"2026-02-22T23:14:06.855Z","v":0,"logId":"019c87a1-b187-7ac8-9b76-40941f09b3bc"}
{"name":"worker","pid":937,"phase":"READ_PACKAGE_JSON","buildId":"d816ad61-9dbf-4772-b852-09cb8227ab56","level":30,"msg":"{\n  \"name\": \"memescannerai-mobile\",\n  \"version\": \"1.0.0\",\n  \"main\": \"index.js\",\n  \"scripts\": {\n    \"start\": \"expo start\",\n    \"android\": \"expo run:android\",\n    \"ios\": \"expo run:ios\",\n    \"web\": \"expo start --web\"\n  },\n  \"dependencies\": {\n    \"@react-navigation/bottom-tabs\": \"^6.5.11\",\n    \"@react-navigation/native\": \"^6.1.9\",\n    \"@react-navigation/native-stack\": \"^6.9.17\",\n    \"@tanstack/react-query\": \"^5.17.0\",\n    \"axios\": \"^1.6.3\",\n    \"expo\": \"~50.0.0\",\n    \"expo-auth-session\": \"~5.4.0\",\n    \"expo-linear-gradient\": \"~12.7.0\",\n    \"expo-secure-store\": \"~12.8.0\",\n    \"expo-status-bar\": \"~1.11.1\",\n    \"expo-web-browser\": \"~12.8.0\",\n    \"react\": \"18.2.0\",\n    \"react-native\": \"0.73.2\",\n    \"react-native-safe-area-context\": \"4.8.2\",\n    \"react-native-screens\": \"~3.29.0\",\n    \"react-native-svg\": \"14.1.0\"\n  },\n  \"devDependencies\": {\n    \"@babel/core\": \"^7.20.0\",\n    \"@types/react\": \"~18.2.45\",\n    \"typescript\": \"^5.1.3\"\n  },\n  \"private\": true\n}","time":"2026-02-22T23:14:06.855Z","v":0,"logId":"019c87a1-b187-7ac8-9b76-40957605641e"}
{"name":"worker","pid":937,"phase":"READ_PACKAGE_JSON","buildId":"d816ad61-9dbf-4772-b852-09cb8227ab56","level":30,"marker":"END_PHASE","result":"success","durationMs":0,"msg":"End phase: READ_PACKAGE_JSON","time":"2026-02-22T23:14:06.855Z","v":0,"logId":"019c87a1-b187-7ac8-9b76-40961fc55faa"}
{"name":"worker","pid":937,"phase":"INSTALL_DEPENDENCIES","buildId":"d816ad61-9dbf-4772-b852-09cb8227ab56","level":30,"marker":"START_PHASE","msg":"Start phase: INSTALL_DEPENDENCIES","time":"2026-02-22T23:14:06.855Z","v":0,"logId":"019c87a1-b187-7ac8-9b76-4097d2d948a4"}
{"name":"worker","pid":937,"phase":"INSTALL_DEPENDENCIES","buildId":"d816ad61-9dbf-4772-b852-09cb8227ab56","level":30,"msg":"Running \"npm install\" in /home/expo/workingdir/build/mobile directory","time":"2026-02-22T23:14:06.857Z","v":0,"logId":"019c87a1-b189-7db5-bf4a-f5e5eeb2ba50"}
{"name":"worker","pid":937,"phase":"INSTALL_DEPENDENCIES","buildId":"d816ad61-9dbf-4772-b852-09cb8227ab56","source":"stderr","level":30,"msg":"npm","time":"2026-02-22T23:14:07.971Z","v":0,"logId":"019c87a1-b5e3-7158-a5cb-0639178a8678"}
{"name":"worker","pid":937,"phase":"INSTALL_DEPENDENCIES","buildId":"d816ad61-9dbf-4772-b852-09cb8227ab56","source":"stderr","level":30,"msg":"WARN EBADENGINE Unsupported engine {","time":"2026-02-22T23:14:07.971Z","v":0,"logId":"019c87a1-b5e3-7158-a5cb-063a09a7b459"}
{"name":"worker","pid":937,"phase":"INSTALL_DEPENDENCIES","buildId":"d816ad61-9dbf-4772-b852-09cb8227ab56","source":"stderr","level":30,"msg":"npm WARN EBADENGINE   package: '@react-native/babel-plugin-codegen@0.84.0',","time":"2026-02-22T23:14:07.971Z","v":0,"logId":"019c87a1-b5e3-7158-a5cb-063b8bf91cdd"}
{"name":"worker","pid":937,"phase":"INSTALL_DEPENDENCIES","buildId":"d816ad61-9dbf-4772-b852-09cb8227ab56","source":"stderr","level":30,"msg":"npm WARN EBADENGINE   required: { node: '>= 20.19.4' },","time":"2026-02-22T23:14:07.971Z","v":0,"logId":"019c87a1-b5e3-7158-a5cb-063c10539dfd"}
{"name":"worker","pid":937,"phase":"INSTALL_DEPENDENCIES","buildId":"d816ad61-9dbf-4772-b852-09cb8227ab56","source":"stderr","level":30,"msg":"npm WARN EBADENGINE   current: { node: 'v18.18.0', npm: '9.8.1' }","time":"2026-02-22T23:14:07.971Z","v":0,"logId":"019c87a1-b5e3-7158-a5cb-063d3dae2fd9"}
{"name":"worker","pid":937,"phase":"INSTALL_DEPENDENCIES","buildId":"d816ad61-9dbf-4772-b852-09cb8227ab56","source":"stderr","level":30,"msg":"npm WARN EBADENGINE }","time":"2026-02-22T23:14:07.971Z","v":0,"logId":"019c87a1-b5e3-7158-a5cb-063ea33c924b"}
{"name":"worker","pid":937,"phase":"INSTALL_DEPENDENCIES","buildId":"d816ad61-9dbf-4772-b852-09cb8227ab56","source":"stderr","level":30,"msg":"npm WARN EBADENGINE Unsupported engine {","time":"2026-02-22T23:14:07.971Z","v":0,"logId":"019c87a1-b5e3-7158-a5cb-063f137a7afd"}
{"name":"worker","pid":937,"phase":"INSTALL_DEPENDENCIES","buildId":"d816ad61-9dbf-4772-b852-09cb8227ab56","source":"stderr","level":30,"msg":"npm WARN EBADENGINE   package: '@react-native/babel-preset@0.84.0',","time":"2026-02-22T23:14:07.971Z","v":0,"logId":"019c87a1-b5e3-7158-a5cb-0640f43104e8"}
{"name":"worker","pid":937,"phase":"INSTALL_DEPENDENCIES","buildId":"d816ad61-9dbf-4772-b852-09cb8227ab56","source":"stderr","level":30,"msg":"npm WARN EBADENGINE   required: { node: '>= 20.19.4' },","time":"2026-02-22T23:14:07.971Z","v":0,"logId":"019c87a1-b5e3-7158-a5cb-06417238f9a6"}
{"name":"worker","pid":937,"phase":"INSTALL_DEPENDENCIES","buildId":"d816ad61-9dbf-4772-b852-09cb8227ab56","source":"stderr","level":30,"msg":"npm WARN","time":"2026-02-22T23:14:07.972Z","v":0,"logId":"019c87a1-b5e4-7f79-972a-84ebf2cb7b2d"}
{"name":"worker","pid":937,"phase":"INSTALL_DEPENDENCIES","buildId":"d816ad61-9dbf-4772-b852-09cb8227ab56","source":"stderr","level":30,"msg":"EBADENGINE   current: { node: 'v18.18.0', npm: '9.8.1' }","time":"2026-02-22T23:14:07.972Z","v":0,"logId":"019c87a1-b5e4-7f79-972a-84ec983576e5"}
{"name":"worker","pid":937,"phase":"INSTALL_DEPENDENCIES","buildId":"d816ad61-9dbf-4772-b852-09cb8227ab56","source":"stderr","level":30,"msg":"npm WARN EBADENGINE }","time":"2026-02-22T23:14:07.972Z","v":0,"logId":"019c87a1-b5e4-7f79-972a-84ed42380e8b"}
{"name":"worker","pid":937,"phase":"INSTALL_DEPENDENCIES","buildId":"d816ad61-9dbf-4772-b852-09cb8227ab56","source":"stderr","level":30,"msg":"npm WARN EBADENGINE","time":"2026-02-22T23:14:07.972Z","v":0,"logId":"019c87a1-b5e4-7f79-972a-84ee308d38ff"}
{"name":"worker","pid":937,"phase":"INSTALL_DEPENDENCIES","buildId":"d816ad61-9dbf-4772-b852-09cb8227ab56","source":"stderr","level":30,"msg":"Unsupported engine {","time":"2026-02-22T23:14:07.972Z","v":0,"logId":"019c87a1-b5e4-7f79-972a-84efbfd49bf9"}
{"name":"worker","pid":937,"phase":"INSTALL_DEPENDENCIES","buildId":"d816ad61-9dbf-4772-b852-09cb8227ab56","source":"stderr","level":30,"msg":"npm WARN EBADENGINE   package: '@react-native/codegen@0.84.0',","time":"2026-02-22T23:14:07.972Z","v":0,"logId":"019c87a1-b5e4-7f79-972a-84f007cc2efa"}
{"name":"worker","pid":937,"phase":"INSTALL_DEPENDENCIES","buildId":"d816ad61-9dbf-4772-b852-09cb8227ab56","source":"stderr","level":30,"msg":"npm WARN EBADENGINE   required: { node: '>= 20.19.4' },","time":"2026-02-22T23:14:07.972Z","v":0,"logId":"019c87a1-b5e4-7f79-972a-84f1bdb309ad"}
{"name":"worker","pid":937,"phase":"INSTALL_DEPENDENCIES","buildId":"d816ad61-9dbf-4772-b852-09cb8227ab56","source":"stderr","level":30,"msg":"npm WARN EBADENGINE   current: { node: 'v18.18.0', npm: '9.8.1' }","time":"2026-02-22T23:14:07.972Z","v":0,"logId":"019c87a1-b5e4-7f79-972a-84f28ea2340d"}
{"name":"worker","pid":937,"phase":"INSTALL_DEPENDENCIES","buildId":"d816ad61-9dbf-4772-b852-09cb8227ab56","source":"stderr","level":30,"msg":"npm WARN EBADENGINE }","time":"2026-02-22T23:14:07.972Z","v":0,"logId":"019c87a1-b5e4-7f79-972a-84f366f030a9"}
{"name":"worker","pid":937,"phase":"INSTALL_DEPENDENCIES","buildId":"d816ad61-9dbf-4772-b852-09cb8227ab56","source":"stderr","level":30,"msg":"npm WARN deprecated inflight@1.0.6: This module is not supported, and leaks memory. Do not use it. Check out lru-cache if you want a good and tested way to coalesce async requests by a key value, which is much more comprehensive and powerful.","time":"2026-02-22T23:14:09.918Z","v":0,"logId":"019c87a1-bd7f-78fd-a98d-a3b5b11ca373"}
{"name":"worker","pid":937,"phase":"INSTALL_DEPENDENCIES","buildId":"d816ad61-9dbf-4772-b852-09cb8227ab56","source":"stderr","level":30,"msg":"npm WARN deprecated glob@7.2.3: Old versions of glob are not supported, and contain widely publicized security vulnerabilities, which have been fixed in the current version. Please update. Support for old versions may be purchased (at exorbitant rates) by contacting i@izs.me","time":"2026-02-22T23:14:10.223Z","v":0,"logId":"019c87a1-beaf-796f-a15a-dc4b9460069c"}
{"name":"worker","pid":937,"phase":"INSTALL_DEPENDENCIES","buildId":"d816ad61-9dbf-4772-b852-09cb8227ab56","source":"stderr","level":30,"msg":"npm WARN deprecated sudo-prompt@9.2.1: Package no longer supported. Contact Support at https://www.npmjs.com/support for more info.","time":"2026-02-22T23:14:10.981Z","v":0,"logId":"019c87a1-c1a6-79ad-bc0e-bd96bcf64d09"}
{"name":"worker","pid":937,"phase":"INSTALL_DEPENDENCIES","buildId":"d816ad61-9dbf-4772-b852-09cb8227ab56","source":"stderr","level":30,"msg":"npm WARN deprecated rimraf@3.0.2: Rimraf versions prior to v4 are no longer supported","time":"2026-02-22T23:14:11.188Z","v":0,"logId":"019c87a1-c275-7ccb-bcf2-7fe4d8f62c05"}
{"name":"worker","pid":937,"phase":"INSTALL_DEPENDENCIES","buildId":"d816ad61-9dbf-4772-b852-09cb8227ab56","source":"stderr","level":30,"msg":"npm WARN deprecated osenv@0.1.5: This package is no longer supported.","time":"2026-02-22T23:14:11.519Z","v":0,"logId":"019c87a1-c3bf-7243-9c75-b8f95c310183"}
{"name":"worker","pid":937,"phase":"INSTALL_DEPENDENCIES","buildId":"d816ad61-9dbf-4772-b852-09cb8227ab56","source":"stderr","level":30,"msg":"npm WARN deprecated glob@7.1.6: Old versions of glob are not supported, and contain widely publicized security vulnerabilities, which have been fixed in the current version. Please update. Support for old versions may be purchased (at exorbitant rates) by contacting i@izs.me","time":"2026-02-22T23:14:11.836Z","v":0,"logId":"019c87a1-c4fc-7252-809c-d037d08cd0f0"}
{"name":"worker","pid":937,"phase":"INSTALL_DEPENDENCIES","buildId":"d816ad61-9dbf-4772-b852-09cb8227ab56","source":"stderr","level":30,"msg":"npm WARN deprecated tar@6.2.1: Old versions of tar are not supported, and contain widely publicized security vulnerabilities, which have been fixed in the current version. Please update. Support for old versions may be purchased (at exorbitant rates) by contacting i@izs.me","time":"2026-02-22T23:14:12.349Z","v":0,"logId":"019c87a1-c6fd-707a-9177-1da9ea94ceb1"}
{"name":"worker","pid":937,"phase":"INSTALL_DEPENDENCIES","buildId":"d816ad61-9dbf-4772-b852-09cb8227ab56","source":"stderr","level":30,"msg":"npm WARN","time":"2026-02-22T23:14:12.861Z","v":0,"logId":"019c87a1-c8fe-7aaa-82a5-b1380aeeb53e"}
{"name":"worker","pid":937,"phase":"INSTALL_DEPENDENCIES","buildId":"d816ad61-9dbf-4772-b852-09cb8227ab56","source":"stderr","level":30,"msg":"deprecated @npmcli/move-file@1.1.2: This functionality has been moved to @npmcli/fs","time":"2026-02-22T23:14:12.862Z","v":0,"logId":"019c87a1-c8fe-7aaa-82a5-b13923352625"}
{"name":"worker","pid":937,"phase":"INSTALL_DEPENDENCIES","buildId":"d816ad61-9dbf-4772-b852-09cb8227ab56","source":"stderr","level":30,"msg":"npm WARN deprecated @xmldom/xmldom@0.7.13: this version is no longer supported, please update to at least 0.8.*","time":"2026-02-22T23:14:13.220Z","v":0,"logId":"019c87a1-ca64-7f26-bccd-8d6fbe254708"}
{"name":"worker","pid":937,"phase":"INSTALL_DEPENDENCIES","buildId":"d816ad61-9dbf-4772-b852-09cb8227ab56","source":"stderr","level":30,"msg":"npm WARN deprecated @babel/plugin-proposal-optional-chaining@7.21.0: This proposal has been merged to the ECMAScript standard and thus this plugin is no longer maintained. Please use @babel/plugin-transform-optional-chaining instead.","time":"2026-02-22T23:14:13.409Z","v":0,"logId":"019c87a1-cb22-7b05-a48d-9072a9140365"}
{"name":"worker","pid":937,"phase":"INSTALL_DEPENDENCIES","buildId":"d816ad61-9dbf-4772-b852-09cb8227ab56","source":"stderr","level":30,"msg":"npm WARN deprecated @babel/plugin-proposal-optional-catch-binding@7.18.6: This proposal has been merged to the ECMAScript standard and thus this plugin is no longer maintained. Please use @babel/plugin-transform-optional-catch-binding instead.","time":"2026-02-22T23:14:13.441Z","v":0,"logId":"019c87a1-cb41-7ada-b210-e4f8e2b62a25"}
{"name":"worker","pid":937,"phase":"INSTALL_DEPENDENCIES","buildId":"d816ad61-9dbf-4772-b852-09cb8227ab56","source":"stderr","level":30,"msg":"npm WARN","time":"2026-02-22T23:14:13.441Z","v":0,"logId":"019c87a1-cb42-73f7-aeca-317d56ae162f"}
{"name":"worker","pid":937,"phase":"INSTALL_DEPENDENCIES","buildId":"d816ad61-9dbf-4772-b852-09cb8227ab56","source":"stderr","level":30,"msg":"deprecated @babel/plugin-proposal-numeric-separator@7.18.6: This proposal has been merged to the ECMAScript standard and thus this plugin is no longer maintained. Please use @babel/plugin-transform-numeric-separator instead.","time":"2026-02-22T23:14:13.442Z","v":0,"logId":"019c87a1-cb42-73f7-aeca-317e079c51d7"}
{"name":"worker","pid":937,"phase":"INSTALL_DEPENDENCIES","buildId":"d816ad61-9dbf-4772-b852-09cb8227ab56","source":"stderr","level":30,"msg":"npm WARN deprecated @babel/plugin-proposal-nullish-coalescing-operator@7.18.6: This proposal has been merged to the ECMAScript standard and thus this plugin is no longer maintained. Please use @babel/plugin-transform-nullish-coalescing-operator instead.","time":"2026-02-22T23:14:13.442Z","v":0,"logId":"019c87a1-cb42-73f7-aeca-317fd67ed754"}
{"name":"worker","pid":937,"phase":"INSTALL_DEPENDENCIES","buildId":"d816ad61-9dbf-4772-b852-09cb8227ab56","source":"stderr","level":30,"msg":"npm WARN deprecated @babel/plugin-proposal-class-properties@7.18.6: This proposal has been merged to the ECMAScript standard and thus this plugin is no longer maintained. Please use @babel/plugin-transform-class-properties instead.","time":"2026-02-22T23:14:13.454Z","v":0,"logId":"019c87a1-cb4e-77fb-8105-263e71d60402"}
{"name":"worker","pid":937,"phase":"INSTALL_DEPENDENCIES","buildId":"d816ad61-9dbf-4772-b852-09cb8227ab56","source":"stderr","level":30,"msg":"npm WARN deprecated @babel/plugin-proposal-async-generator-functions@7.20.7: This proposal has been merged to the ECMAScript standard and thus this plugin is no longer maintained. Please use @babel/plugin-transform-async-generator-functions instead.","time":"2026-02-22T23:14:13.630Z","v":0,"logId":"019c87a1-cbff-74c2-a644-bec931b075c3"}
{"name":"worker","pid":937,"phase":"INSTALL_DEPENDENCIES","buildId":"d816ad61-9dbf-4772-b852-09cb8227ab56","source":"stderr","level":30,"msg":"npm WARN deprecated @babel/plugin-proposal-object-rest-spread@7.20.7: This proposal has been merged to the ECMAScript standard and thus this plugin is no longer maintained. Please use @babel/plugin-transform-object-rest-spread instead.","time":"2026-02-22T23:14:13.650Z","v":0,"logId":"019c87a1-cc12-73d7-8967-8d8984fcbd8d"}
{"name":"worker","pid":937,"phase":"INSTALL_DEPENDENCIES","buildId":"d816ad61-9dbf-4772-b852-09cb8227ab56","source":"stderr","level":30,"msg":"npm WARN deprecated rimraf@2.6.3: Rimraf versions prior to v4 are no longer supported","time":"2026-02-22T23:14:13.748Z","v":0,"logId":"019c87a1-cc74-7fa7-b995-f6ab96513375"}
{"name":"worker","pid":937,"phase":"INSTALL_DEPENDENCIES","buildId":"d816ad61-9dbf-4772-b852-09cb8227ab56","source":"stderr","level":30,"msg":"npm WARN deprecated glob@7.1.6: Old versions of glob are not supported, and contain widely publicized security vulnerabilities, which have been fixed in the current version. Please update. Support for old versions may be purchased (at exorbitant rates) by contacting i@izs.me","time":"2026-02-22T23:14:13.801Z","v":0,"logId":"019c87a1-cca9-7a7a-bf70-2a1cb368ab21"}
{"name":"worker","pid":937,"phase":"INSTALL_DEPENDENCIES","buildId":"d816ad61-9dbf-4772-b852-09cb8227ab56","source":"stderr","level":30,"msg":"npm WARN deprecated glob@7.1.6: Old versions of glob are not supported, and contain widely publicized security vulnerabilities, which have been fixed in the current version. Please update. Support for old versions may be purchased (at exorbitant rates) by contacting i@izs.me","time":"2026-02-22T23:14:13.970Z","v":0,"logId":"019c87a1-cd52-7601-ae72-b94f363de061"}
{"name":"worker","pid":937,"phase":"INSTALL_DEPENDENCIES","buildId":"d816ad61-9dbf-4772-b852-09cb8227ab56","source":"stdout","level":30,"msg":"added 1166 packages, and audited 1167 packages in 15s","time":"2026-02-22T23:14:22.566Z","v":0,"logId":"019c87a1-eee6-7f08-b975-ef289fcd24f1"}
{"name":"worker","pid":937,"phase":"INSTALL_DEPENDENCIES","buildId":"d816ad61-9dbf-4772-b852-09cb8227ab56","source":"stdout","level":30,"msg":"157 packages are looking for funding","time":"2026-02-22T23:14:22.567Z","v":0,"logId":"019c87a1-eee7-75a3-b3ca-de1c07c00720"}
{"name":"worker","pid":937,"phase":"INSTALL_DEPENDENCIES","buildId":"d816ad61-9dbf-4772-b852-09cb8227ab56","source":"stdout","level":30,"msg":"  run `npm fund` for details","time":"2026-02-22T23:14:22.567Z","v":0,"logId":"019c87a1-eee7-75a3-b3ca-de1d86631e58"}
{"name":"worker","pid":937,"phase":"INSTALL_DEPENDENCIES","buildId":"d816ad61-9dbf-4772-b852-09cb8227ab56","source":"stdout","level":30,"msg":"43 vulnerabilities (1 low, 41 high, 1 critical)","time":"2026-02-22T23:14:22.779Z","v":0,"logId":"019c87a1-efbb-70ed-899e-ffe1b070eae2"}
{"name":"worker","pid":937,"phase":"INSTALL_DEPENDENCIES","buildId":"d816ad61-9dbf-4772-b852-09cb8227ab56","source":"stdout","level":30,"msg":"","time":"2026-02-22T23:14:22.779Z","v":0,"logId":"019c87a1-efbb-70ed-899e-ffe21ddc36df"}
{"name":"worker","pid":937,"phase":"INSTALL_DEPENDENCIES","buildId":"d816ad61-9dbf-4772-b852-09cb8227ab56","source":"stdout","level":30,"msg":"To address issues that do not require attention, run:","time":"2026-02-22T23:14:22.779Z","v":0,"logId":"019c87a1-efbc-7ea8-a47e-51dc97468816"}
{"name":"worker","pid":937,"phase":"INSTALL_DEPENDENCIES","buildId":"d816ad61-9dbf-4772-b852-09cb8227ab56","source":"stdout","level":30,"msg":"  npm audit fix","time":"2026-02-22T23:14:22.780Z","v":0,"logId":"019c87a1-efbc-7ea8-a47e-51dda6526111"}
{"name":"worker","pid":937,"phase":"INSTALL_DEPENDENCIES","buildId":"d816ad61-9dbf-4772-b852-09cb8227ab56","source":"stdout","level":30,"msg":"","time":"2026-02-22T23:14:22.780Z","v":0,"logId":"019c87a1-efbc-7ea8-a47e-51de96050e87"}
{"name":"worker","pid":937,"phase":"INSTALL_DEPENDENCIES","buildId":"d816ad61-9dbf-4772-b852-09cb8227ab56","source":"stdout","level":30,"msg":"To address all issues (including breaking changes), run:","time":"2026-02-22T23:14:22.780Z","v":0,"logId":"019c87a1-efbc-7ea8-a47e-51dfeefef7c0"}
{"name":"worker","pid":937,"phase":"INSTALL_DEPENDENCIES","buildId":"d816ad61-9dbf-4772-b852-09cb8227ab56","source":"stdout","level":30,"msg":"  npm audit fix --force","time":"2026-02-22T23:14:22.780Z","v":0,"logId":"019c87a1-efbc-7ea8-a47e-51e0e103a8bd"}
{"name":"worker","pid":937,"phase":"INSTALL_DEPENDENCIES","buildId":"d816ad61-9dbf-4772-b852-09cb8227ab56","source":"stdout","level":30,"msg":"","time":"2026-02-22T23:14:22.780Z","v":0,"logId":"019c87a1-efbc-7ea8-a47e-51e1e7bc6a72"}
{"name":"worker","pid":937,"phase":"INSTALL_DEPENDENCIES","buildId":"d816ad61-9dbf-4772-b852-09cb8227ab56","source":"stdout","level":30,"msg":"Run `npm audit` for details.","time":"2026-02-22T23:14:22.780Z","v":0,"logId":"019c87a1-efbc-7ea8-a47e-51e2ad6a9b86"}
{"name":"worker","pid":937,"phase":"INSTALL_DEPENDENCIES","buildId":"d816ad61-9dbf-4772-b852-09cb8227ab56","level":30,"marker":"END_PHASE","result":"success","durationMs":15942,"msg":"End phase: INSTALL_DEPENDENCIES","time":"2026-02-22T23:14:22.797Z","v":0,"logId":"019c87a1-efcd-714d-ae48-aca14058278e"}
{"name":"worker","pid":937,"phase":"READ_APP_CONFIG","buildId":"d816ad61-9dbf-4772-b852-09cb8227ab56","level":30,"marker":"START_PHASE","msg":"Start phase: READ_APP_CONFIG","time":"2026-02-22T23:14:22.797Z","v":0,"logId":"019c87a1-efcd-714d-ae48-aca2a8a2c1a5"}
{"name":"worker","pid":937,"phase":"READ_APP_CONFIG","buildId":"d816ad61-9dbf-4772-b852-09cb8227ab56","level":30,"msg":"Using app configuration:","time":"2026-02-22T23:14:22.863Z","v":0,"logId":"019c87a1-f00f-710c-af35-e49ae795b760"}
{"name":"worker","pid":937,"phase":"READ_APP_CONFIG","buildId":"d816ad61-9dbf-4772-b852-09cb8227ab56","level":30,"msg":"{\n  \"name\": \"TradeAid\",\n  \"slug\": \"tradeaid\",\n  \"version\": \"1.0.0\",\n  \"orientation\": \"portrait\",\n  \"icon\": \"./assets/icon.png\",\n  \"userInterfaceStyle\": \"dark\",\n  \"splash\": {\n    \"image\": \"./assets/splash.png\",\n    \"resizeMode\": \"contain\",\n    \"backgroundColor\": \"#0a0f0a\"\n  },\n  \"assetBundlePatterns\": [\n    \"**/*\"\n  ],\n  \"ios\": {\n    \"supportsTablet\": true,\n    \"bundleIdentifier\": \"com.tradeaid.app\",\n    \"buildNumber\": \"1\"\n  },\n  \"android\": {\n    \"adaptiveIcon\": {\n      \"foregroundImage\": \"./assets/adaptive-icon.png\",\n      \"backgroundColor\": \"#0a0f0a\"\n    },\n    \"package\": \"com.tradeaid.app\",\n    \"versionCode\": 1\n  },\n  \"web\": {\n    \"favicon\": \"./assets/favicon.png\"\n  },\n  \"extra\": {\n    \"apiUrl\": \"http://localhost:8000\",\n    \"eas\": {\n      \"projectId\": \"cafdcb5d-4be3-464e-a79e-d9776cf124cc\"\n    }\n  },\n  \"plugins\": [\n    \"expo-secure-store\"\n  ],\n  \"sdkVersion\": \"50.0.0\",\n  \"platforms\": [\n    \"ios\",\n    \"android\"\n  ]\n}","time":"2026-02-22T23:14:22.863Z","v":0,"logId":"019c87a1-f00f-710c-af35-e49b2d180882"}
{"name":"worker","pid":937,"phase":"READ_APP_CONFIG","buildId":"d816ad61-9dbf-4772-b852-09cb8227ab56","level":30,"marker":"END_PHASE","result":"success","durationMs":66,"msg":"End phase: READ_APP_CONFIG","time":"2026-02-22T23:14:22.863Z","v":0,"logId":"019c87a1-f00f-710c-af35-e49cbb26ed28"}
{"name":"worker","pid":937,"phase":"RUN_EXPO_DOCTOR","buildId":"d816ad61-9dbf-4772-b852-09cb8227ab56","level":30,"marker":"START_PHASE","msg":"Start phase: RUN_EXPO_DOCTOR","time":"2026-02-22T23:14:22.864Z","v":0,"logId":"019c87a1-f010-7b85-b261-57cf646c8ef6"}
{"name":"worker","pid":937,"phase":"RUN_EXPO_DOCTOR","buildId":"d816ad61-9dbf-4772-b852-09cb8227ab56","level":30,"msg":"Running \"expo doctor\"","time":"2026-02-22T23:14:22.864Z","v":0,"logId":"019c87a1-f010-7b85-b261-57d0458d8d92"}
{"name":"worker","pid":937,"phase":"RUN_EXPO_DOCTOR","buildId":"d816ad61-9dbf-4772-b852-09cb8227ab56","source":"stdout","level":30,"msg":"Running 15 checks on your project...","time":"2026-02-22T23:14:24.486Z","v":0,"logId":"019c87a1-f666-76c3-9d3b-b6564149c503"}
{"name":"worker","pid":937,"phase":"RUN_EXPO_DOCTOR","buildId":"d816ad61-9dbf-4772-b852-09cb8227ab56","source":"stdout","level":30,"msg":"13/15 checks passed. 2 checks failed. Possible issues detected:","time":"2026-02-22T23:14:28.964Z","v":0,"logId":"019c87a2-07e4-78fc-9247-565046f7063a"}
{"name":"worker","pid":937,"phase":"RUN_EXPO_DOCTOR","buildId":"d816ad61-9dbf-4772-b852-09cb8227ab56","source":"stdout","level":30,"msg":"Use the --verbose flag to see more details about passed checks.","time":"2026-02-22T23:14:28.964Z","v":0,"logId":"019c87a2-07e4-78fc-9247-5651e4e4c1ba"}
{"name":"worker","pid":937,"phase":"RUN_EXPO_DOCTOR","buildId":"d816ad61-9dbf-4772-b852-09cb8227ab56","source":"stdout","level":30,"msg":"✖ Check for app config fields that may not be synced in a non-CNG project","time":"2026-02-22T23:14:28.964Z","v":0,"logId":"019c87a2-07e4-78fc-9247-5652b35ff208"}
{"name":"worker","pid":937,"phase":"RUN_EXPO_DOCTOR","buildId":"d816ad61-9dbf-4772-b852-09cb8227ab56","source":"stdout","level":30,"msg":"This project contains native project folders but also has native configuration properties in app.config.js, indicating it is configured to use Prebuild. When the android/ios folders are present, EAS Build will not sync the following properties: orientation, icon, userInterfaceStyle, splash, ios, android, plugins. ","time":"2026-02-22T23:14:28.965Z","v":0,"logId":"019c87a2-07e5-7985-a6e3-8e9a1332c0b0"}
{"name":"worker","pid":937,"phase":"RUN_EXPO_DOCTOR","buildId":"d816ad61-9dbf-4772-b852-09cb8227ab56","source":"stdout","level":30,"msg":"","time":"2026-02-22T23:14:28.965Z","v":0,"logId":"019c87a2-07e5-7985-a6e3-8e9b74649893"}
{"name":"worker","pid":937,"phase":"RUN_EXPO_DOCTOR","buildId":"d816ad61-9dbf-4772-b852-09cb8227ab56","source":"stdout","level":30,"msg":"Advice:","time":"2026-02-22T23:14:28.965Z","v":0,"logId":"019c87a2-07e5-7985-a6e3-8e9cd020dd00"}
{"name":"worker","pid":937,"phase":"RUN_EXPO_DOCTOR","buildId":"d816ad61-9dbf-4772-b852-09cb8227ab56","source":"stdout","level":30,"msg":"Add '/android' to your .gitignore file if you intend to use CNG / Prebuild. Learn more: https://docs.expo.dev/workflow/prebuild/#usage-with-eas-build","time":"2026-02-22T23:14:28.965Z","v":0,"logId":"019c87a2-07e5-7985-a6e3-8e9d7c0f24a6"}
{"name":"worker","pid":937,"phase":"RUN_EXPO_DOCTOR","buildId":"d816ad61-9dbf-4772-b852-09cb8227ab56","source":"stdout","level":30,"msg":"","time":"2026-02-22T23:14:28.965Z","v":0,"logId":"019c87a2-07e5-7985-a6e3-8e9e0e33b05b"}
{"name":"worker","pid":937,"phase":"RUN_EXPO_DOCTOR","buildId":"d816ad61-9dbf-4772-b852-09cb8227ab56","source":"stdout","level":30,"msg":"✖ Check that packages match versions required by installed Expo SDK","time":"2026-02-22T23:14:28.965Z","v":0,"logId":"019c87a2-07e5-7985-a6e3-8e9fdf1dede6"}
{"name":"worker","pid":937,"phase":"RUN_EXPO_DOCTOR","buildId":"d816ad61-9dbf-4772-b852-09cb8227ab56","source":"stdout","level":30,"msg":"The following packages should be updated for best compatibility with the installed expo version:","time":"2026-02-22T23:14:28.965Z","v":0,"logId":"019c87a2-07e5-7985-a6e3-8ea05c2d98ac"}
{"name":"worker","pid":937,"phase":"RUN_EXPO_DOCTOR","buildId":"d816ad61-9dbf-4772-b852-09cb8227ab56","source":"stdout","level":30,"msg":"  react-native@0.73.2 - expected version: 0.73.6","time":"2026-02-22T23:14:28.965Z","v":0,"logId":"019c87a2-07e5-7985-a6e3-8ea17e721e95"}
{"name":"worker","pid":937,"phase":"RUN_EXPO_DOCTOR","buildId":"d816ad61-9dbf-4772-b852-09cb8227ab56","source":"stdout","level":30,"msg":"Your project may not work correctly until you install the correct versions of the packages.","time":"2026-02-22T23:14:28.965Z","v":0,"logId":"019c87a2-07e5-7985-a6e3-8ea2564e9db5"}
{"name":"worker","pid":937,"phase":"RUN_EXPO_DOCTOR","buildId":"d816ad61-9dbf-4772-b852-09cb8227ab56","source":"stdout","level":30,"msg":"Found outdated dependencies","time":"2026-02-22T23:14:28.965Z","v":0,"logId":"019c87a2-07e5-7985-a6e3-8ea39dd4b413"}
{"name":"worker","pid":937,"phase":"RUN_EXPO_DOCTOR","buildId":"d816ad61-9dbf-4772-b852-09cb8227ab56","source":"stdout","level":30,"msg":"Advice:","time":"2026-02-22T23:14:28.965Z","v":0,"logId":"019c87a2-07e5-7985-a6e3-8ea499ead01a"}
{"name":"worker","pid":937,"phase":"RUN_EXPO_DOCTOR","buildId":"d816ad61-9dbf-4772-b852-09cb8227ab56","source":"stdout","level":30,"msg":"Use 'npx expo install --check' to review and upgrade your dependencies.","time":"2026-02-22T23:14:28.965Z","v":0,"logId":"019c87a2-07e5-7985-a6e3-8ea50b8a4523"}
{"name":"worker","pid":937,"phase":"RUN_EXPO_DOCTOR","buildId":"d816ad61-9dbf-4772-b852-09cb8227ab56","source":"stdout","level":30,"msg":"To ignore specific packages, add them to \"expo.install.exclude\" in package.json. Learn more: https://expo.fyi/dependency-validation","time":"2026-02-22T23:14:28.965Z","v":0,"logId":"019c87a2-07e5-7985-a6e3-8ea6a5a30edc"}
{"name":"worker","pid":937,"phase":"RUN_EXPO_DOCTOR","buildId":"d816ad61-9dbf-4772-b852-09cb8227ab56","source":"stderr","level":30,"msg":"2 checks failed, indicating possible issues with the project.","time":"2026-02-22T23:14:28.965Z","v":0,"logId":"019c87a2-07e5-7985-a6e3-8ea7a121c48d"}
{"name":"worker","pid":937,"phase":"RUN_EXPO_DOCTOR","buildId":"d816ad61-9dbf-4772-b852-09cb8227ab56","level":50,"err":{"message":"npx -y expo-doctor exited with non-zero code: 1","name":"Error","stack":"Error: npx -y expo-doctor exited with non-zero code: 1\n    at ChildProcess.completionListener (/usr/local/eas-build-worker/node_modules/@expo/spawn-async/build/spawnAsync.js:42:23)\n    at Object.onceWrapper (node:events:632:26)\n    at ChildProcess.emit (node:events:517:28)\n    at ChildProcess.emit (node:domain:489:12)\n    at maybeClose (node:internal/child_process:1098:16)\n    at ChildProcess._handle.onexit (node:internal/child_process:303:5)\n    ...\n    at spawnAsync (/usr/local/eas-build-worker/node_modules/@expo/spawn-async/build/spawnAsync.js:7:23)\n    at spawn (/usr/local/eas-build-worker/packages/turtle-spawn/dist/index.js:16:47)\n    at runExpoDoctor (/usr/local/eas-build-worker/packages/build-tools/dist/common/setup.js:143:52)\n    at process.processTicksAndRejections (node:internal/process/task_queues:95:5)\n    at async /usr/local/eas-build-worker/packages/build-tools/dist/common/setup.js:122:17\n    at async BuildContext.runBuildPhase (/usr/local/eas-build-worker/packages/build-tools/dist/context.js:123:28)\n    at async setupAsync (/usr/local/eas-build-worker/packages/build-tools/dist/common/setup.js:120:9)\n    at async buildAsync (/usr/local/eas-build-worker/packages/build-tools/dist/builders/android.js:41:5)\n    at async runBuilderWithHooksAsync (/usr/local/eas-build-worker/packages/build-tools/dist/builders/common.js:12:13)\n    at async Object.androidBuilder (/usr/local/eas-build-worker/packages/build-tools/dist/builders/android.js:28:16)","signal":null},"msg":"Command \"expo doctor\" failed.","time":"2026-02-22T23:14:28.986Z","v":0,"logId":"019c87a2-07fa-7465-bee6-34e5fa2c62dd"}
{"name":"worker","pid":937,"phase":"RUN_EXPO_DOCTOR","buildId":"d816ad61-9dbf-4772-b852-09cb8227ab56","level":30,"marker":"END_PHASE","result":"warning","durationMs":6122,"msg":"End phase: RUN_EXPO_DOCTOR","time":"2026-02-22T23:14:28.986Z","v":0,"logId":"019c87a2-07fa-7465-bee6-34e67c698b7e"}
{"name":"worker","pid":937,"phase":"FIX_GRADLEW","buildId":"d816ad61-9dbf-4772-b852-09cb8227ab56","level":30,"marker":"START_PHASE","msg":"Start phase: FIX_GRADLEW","time":"2026-02-22T23:14:28.987Z","v":0,"logId":"019c87a2-07fb-7f44-b971-7475d8cf5131"}
{"name":"worker","pid":937,"phase":"FIX_GRADLEW","buildId":"d816ad61-9dbf-4772-b852-09cb8227ab56","level":30,"marker":"END_PHASE","result":"success","durationMs":0,"msg":"End phase: FIX_GRADLEW","time":"2026-02-22T23:14:28.988Z","v":0,"logId":"019c87a2-07fc-7194-962b-3a09a0794fb7"}
{"name":"worker","pid":937,"phase":"PREBUILD","buildId":"d816ad61-9dbf-4772-b852-09cb8227ab56","level":30,"marker":"START_PHASE","msg":"Start phase: PREBUILD","time":"2026-02-22T23:14:28.988Z","v":0,"logId":"019c87a2-07fc-7194-962b-3a0aca53d40f"}
{"name":"worker","pid":937,"phase":"PREBUILD","buildId":"d816ad61-9dbf-4772-b852-09cb8227ab56","level":30,"msg":"Skipped running \"expo prebuild\" because the \"android\" directory already exists. Learn more about the build process: https://docs.expo.dev/build-reference/android-builds/","time":"2026-02-22T23:14:28.988Z","v":0,"logId":"019c87a2-07fc-7194-962b-3a0b77e65fd8"}
{"name":"worker","pid":937,"phase":"PREBUILD","buildId":"d816ad61-9dbf-4772-b852-09cb8227ab56","level":30,"marker":"END_PHASE","result":"skipped","durationMs":0,"msg":"End phase: PREBUILD","time":"2026-02-22T23:14:28.988Z","v":0,"logId":"019c87a2-07fc-7194-962b-3a0c939b6374"}
{"name":"worker","pid":937,"phase":"RESTORE_CACHE","buildId":"d816ad61-9dbf-4772-b852-09cb8227ab56","level":30,"marker":"START_PHASE","msg":"Start phase: RESTORE_CACHE","time":"2026-02-22T23:14:28.988Z","v":0,"logId":"019c87a2-07fc-7194-962b-3a0d229337da"}
{"name":"worker","pid":937,"phase":"RESTORE_CACHE","buildId":"d816ad61-9dbf-4772-b852-09cb8227ab56","level":30,"marker":"END_PHASE","result":"success","durationMs":6,"msg":"End phase: RESTORE_CACHE","time":"2026-02-22T23:14:28.995Z","v":0,"logId":"019c87a2-0803-767d-9b5a-6f06e90cad68"}
{"name":"worker","pid":937,"phase":"POST_INSTALL_HOOK","buildId":"d816ad61-9dbf-4772-b852-09cb8227ab56","level":30,"marker":"START_PHASE","msg":"Start phase: POST_INSTALL_HOOK","time":"2026-02-22T23:14:28.995Z","v":0,"logId":"019c87a2-0803-767d-9b5a-6f074c5ee444"}
{"name":"worker","pid":937,"phase":"POST_INSTALL_HOOK","buildId":"d816ad61-9dbf-4772-b852-09cb8227ab56","level":30,"marker":"END_PHASE","result":"success","durationMs":0,"msg":"End phase: POST_INSTALL_HOOK","time":"2026-02-22T23:14:28.995Z","v":0,"logId":"019c87a2-0803-767d-9b5a-6f08a60bf879"}
{"name":"worker","pid":937,"phase":"CALCULATE_EXPO_UPDATES_RUNTIME_VERSION","buildId":"d816ad61-9dbf-4772-b852-09cb8227ab56","level":30,"marker":"START_PHASE","msg":"Start phase: CALCULATE_EXPO_UPDATES_RUNTIME_VERSION","time":"2026-02-22T23:14:28.996Z","v":0,"logId":"019c87a2-0804-75c1-a645-3f249cc0f303"}
{"name":"worker","pid":937,"phase":"CALCULATE_EXPO_UPDATES_RUNTIME_VERSION","buildId":"d816ad61-9dbf-4772-b852-09cb8227ab56","level":30,"marker":"END_PHASE","result":"success","durationMs":0,"msg":"End phase: CALCULATE_EXPO_UPDATES_RUNTIME_VERSION","time":"2026-02-22T23:14:28.996Z","v":0,"logId":"019c87a2-0804-75c1-a645-3f252fa3f3c6"}
{"name":"worker","pid":937,"phase":"PREPARE_CREDENTIALS","buildId":"d816ad61-9dbf-4772-b852-09cb8227ab56","level":30,"marker":"START_PHASE","msg":"Start phase: PREPARE_CREDENTIALS","time":"2026-02-22T23:14:28.996Z","v":0,"logId":"019c87a2-0804-75c1-a645-3f26fba42824"}
{"name":"worker","pid":937,"phase":"PREPARE_CREDENTIALS","buildId":"d816ad61-9dbf-4772-b852-09cb8227ab56","level":30,"msg":"Writing secrets to the project's directory","time":"2026-02-22T23:14:28.996Z","v":0,"logId":"019c87a2-0804-75c1-a645-3f279200e22a"}
{"name":"worker","pid":937,"phase":"PREPARE_CREDENTIALS","buildId":"d816ad61-9dbf-4772-b852-09cb8227ab56","level":30,"msg":"Injecting signing config into build.gradle","time":"2026-02-22T23:14:28.997Z","v":0,"logId":"019c87a2-0805-7e77-8f7b-eaff084f6b5e"}
{"name":"worker","pid":937,"phase":"PREPARE_CREDENTIALS","buildId":"d816ad61-9dbf-4772-b852-09cb8227ab56","level":30,"marker":"END_PHASE","result":"success","durationMs":5,"msg":"End phase: PREPARE_CREDENTIALS","time":"2026-02-22T23:14:29.001Z","v":0,"logId":"019c87a2-0809-76a6-9a11-f708daf75dcc"}
{"name":"worker","pid":937,"phase":"CONFIGURE_EXPO_UPDATES","buildId":"d816ad61-9dbf-4772-b852-09cb8227ab56","level":30,"marker":"START_PHASE","msg":"Start phase: CONFIGURE_EXPO_UPDATES","time":"2026-02-22T23:14:29.001Z","v":0,"logId":"019c87a2-0809-76a6-9a11-f709bb3c5dee"}
{"name":"worker","pid":937,"phase":"CONFIGURE_EXPO_UPDATES","buildId":"d816ad61-9dbf-4772-b852-09cb8227ab56","level":30,"marker":"END_PHASE","result":"success","durationMs":1,"msg":"End phase: CONFIGURE_EXPO_UPDATES","time":"2026-02-22T23:14:29.002Z","v":0,"logId":"019c87a2-080a-7116-a9b2-6109c0b404d5"}
{"name":"worker","pid":937,"phase":"RUN_GRADLEW","buildId":"d816ad61-9dbf-4772-b852-09cb8227ab56","level":30,"marker":"START_PHASE","msg":"Start phase: RUN_GRADLEW","time":"2026-02-22T23:14:29.002Z","v":0,"logId":"019c87a2-080a-7116-a9b2-610a9e9bb65d"}
{"name":"worker","pid":937,"phase":"RUN_GRADLEW","buildId":"d816ad61-9dbf-4772-b852-09cb8227ab56","level":30,"msg":"Running 'gradlew :app:assembleRelease' in /home/expo/workingdir/build/mobile/android","time":"2026-02-22T23:14:29.002Z","v":0,"logId":"019c87a2-080a-7116-a9b2-610b8bf2a598"}
{"name":"worker","pid":937,"phase":"RUN_GRADLEW","buildId":"d816ad61-9dbf-4772-b852-09cb8227ab56","source":"stdout","level":30,"msg":"Welcome to Gradle 8.3!","time":"2026-02-22T23:14:29.921Z","v":0,"logId":"019c87a2-0ba2-7d4f-967b-3a6ab8e4b124"}
{"name":"worker","pid":937,"phase":"RUN_GRADLEW","buildId":"d816ad61-9dbf-4772-b852-09cb8227ab56","source":"stdout","level":30,"msg":"Here are the highlights of this release:","time":"2026-02-22T23:14:29.922Z","v":0,"logId":"019c87a2-0ba2-7d4f-967b-3a6bafd5d21b"}
{"name":"worker","pid":937,"phase":"RUN_GRADLEW","buildId":"d816ad61-9dbf-4772-b852-09cb8227ab56","source":"stdout","level":30,"msg":"- Faster Java compilation","time":"2026-02-22T23:14:29.922Z","v":0,"logId":"019c87a2-0ba2-7d4f-967b-3a6cdb19ee0e"}
{"name":"worker","pid":937,"phase":"RUN_GRADLEW","buildId":"d816ad61-9dbf-4772-b852-09cb8227ab56","source":"stdout","level":30,"msg":" - Reduced memory usage","time":"2026-02-22T23:14:29.923Z","v":0,"logId":"019c87a2-0ba3-7d7a-8a02-5940e532af29"}
{"name":"worker","pid":937,"phase":"RUN_GRADLEW","buildId":"d816ad61-9dbf-4772-b852-09cb8227ab56","source":"stdout","level":30,"msg":" - Support for running on Java 20","time":"2026-02-22T23:14:29.923Z","v":0,"logId":"019c87a2-0ba3-7d7a-8a02-5941659a9365"}
{"name":"worker","pid":937,"phase":"RUN_GRADLEW","buildId":"d816ad61-9dbf-4772-b852-09cb8227ab56","source":"stdout","level":30,"msg":"For more details see https://docs.gradle.org/8.3/release-notes.html","time":"2026-02-22T23:14:29.923Z","v":0,"logId":"019c87a2-0ba3-7d7a-8a02-5942fda0c03a"}
{"name":"worker","pid":937,"phase":"RUN_GRADLEW","buildId":"d816ad61-9dbf-4772-b852-09cb8227ab56","source":"stdout","level":30,"msg":"To honour the JVM settings for this build a single-use Daemon process will be forked. For more on this, please refer to https://docs.gradle.org/8.3/userguide/gradle_daemon.html#sec:disabling_the_daemon in the Gradle documentation.","time":"2026-02-22T23:14:30.020Z","v":0,"logId":"019c87a2-0c05-7364-bd1e-ec8698be0f7d"}
{"name":"worker","pid":937,"phase":"RUN_GRADLEW","buildId":"d816ad61-9dbf-4772-b852-09cb8227ab56","source":"stdout","level":30,"msg":"Daemon will be stopped at the end of the build","time":"2026-02-22T23:14:31.120Z","v":0,"logId":"019c87a2-1050-7954-94b0-4442bd260de1"}
{"name":"worker","pid":937,"phase":"RUN_GRADLEW","buildId":"d816ad61-9dbf-4772-b852-09cb8227ab56","source":"stdout","level":30,"msg":"Path for java installation '/usr/lib/jvm/openjdk-17' (Common Linux Locations) does not contain a java executable","time":"2026-02-22T23:15:14.920Z","v":0,"logId":"019c87a2-bb68-7219-958f-40e3a5c43fc0"}
{"name":"worker","pid":937,"phase":"RUN_GRADLEW","buildId":"d816ad61-9dbf-4772-b852-09cb8227ab56","source":"stdout","level":30,"msg":"> Task :gradle-plugin:pluginDescriptors","time":"2026-02-22T23:15:18.021Z","v":0,"logId":"019c87a2-c786-75e1-84e3-909ac496a1c2"}
{"name":"worker","pid":937,"phase":"RUN_GRADLEW","buildId":"d816ad61-9dbf-4772-b852-09cb8227ab56","source":"stdout","level":30,"msg":"> Task :gradle-plugin:processResources","time":"2026-02-22T23:15:18.022Z","v":0,"logId":"019c87a2-c786-75e1-84e3-909b85ae24bb"}
{"name":"worker","pid":937,"phase":"RUN_GRADLEW","buildId":"d816ad61-9dbf-4772-b852-09cb8227ab56","source":"stdout","level":30,"msg":"> Task :gradle-plugin:compileKotlin","time":"2026-02-22T23:15:28.820Z","v":0,"logId":"019c87a2-f1b4-78ea-b2a6-99e3c976a386"}
{"name":"worker","pid":937,"phase":"RUN_GRADLEW","buildId":"d816ad61-9dbf-4772-b852-09cb8227ab56","source":"stdout","level":30,"msg":"> Task :gradle-plugin:compileJava NO-SOURCE","time":"2026-02-22T23:15:28.820Z","v":0,"logId":"019c87a2-f1b4-78ea-b2a6-99e4e9490fda"}
{"name":"worker","pid":937,"phase":"RUN_GRADLEW","buildId":"d816ad61-9dbf-4772-b852-09cb8227ab56","source":"stdout","level":30,"msg":"> Task :gradle-plugin:classes","time":"2026-02-22T23:15:28.820Z","v":0,"logId":"019c87a2-f1b4-78ea-b2a6-99e576539ec8"}
{"name":"worker","pid":937,"phase":"RUN_GRADLEW","buildId":"d816ad61-9dbf-4772-b852-09cb8227ab56","source":"stdout","level":30,"msg":"> Task :gradle-plugin:jar","time":"2026-02-22T23:15:28.922Z","v":0,"logId":"019c87a2-f21a-7d7b-99d9-81805ba7872d"}
{"name":"worker","pid":937,"phase":"RUN_GRADLEW","buildId":"d816ad61-9dbf-4772-b852-09cb8227ab56","source":"stdout","level":30,"msg":"> Task :gradle-plugin:inspectClassesForKotlinIC","time":"2026-02-22T23:15:28.922Z","v":0,"logId":"019c87a2-f21b-7a1e-b1bc-e8572010cedc"}
{"name":"worker","pid":937,"phase":"RUN_GRADLEW","buildId":"d816ad61-9dbf-4772-b852-09cb8227ab56","source":"stdout","level":30,"msg":"> Configure project :expo-modules-core$android-annotation","time":"2026-02-22T23:15:47.020Z","v":0,"logId":"019c87a3-38cc-784c-8a8b-fd2cd2d6d9c0"}
{"name":"worker","pid":937,"phase":"RUN_GRADLEW","buildId":"d816ad61-9dbf-4772-b852-09cb8227ab56","source":"stdout","level":30,"msg":"Path for java installation '/usr/lib/jvm/openjdk-17' (Common Linux Locations) does not contain a java executable","time":"2026-02-22T23:15:47.020Z","v":0,"logId":"019c87a3-38cc-784c-8a8b-fd2dee288dad"}
{"name":"worker","pid":937,"phase":"RUN_GRADLEW","buildId":"d816ad61-9dbf-4772-b852-09cb8227ab56","source":"stdout","level":30,"msg":"> Configure project :expo","time":"2026-02-22T23:15:47.620Z","v":0,"logId":"019c87a3-3b24-7531-b681-6145ce75cfdf"}
{"name":"worker","pid":937,"phase":"RUN_GRADLEW","buildId":"d816ad61-9dbf-4772-b852-09cb8227ab56","source":"stdout","level":30,"msg":"Using expo modules","time":"2026-02-22T23:15:47.620Z","v":0,"logId":"019c87a3-3b24-7531-b681-6146abdaff5d"}
{"name":"worker","pid":937,"phase":"RUN_GRADLEW","buildId":"d816ad61-9dbf-4772-b852-09cb8227ab56","source":"stdout","level":30,"msg":"- \u001b[32mexpo-application\u001b[0m (5.8.4)","time":"2026-02-22T23:15:47.621Z","v":0,"logId":"019c87a3-3b25-71bc-8c72-338996765a43"}
{"name":"worker","pid":937,"phase":"RUN_GRADLEW","buildId":"d816ad61-9dbf-4772-b852-09cb8227ab56","source":"stdout","level":30,"msg":"  - \u001b[32mexpo-constants\u001b[0m (15.4.6)","time":"2026-02-22T23:15:47.621Z","v":0,"logId":"019c87a3-3b25-71bc-8c72-338a668777db"}
{"name":"worker","pid":937,"phase":"RUN_GRADLEW","buildId":"d816ad61-9dbf-4772-b852-09cb8227ab56","source":"stdout","level":30,"msg":"- \u001b[32mexpo-crypto\u001b[0m (12.8.1)","time":"2026-02-22T23:15:47.621Z","v":0,"logId":"019c87a3-3b25-71bc-8c72-338b4dd128f0"}
{"name":"worker","pid":937,"phase":"RUN_GRADLEW","buildId":"d816ad61-9dbf-4772-b852-09cb8227ab56","source":"stdout","level":30,"msg":"  - \u001b[32mexpo-file-system\u001b[0m (16.0.9)","time":"2026-02-22T23:15:47.621Z","v":0,"logId":"019c87a3-3b25-71bc-8c72-338c29f0f465"}
{"name":"worker","pid":937,"phase":"RUN_GRADLEW","buildId":"d816ad61-9dbf-4772-b852-09cb8227ab56","source":"stdout","level":30,"msg":"- \u001b[32mexpo-font\u001b[0m (11.10.3)","time":"2026-02-22T23:15:47.622Z","v":0,"logId":"019c87a3-3b27-7b66-9a12-06b11c72ab95"}
{"name":"worker","pid":937,"phase":"RUN_GRADLEW","buildId":"d816ad61-9dbf-4772-b852-09cb8227ab56","source":"stdout","level":30,"msg":"  - \u001b[32mexpo-keep-awake\u001b[0m (12.8.2)","time":"2026-02-22T23:15:47.623Z","v":0,"logId":"019c87a3-3b27-7b66-9a12-06b26e665bec"}
{"name":"worker","pid":937,"phase":"RUN_GRADLEW","buildId":"d816ad61-9dbf-4772-b852-09cb8227ab56","source":"stdout","level":30,"msg":"  - \u001b[32mexpo-linear-gradient\u001b[0m (12.7.2)","time":"2026-02-22T23:15:47.623Z","v":0,"logId":"019c87a3-3b27-7b66-9a12-06b317813152"}
{"name":"worker","pid":937,"phase":"RUN_GRADLEW","buildId":"d816ad61-9dbf-4772-b852-09cb8227ab56","source":"stdout","level":30,"msg":"  - \u001b[32mexpo-modules-core\u001b[0m (1.11.14)","time":"2026-02-22T23:15:47.623Z","v":0,"logId":"019c87a3-3b27-7b66-9a12-06b485d2d2de"}
{"name":"worker","pid":937,"phase":"RUN_GRADLEW","buildId":"d816ad61-9dbf-4772-b852-09cb8227ab56","source":"stdout","level":30,"msg":"  - \u001b[32mexpo-modules-core$android-annotation\u001b[0m (1.11.14)","time":"2026-02-22T23:15:47.623Z","v":0,"logId":"019c87a3-3b27-7b66-9a12-06b54e3c921a"}
{"name":"worker","pid":937,"phase":"RUN_GRADLEW","buildId":"d816ad61-9dbf-4772-b852-09cb8227ab56","source":"stdout","level":30,"msg":"- \u001b[32mexpo-modules-core$android-annotation-processor\u001b[0m (1.11.14)","time":"2026-02-22T23:15:47.624Z","v":0,"logId":"019c87a3-3b28-7d03-b88b-b93e7cafd8da"}
{"name":"worker","pid":937,"phase":"RUN_GRADLEW","buildId":"d816ad61-9dbf-4772-b852-09cb8227ab56","source":"stdout","level":30,"msg":"- \u001b[32mexpo-secure-store\u001b[0m (12.8.1)","time":"2026-02-22T23:15:47.625Z","v":0,"logId":"019c87a3-3b29-70d6-8aa9-9b075f4550dc"}
{"name":"worker","pid":937,"phase":"RUN_GRADLEW","buildId":"d816ad61-9dbf-4772-b852-09cb8227ab56","source":"stdout","level":30,"msg":"  - \u001b[32mexpo-web-browser\u001b[0m (12.8.2)","time":"2026-02-22T23:15:47.625Z","v":0,"logId":"019c87a3-3b29-70d6-8aa9-9b089eaa1d5a"}
{"name":"worker","pid":937,"phase":"RUN_GRADLEW","buildId":"d816ad61-9dbf-4772-b852-09cb8227ab56","source":"stdout","level":30,"msg":"Checking the license for package Android SDK Build-Tools 34 in /home/expo/Android/Sdk/licenses","time":"2026-02-22T23:15:59.320Z","v":0,"logId":"019c87a3-68d8-7545-9877-0f3ea0fee206"}
{"name":"worker","pid":937,"phase":"RUN_GRADLEW","buildId":"d816ad61-9dbf-4772-b852-09cb8227ab56","source":"stdout","level":30,"msg":"License for package Android SDK Build-Tools 34 accepted.","time":"2026-02-22T23:15:59.320Z","v":0,"logId":"019c87a3-68d8-7545-9877-0f3f61caf607"}
{"name":"worker","pid":937,"phase":"RUN_GRADLEW","buildId":"d816ad61-9dbf-4772-b852-09cb8227ab56","source":"stdout","level":30,"msg":"Preparing \"Install Android SDK Build-Tools 34 v.34.0.0\".","time":"2026-02-22T23:15:59.320Z","v":0,"logId":"019c87a3-68d8-7545-9877-0f40aa19249f"}
{"name":"worker","pid":937,"phase":"RUN_GRADLEW","buildId":"d816ad61-9dbf-4772-b852-09cb8227ab56","source":"stdout","level":30,"msg":"\"Install Android SDK Build-Tools 34 v.34.0.0\" ready.","time":"2026-02-22T23:16:00.620Z","v":0,"logId":"019c87a3-6dec-7737-8058-1a519010ed57"}
{"name":"worker","pid":937,"phase":"RUN_GRADLEW","buildId":"d816ad61-9dbf-4772-b852-09cb8227ab56","source":"stdout","level":30,"msg":"Installing Android SDK Build-Tools 34 in /home/expo/Android/Sdk/build-tools/34.0.0","time":"2026-02-22T23:16:00.624Z","v":0,"logId":"019c87a3-6df0-7471-8378-4a7891f32ace"}
{"name":"worker","pid":937,"phase":"RUN_GRADLEW","buildId":"d816ad61-9dbf-4772-b852-09cb8227ab56","source":"stdout","level":30,"msg":"\"Install Android SDK Build-Tools 34 v.34.0.0\" complete.","time":"2026-02-22T23:16:00.624Z","v":0,"logId":"019c87a3-6df0-7471-8378-4a79c6ee509f"}
{"name":"worker","pid":937,"phase":"RUN_GRADLEW","buildId":"d816ad61-9dbf-4772-b852-09cb8227ab56","source":"stdout","level":30,"msg":"\"Install Android SDK Build-Tools 34 v.34.0.0\" finished.","time":"2026-02-22T23:16:00.720Z","v":0,"logId":"019c87a3-6e50-755a-a566-0a41525f6144"}
{"name":"worker","pid":937,"phase":"RUN_GRADLEW","buildId":"d816ad61-9dbf-4772-b852-09cb8227ab56","source":"stdout","level":30,"msg":"Checking the license for package Android SDK Platform 34 in /home/expo/Android/Sdk/licenses","time":"2026-02-22T23:16:00.720Z","v":0,"logId":"019c87a3-6e50-755a-a566-0a42aea6f786"}
{"name":"worker","pid":937,"phase":"RUN_GRADLEW","buildId":"d816ad61-9dbf-4772-b852-09cb8227ab56","source":"stdout","level":30,"msg":"License for package Android SDK Platform 34 accepted.","time":"2026-02-22T23:16:00.720Z","v":0,"logId":"019c87a3-6e50-755a-a566-0a43f4843791"}
{"name":"worker","pid":937,"phase":"RUN_GRADLEW","buildId":"d816ad61-9dbf-4772-b852-09cb8227ab56","source":"stdout","level":30,"msg":"Preparing \"Install Android SDK Platform 34 (revision 3)\".","time":"2026-02-22T23:16:00.720Z","v":0,"logId":"019c87a3-6e50-755a-a566-0a44b5754a31"}
{"name":"worker","pid":937,"phase":"RUN_GRADLEW","buildId":"d816ad61-9dbf-4772-b852-09cb8227ab56","source":"stdout","level":30,"msg":"\"Install Android SDK Platform 34 (revision 3)\" ready.","time":"2026-02-22T23:16:02.820Z","v":0,"logId":"019c87a3-7684-7de3-ab94-52861dc1729e"}
{"name":"worker","pid":937,"phase":"RUN_GRADLEW","buildId":"d816ad61-9dbf-4772-b852-09cb8227ab56","source":"stdout","level":30,"msg":"Installing Android SDK Platform 34 in /home/expo/Android/Sdk/platforms/android-34","time":"2026-02-22T23:16:02.820Z","v":0,"logId":"019c87a3-7684-7de3-ab94-5287fc931db9"}
{"name":"worker","pid":937,"phase":"RUN_GRADLEW","buildId":"d816ad61-9dbf-4772-b852-09cb8227ab56","source":"stdout","level":30,"msg":"\"Install Android SDK Platform 34 (revision 3)\" complete.","time":"2026-02-22T23:16:02.820Z","v":0,"logId":"019c87a3-7684-7de3-ab94-528812da0e8e"}
{"name":"worker","pid":937,"phase":"RUN_GRADLEW","buildId":"d816ad61-9dbf-4772-b852-09cb8227ab56","source":"stdout","level":30,"msg":"\"Install Android SDK Platform 34 (revision 3)\" finished.","time":"2026-02-22T23:16:02.821Z","v":0,"logId":"019c87a3-7685-78ea-8a26-1228cc648509"}
{"name":"worker","pid":937,"phase":"RUN_GRADLEW","buildId":"d816ad61-9dbf-4772-b852-09cb8227ab56","source":"stdout","level":30,"msg":"Checking the license for package Android SDK Build-Tools 33.0.1 in /home/expo/Android/Sdk/licenses","time":"2026-02-22T23:16:03.020Z","v":0,"logId":"019c87a3-774c-763e-96f5-3f038c6fd3f9"}
{"name":"worker","pid":937,"phase":"RUN_GRADLEW","buildId":"d816ad61-9dbf-4772-b852-09cb8227ab56","source":"stdout","level":30,"msg":"License for package Android SDK Build-Tools 33.0.1 accepted.","time":"2026-02-22T23:16:03.020Z","v":0,"logId":"019c87a3-774c-763e-96f5-3f04021c2d6d"}
{"name":"worker","pid":937,"phase":"RUN_GRADLEW","buildId":"d816ad61-9dbf-4772-b852-09cb8227ab56","source":"stdout","level":30,"msg":"Preparing \"Install Android SDK Build-Tools 33.0.1 v.33.0.1\".","time":"2026-02-22T23:16:03.020Z","v":0,"logId":"019c87a3-774c-763e-96f5-3f0579bf51c8"}
{"name":"worker","pid":937,"phase":"RUN_GRADLEW","buildId":"d816ad61-9dbf-4772-b852-09cb8227ab56","source":"stdout","level":30,"msg":"\"Install Android SDK Build-Tools 33.0.1 v.33.0.1\" ready.","time":"2026-02-22T23:16:04.120Z","v":0,"logId":"019c87a3-7b98-7149-b4aa-a4ba1b0c8ecb"}
{"name":"worker","pid":937,"phase":"RUN_GRADLEW","buildId":"d816ad61-9dbf-4772-b852-09cb8227ab56","source":"stdout","level":30,"msg":"Installing Android SDK Build-Tools 33.0.1 in /home/expo/Android/Sdk/build-tools/33.0.1","time":"2026-02-22T23:16:04.120Z","v":0,"logId":"019c87a3-7b98-7149-b4aa-a4bb39eeb2dc"}
{"name":"worker","pid":937,"phase":"RUN_GRADLEW","buildId":"d816ad61-9dbf-4772-b852-09cb8227ab56","source":"stdout","level":30,"msg":"\"Install Android SDK Build-Tools 33.0.1 v.33.0.1\" complete.","time":"2026-02-22T23:16:04.120Z","v":0,"logId":"019c87a3-7b98-7149-b4aa-a4bcca52fa7c"}
{"name":"worker","pid":937,"phase":"RUN_GRADLEW","buildId":"d816ad61-9dbf-4772-b852-09cb8227ab56","source":"stdout","level":30,"msg":"\"Install Android SDK Build-Tools 33.0.1 v.33.0.1\" finished.","time":"2026-02-22T23:16:04.120Z","v":0,"logId":"019c87a3-7b98-7149-b4aa-a4bd8abf1b5c"}
{"name":"worker","pid":937,"phase":"RUN_GRADLEW","buildId":"d816ad61-9dbf-4772-b852-09cb8227ab56","source":"stdout","level":30,"msg":"> Task :expo-modules-core$android-annotation-processor:processResources","time":"2026-02-22T23:16:05.520Z","v":0,"logId":"019c87a3-8110-7473-96ec-c32f0dcd2d32"}
{"name":"worker","pid":937,"phase":"RUN_GRADLEW","buildId":"d816ad61-9dbf-4772-b852-09cb8227ab56","source":"stdout","level":30,"msg":"> Task :expo-application:preBuild UP-TO-DATE","time":"2026-02-22T23:16:05.520Z","v":0,"logId":"019c87a3-8110-7473-96ec-c330adddf0f5"}
{"name":"worker","pid":937,"phase":"RUN_GRADLEW","buildId":"d816ad61-9dbf-4772-b852-09cb8227ab56","source":"stdout","level":30,"msg":"> Task :expo-application:preReleaseBuild UP-TO-DATE","time":"2026-02-22T23:16:05.520Z","v":0,"logId":"019c87a3-8110-7473-96ec-c331a2a3d66e"}
{"name":"worker","pid":937,"phase":"RUN_GRADLEW","buildId":"d816ad61-9dbf-4772-b852-09cb8227ab56","source":"stdout","level":30,"msg":"> Task :expo-application:generateReleaseBuildConfig","time":"2026-02-22T23:16:05.620Z","v":0,"logId":"019c87a3-8174-72f7-962d-74490c2ab276"}
{"name":"worker","pid":937,"phase":"RUN_GRADLEW","buildId":"d816ad61-9dbf-4772-b852-09cb8227ab56","source":"stdout","level":30,"msg":"> Task :expo-application:generateReleaseResValues","time":"2026-02-22T23:16:05.620Z","v":0,"logId":"019c87a3-8174-72f7-962d-744a197b575f"}
{"name":"worker","pid":937,"phase":"RUN_GRADLEW","buildId":"d816ad61-9dbf-4772-b852-09cb8227ab56","source":"stdout","level":30,"msg":"> Task :expo-application:generateReleaseResources","time":"2026-02-22T23:16:05.620Z","v":0,"logId":"019c87a3-8174-72f7-962d-744b100dd05e"}
{"name":"worker","pid":937,"phase":"RUN_GRADLEW","buildId":"d816ad61-9dbf-4772-b852-09cb8227ab56","source":"stdout","level":30,"msg":"> Task :expo-application:packageReleaseResources","time":"2026-02-22T23:16:05.920Z","v":0,"logId":"019c87a3-82a0-741f-ba6f-0415b52c450e"}
{"name":"worker","pid":937,"phase":"RUN_GRADLEW","buildId":"d816ad61-9dbf-4772-b852-09cb8227ab56","source":"stdout","level":30,"msg":"> Task :expo:generateExpoModulesPackageList","time":"2026-02-22T23:16:06.320Z","v":0,"logId":"019c87a3-8430-7f6a-b879-dd62d6e983a4"}
{"name":"worker","pid":937,"phase":"RUN_GRADLEW","buildId":"d816ad61-9dbf-4772-b852-09cb8227ab56","source":"stdout","level":30,"msg":"> Task :expo:preBuild","time":"2026-02-22T23:16:06.320Z","v":0,"logId":"019c87a3-8430-7f6a-b879-dd63ff58e9eb"}
{"name":"worker","pid":937,"phase":"RUN_GRADLEW","buildId":"d816ad61-9dbf-4772-b852-09cb8227ab56","source":"stdout","level":30,"msg":"> Task :expo:preReleaseBuild","time":"2026-02-22T23:16:06.320Z","v":0,"logId":"019c87a3-8430-7f6a-b879-dd642025579c"}
{"name":"worker","pid":937,"phase":"RUN_GRADLEW","buildId":"d816ad61-9dbf-4772-b852-09cb8227ab56","source":"stdout","level":30,"msg":"> Task :expo:mergeReleaseJniLibFolders","time":"2026-02-22T23:16:08.520Z","v":0,"logId":"019c87a3-8cc8-7c43-b3e7-3d8e2b648f39"}
{"name":"worker","pid":937,"phase":"RUN_GRADLEW","buildId":"d816ad61-9dbf-4772-b852-09cb8227ab56","source":"stdout","level":30,"msg":"> Task :expo:mergeReleaseNativeLibs NO-SOURCE","time":"2026-02-22T23:16:08.520Z","v":0,"logId":"019c87a3-8cc8-7c43-b3e7-3d8f8d64a29a"}
{"name":"worker","pid":937,"phase":"RUN_GRADLEW","buildId":"d816ad61-9dbf-4772-b852-09cb8227ab56","source":"stdout","level":30,"msg":"> Task :expo:stripReleaseDebugSymbols NO-SOURCE","time":"2026-02-22T23:16:08.520Z","v":0,"logId":"019c87a3-8cc8-7c43-b3e7-3d90cb38ccbf"}
{"name":"worker","pid":937,"phase":"RUN_GRADLEW","buildId":"d816ad61-9dbf-4772-b852-09cb8227ab56","source":"stdout","level":30,"msg":"> Task :expo-modules-core$android-annotation:compileKotlin","time":"2026-02-22T23:16:08.620Z","v":0,"logId":"019c87a3-8d2c-7147-8286-f6c848f42000"}
{"name":"worker","pid":937,"phase":"RUN_GRADLEW","buildId":"d816ad61-9dbf-4772-b852-09cb8227ab56","source":"stdout","level":30,"msg":"> Task :expo:generateReleaseResValues","time":"2026-02-22T23:16:08.620Z","v":0,"logId":"019c87a3-8d2c-7147-8286-f6c9df18f530"}
{"name":"worker","pid":937,"phase":"RUN_GRADLEW","buildId":"d816ad61-9dbf-4772-b852-09cb8227ab56","source":"stdout","level":30,"msg":"> Task :expo:extractDeepLinksForAarRelease","time":"2026-02-22T23:16:08.620Z","v":0,"logId":"019c87a3-8d2c-7147-8286-f6ca233ec085"}
{"name":"worker","pid":937,"phase":"RUN_GRADLEW","buildId":"d816ad61-9dbf-4772-b852-09cb8227ab56","source":"stdout","level":30,"msg":"> Task :expo-modules-core$android-annotation:compileJava NO-SOURCE","time":"2026-02-22T23:16:08.620Z","v":0,"logId":"019c87a3-8d2c-7147-8286-f6cbe80e855f"}
{"name":"worker","pid":937,"phase":"RUN_GRADLEW","buildId":"d816ad61-9dbf-4772-b852-09cb8227ab56","source":"stdout","level":30,"msg":"> Task :expo-modules-core$android-annotation:processResources NO-SOURCE","time":"2026-02-22T23:16:08.620Z","v":0,"logId":"019c87a3-8d2c-7147-8286-f6ccb8da706d"}
{"name":"worker","pid":937,"phase":"RUN_GRADLEW","buildId":"d816ad61-9dbf-4772-b852-09cb8227ab56","source":"stdout","level":30,"msg":"> Task :expo-modules-core$android-annotation:classes UP-TO-DATE","time":"2026-02-22T23:16:08.620Z","v":0,"logId":"019c87a3-8d2c-7147-8286-f6cde4cddfca"}
{"name":"worker","pid":937,"phase":"RUN_GRADLEW","buildId":"d816ad61-9dbf-4772-b852-09cb8227ab56","source":"stdout","level":30,"msg":"> Task :expo-modules-core$android-annotation:jar","time":"2026-02-22T23:16:08.620Z","v":0,"logId":"019c87a3-8d2c-7147-8286-f6ce8d303a1c"}
{"name":"worker","pid":937,"phase":"RUN_GRADLEW","buildId":"d816ad61-9dbf-4772-b852-09cb8227ab56","source":"stdout","level":30,"msg":"> Task :expo-modules-core$android-annotation:inspectClassesForKotlinIC","time":"2026-02-22T23:16:08.720Z","v":0,"logId":"019c87a3-8d90-7bc1-8d79-515b37520b15"}
{"name":"worker","pid":937,"phase":"RUN_GRADLEW","buildId":"d816ad61-9dbf-4772-b852-09cb8227ab56","source":"stdout","level":30,"msg":"> Task :expo-application:parseReleaseLocalResources","time":"2026-02-22T23:16:08.820Z","v":0,"logId":"019c87a3-8df4-71ea-a28d-97da55ed967b"}
{"name":"worker","pid":937,"phase":"RUN_GRADLEW","buildId":"d816ad61-9dbf-4772-b852-09cb8227ab56","source":"stdout","level":30,"msg":"> Task :expo:generateReleaseBuildConfig","time":"2026-02-22T23:16:08.820Z","v":0,"logId":"019c87a3-8df4-71ea-a28d-97db7383cbdf"}
{"name":"worker","pid":937,"phase":"RUN_GRADLEW","buildId":"d816ad61-9dbf-4772-b852-09cb8227ab56","source":"stdout","level":30,"msg":"> Task :expo:generateReleaseResources","time":"2026-02-22T23:16:08.821Z","v":0,"logId":"019c87a3-8df5-7683-9494-1a1c303dac9e"}
{"name":"worker","pid":937,"phase":"RUN_GRADLEW","buildId":"d816ad61-9dbf-4772-b852-09cb8227ab56","source":"stdout","level":30,"msg":"> Task :expo:packageReleaseResources","time":"2026-02-22T23:16:08.920Z","v":0,"logId":"019c87a3-8e58-7579-a520-4bca2d3f55f9"}
{"name":"worker","pid":937,"phase":"RUN_GRADLEW","buildId":"d816ad61-9dbf-4772-b852-09cb8227ab56","source":"stdout","level":30,"msg":"> Task :expo:parseReleaseLocalResources","time":"2026-02-22T23:16:09.220Z","v":0,"logId":"019c87a3-8f84-73c8-9a61-67819b566b4a"}
{"name":"worker","pid":937,"phase":"RUN_GRADLEW","buildId":"d816ad61-9dbf-4772-b852-09cb8227ab56","source":"stdout","level":30,"msg":"> Task :expo:copyReleaseJniLibsProjectAndLocalJars","time":"2026-02-22T23:16:09.220Z","v":0,"logId":"019c87a3-8f84-73c8-9a61-6782e2d4449a"}
{"name":"worker","pid":937,"phase":"RUN_GRADLEW","buildId":"d816ad61-9dbf-4772-b852-09cb8227ab56","source":"stdout","level":30,"msg":"> Task :expo:processReleaseManifest","time":"2026-02-22T23:16:09.420Z","v":0,"logId":"019c87a3-904c-782e-ad9d-0eda177bf280"}
{"name":"worker","pid":937,"phase":"RUN_GRADLEW","buildId":"d816ad61-9dbf-4772-b852-09cb8227ab56","source":"stdout","level":30,"msg":"> Task :expo-application:processReleaseManifest","time":"2026-02-22T23:16:09.420Z","v":0,"logId":"019c87a3-904c-782e-ad9d-0edbd4dce718"}
{"name":"worker","pid":937,"phase":"RUN_GRADLEW","buildId":"d816ad61-9dbf-4772-b852-09cb8227ab56","source":"stdout","level":30,"msg":"> Task :expo:generateReleaseRFile","time":"2026-02-22T23:16:09.620Z","v":0,"logId":"019c87a3-9114-749d-b10b-c71ca379043c"}
{"name":"worker","pid":937,"phase":"RUN_GRADLEW","buildId":"d816ad61-9dbf-4772-b852-09cb8227ab56","source":"stdout","level":30,"msg":"> Task :expo-application:generateReleaseRFile","time":"2026-02-22T23:16:09.820Z","v":0,"logId":"019c87a3-91dc-7901-a3e0-d1aaa2bc50f0"}
{"name":"worker","pid":937,"phase":"RUN_GRADLEW","buildId":"d816ad61-9dbf-4772-b852-09cb8227ab56","source":"stdout","level":30,"msg":"> Task :expo-modules-core$android-annotation-processor:compileKotlin","time":"2026-02-22T23:16:11.120Z","v":0,"logId":"019c87a3-96f0-704e-877a-970e96c6e271"}
{"name":"worker","pid":937,"phase":"RUN_GRADLEW","buildId":"d816ad61-9dbf-4772-b852-09cb8227ab56","source":"stdout","level":30,"msg":"> Task :expo-modules-core$android-annotation-processor:compileJava NO-SOURCE","time":"2026-02-22T23:16:12.020Z","v":0,"logId":"019c87a3-9a74-7d4b-93df-6a51c4acfdb2"}
{"name":"worker","pid":937,"phase":"RUN_GRADLEW","buildId":"d816ad61-9dbf-4772-b852-09cb8227ab56","source":"stdout","level":30,"msg":"> Task :expo-modules-core$android-annotation-processor:classes","time":"2026-02-22T23:16:12.020Z","v":0,"logId":"019c87a3-9a74-7d4b-93df-6a5214ce1208"}
{"name":"worker","pid":937,"phase":"RUN_GRADLEW","buildId":"d816ad61-9dbf-4772-b852-09cb8227ab56","source":"stdout","level":30,"msg":"> Task :expo-modules-core$android-annotation-processor:jar","time":"2026-02-22T23:16:12.020Z","v":0,"logId":"019c87a3-9a74-7d4b-93df-6a53e5132b5f"}
{"name":"worker","pid":937,"phase":"RUN_GRADLEW","buildId":"d816ad61-9dbf-4772-b852-09cb8227ab56","source":"stdout","level":30,"msg":"> Task :expo-modules-core$android-annotation-processor:inspectClassesForKotlinIC","time":"2026-02-22T23:16:12.020Z","v":0,"logId":"019c87a3-9a74-7d4b-93df-6a5412db03e4"}
{"name":"worker","pid":937,"phase":"RUN_GRADLEW","buildId":"d816ad61-9dbf-4772-b852-09cb8227ab56","source":"stdout","level":30,"msg":"> Task :expo-modules-core:preBuild UP-TO-DATE","time":"2026-02-22T23:16:12.020Z","v":0,"logId":"019c87a3-9a74-7d4b-93df-6a554388d62a"}
{"name":"worker","pid":937,"phase":"RUN_GRADLEW","buildId":"d816ad61-9dbf-4772-b852-09cb8227ab56","source":"stdout","level":30,"msg":"> Task :expo-modules-core:preReleaseBuild UP-TO-DATE","time":"2026-02-22T23:16:12.020Z","v":0,"logId":"019c87a3-9a74-7d4b-93df-6a5641149599"}
{"name":"worker","pid":937,"phase":"RUN_GRADLEW","buildId":"d816ad61-9dbf-4772-b852-09cb8227ab56","source":"stdout","level":30,"msg":"> Task :expo-modules-core:generateReleaseBuildConfig","time":"2026-02-22T23:16:12.020Z","v":0,"logId":"019c87a3-9a74-7d4b-93df-6a57a0255e97"}
{"name":"worker","pid":937,"phase":"RUN_GRADLEW","buildId":"d816ad61-9dbf-4772-b852-09cb8227ab56","source":"stdout","level":30,"msg":"> Task :expo-modules-core:generateReleaseResValues","time":"2026-02-22T23:16:12.021Z","v":0,"logId":"019c87a3-9a75-7ce8-90f4-8d2bcfc8cc09"}
{"name":"worker","pid":937,"phase":"RUN_GRADLEW","buildId":"d816ad61-9dbf-4772-b852-09cb8227ab56","source":"stdout","level":30,"msg":"> Task :expo-application:javaPreCompileRelease","time":"2026-02-22T23:16:12.021Z","v":0,"logId":"019c87a3-9a75-7ce8-90f4-8d2cbb43cf12"}
{"name":"worker","pid":937,"phase":"RUN_GRADLEW","buildId":"d816ad61-9dbf-4772-b852-09cb8227ab56","source":"stdout","level":30,"msg":"> Task :expo-modules-core:generateReleaseResources","time":"2026-02-22T23:16:12.021Z","v":0,"logId":"019c87a3-9a75-7ce8-90f4-8d2dc0348ace"}
{"name":"worker","pid":937,"phase":"RUN_GRADLEW","buildId":"d816ad61-9dbf-4772-b852-09cb8227ab56","source":"stdout","level":30,"msg":"> Task :expo-modules-core:packageReleaseResources","time":"2026-02-22T23:16:12.120Z","v":0,"logId":"019c87a3-9ad8-71a1-8f32-f5856383bd6b"}
{"name":"worker","pid":937,"phase":"RUN_GRADLEW","buildId":"d816ad61-9dbf-4772-b852-09cb8227ab56","source":"stdout","level":30,"msg":"> Task :expo-modules-core:parseReleaseLocalResources","time":"2026-02-22T23:16:12.120Z","v":0,"logId":"019c87a3-9ad9-7e10-945c-9c0c002b8d14"}
{"name":"worker","pid":937,"phase":"RUN_GRADLEW","buildId":"d816ad61-9dbf-4772-b852-09cb8227ab56","source":"stdout","level":30,"msg":"> Task :expo-crypto:preBuild UP-TO-DATE","time":"2026-02-22T23:16:12.121Z","v":0,"logId":"019c87a3-9ad9-7e10-945c-9c0d3d3bb291"}
{"name":"worker","pid":937,"phase":"RUN_GRADLEW","buildId":"d816ad61-9dbf-4772-b852-09cb8227ab56","source":"stdout","level":30,"msg":"> Task :expo-crypto:preReleaseBuild UP-TO-DATE","time":"2026-02-22T23:16:12.121Z","v":0,"logId":"019c87a3-9ad9-7e10-945c-9c0efeea3ac7"}
{"name":"worker","pid":937,"phase":"RUN_GRADLEW","buildId":"d816ad61-9dbf-4772-b852-09cb8227ab56","source":"stdout","level":30,"msg":"> Task :expo-crypto:generateReleaseBuildConfig","time":"2026-02-22T23:16:12.121Z","v":0,"logId":"019c87a3-9ad9-7e10-945c-9c0fedca7f75"}
{"name":"worker","pid":937,"phase":"RUN_GRADLEW","buildId":"d816ad61-9dbf-4772-b852-09cb8227ab56","source":"stdout","level":30,"msg":"> Task :expo-modules-core:processReleaseManifest","time":"2026-02-22T23:16:12.121Z","v":0,"logId":"019c87a3-9ad9-7e10-945c-9c108305dcd6"}
{"name":"worker","pid":937,"phase":"RUN_GRADLEW","buildId":"d816ad61-9dbf-4772-b852-09cb8227ab56","source":"stdout","level":30,"msg":"/home/expo/workingdir/build/mobile/node_modules/expo-modules-core/android/src/main/AndroidManifest.xml:8:9-11:45 Warning:","time":"2026-02-22T23:16:12.121Z","v":0,"logId":"019c87a3-9ad9-7e10-945c-9c11940e0ee0"}
{"name":"worker","pid":937,"phase":"RUN_GRADLEW","buildId":"d816ad61-9dbf-4772-b852-09cb8227ab56","source":"stdout","level":30,"msg":"\tmeta-data#com.facebook.soloader.enabled@android:value was tagged at AndroidManifest.xml:8 to replace other declarations but no other declaration present","time":"2026-02-22T23:16:12.121Z","v":0,"logId":"019c87a3-9ad9-7e10-945c-9c12197f4298"}
{"name":"worker","pid":937,"phase":"RUN_GRADLEW","buildId":"d816ad61-9dbf-4772-b852-09cb8227ab56","source":"stdout","level":30,"msg":"> Task :expo-modules-core:javaPreCompileRelease","time":"2026-02-22T23:16:12.121Z","v":0,"logId":"019c87a3-9ad9-7e10-945c-9c1371a112bd"}
{"name":"worker","pid":937,"phase":"RUN_GRADLEW","buildId":"d816ad61-9dbf-4772-b852-09cb8227ab56","source":"stdout","level":30,"msg":"> Task :expo-crypto:generateReleaseResValues","time":"2026-02-22T23:16:12.121Z","v":0,"logId":"019c87a3-9ad9-7e10-945c-9c14d4504911"}
{"name":"worker","pid":937,"phase":"RUN_GRADLEW","buildId":"d816ad61-9dbf-4772-b852-09cb8227ab56","source":"stdout","level":30,"msg":"> Task :expo-crypto:generateReleaseResources","time":"2026-02-22T23:16:12.121Z","v":0,"logId":"019c87a3-9ad9-7e10-945c-9c15789f362d"}
{"name":"worker","pid":937,"phase":"RUN_GRADLEW","buildId":"d816ad61-9dbf-4772-b852-09cb8227ab56","source":"stdout","level":30,"msg":"> Task :expo-file-system:preBuild UP-TO-DATE","time":"2026-02-22T23:16:12.121Z","v":0,"logId":"019c87a3-9ad9-7e10-945c-9c16e7c90d37"}
{"name":"worker","pid":937,"phase":"RUN_GRADLEW","buildId":"d816ad61-9dbf-4772-b852-09cb8227ab56","source":"stdout","level":30,"msg":"> Task :expo-file-system:preReleaseBuild UP-TO-DATE","time":"2026-02-22T23:16:12.121Z","v":0,"logId":"019c87a3-9ad9-7e10-945c-9c17a3058b5d"}
{"name":"worker","pid":937,"phase":"RUN_GRADLEW","buildId":"d816ad61-9dbf-4772-b852-09cb8227ab56","source":"stdout","level":30,"msg":"> Task :expo-crypto:packageReleaseResources","time":"2026-02-22T23:16:12.121Z","v":0,"logId":"019c87a3-9ad9-7e10-945c-9c18d97e304a"}
{"name":"worker","pid":937,"phase":"RUN_GRADLEW","buildId":"d816ad61-9dbf-4772-b852-09cb8227ab56","source":"stdout","level":30,"msg":"> Task :expo-file-system:generateReleaseBuildConfig","time":"2026-02-22T23:16:12.121Z","v":0,"logId":"019c87a3-9ad9-7e10-945c-9c19bfbd2732"}
{"name":"worker","pid":937,"phase":"RUN_GRADLEW","buildId":"d816ad61-9dbf-4772-b852-09cb8227ab56","source":"stdout","level":30,"msg":"> Task :expo-crypto:processReleaseManifest","time":"2026-02-22T23:16:12.220Z","v":0,"logId":"019c87a3-9b3c-71cf-b9f8-38ff471b81ac"}
{"name":"worker","pid":937,"phase":"RUN_GRADLEW","buildId":"d816ad61-9dbf-4772-b852-09cb8227ab56","source":"stdout","level":30,"msg":"> Task :expo-crypto:parseReleaseLocalResources","time":"2026-02-22T23:16:12.220Z","v":0,"logId":"019c87a3-9b3c-71cf-b9f8-39007a4cff82"}
{"name":"worker","pid":937,"phase":"RUN_GRADLEW","buildId":"d816ad61-9dbf-4772-b852-09cb8227ab56","source":"stdout","level":30,"msg":"> Task :expo-file-system:generateReleaseResValues","time":"2026-02-22T23:16:12.220Z","v":0,"logId":"019c87a3-9b3c-71cf-b9f8-3901a212e0cf"}
{"name":"worker","pid":937,"phase":"RUN_GRADLEW","buildId":"d816ad61-9dbf-4772-b852-09cb8227ab56","source":"stdout","level":30,"msg":"> Task :expo-file-system:generateReleaseResources","time":"2026-02-22T23:16:12.220Z","v":0,"logId":"019c87a3-9b3c-71cf-b9f8-39022bab001a"}
{"name":"worker","pid":937,"phase":"RUN_GRADLEW","buildId":"d816ad61-9dbf-4772-b852-09cb8227ab56","source":"stdout","level":30,"msg":"> Task :expo-modules-core:generateReleaseRFile","time":"2026-02-22T23:16:12.220Z","v":0,"logId":"019c87a3-9b3c-71cf-b9f8-390375e4a4ab"}
{"name":"worker","pid":937,"phase":"RUN_GRADLEW","buildId":"d816ad61-9dbf-4772-b852-09cb8227ab56","source":"stdout","level":30,"msg":"> Task :expo-crypto:generateReleaseRFile","time":"2026-02-22T23:16:12.221Z","v":0,"logId":"019c87a3-9b3d-71f7-9385-946f1a3b5ca3"}
{"name":"worker","pid":937,"phase":"RUN_GRADLEW","buildId":"d816ad61-9dbf-4772-b852-09cb8227ab56","source":"stdout","level":30,"msg":"> Task :expo-crypto:javaPreCompileRelease","time":"2026-02-22T23:16:12.221Z","v":0,"logId":"019c87a3-9b3d-71f7-9385-947040363f7a"}
{"name":"worker","pid":937,"phase":"RUN_GRADLEW","buildId":"d816ad61-9dbf-4772-b852-09cb8227ab56","source":"stdout","level":30,"msg":"> Task :expo-font:preBuild UP-TO-DATE","time":"2026-02-22T23:16:12.221Z","v":0,"logId":"019c87a3-9b3d-71f7-9385-94711e71781f"}
{"name":"worker","pid":937,"phase":"RUN_GRADLEW","buildId":"d816ad61-9dbf-4772-b852-09cb8227ab56","source":"stdout","level":30,"msg":"> Task :expo-font:preReleaseBuild UP-TO-DATE","time":"2026-02-22T23:16:12.221Z","v":0,"logId":"019c87a3-9b3d-71f7-9385-94728ebac9f4"}
{"name":"worker","pid":937,"phase":"RUN_GRADLEW","buildId":"d816ad61-9dbf-4772-b852-09cb8227ab56","source":"stdout","level":30,"msg":"> Task :expo-font:generateReleaseBuildConfig","time":"2026-02-22T23:16:12.221Z","v":0,"logId":"019c87a3-9b3d-71f7-9385-9473caededdf"}
{"name":"worker","pid":937,"phase":"RUN_GRADLEW","buildId":"d816ad61-9dbf-4772-b852-09cb8227ab56","source":"stdout","level":30,"msg":"> Task :expo-font:generateReleaseResValues","time":"2026-02-22T23:16:12.221Z","v":0,"logId":"019c87a3-9b3d-71f7-9385-9474438ebb46"}
{"name":"worker","pid":937,"phase":"RUN_GRADLEW","buildId":"d816ad61-9dbf-4772-b852-09cb8227ab56","source":"stdout","level":30,"msg":"> Task :expo-font:generateReleaseResources","time":"2026-02-22T23:16:12.221Z","v":0,"logId":"019c87a3-9b3d-71f7-9385-947582323097"}
{"name":"worker","pid":937,"phase":"RUN_GRADLEW","buildId":"d816ad61-9dbf-4772-b852-09cb8227ab56","source":"stdout","level":30,"msg":"> Task :expo-font:packageReleaseResources","time":"2026-02-22T23:16:12.221Z","v":0,"logId":"019c87a3-9b3d-71f7-9385-9476dad4b952"}
{"name":"worker","pid":937,"phase":"RUN_GRADLEW","buildId":"d816ad61-9dbf-4772-b852-09cb8227ab56","source":"stdout","level":30,"msg":"> Task :expo-font:parseReleaseLocalResources","time":"2026-02-22T23:16:12.221Z","v":0,"logId":"019c87a3-9b3d-71f7-9385-94779b6ce549"}
{"name":"worker","pid":937,"phase":"RUN_GRADLEW","buildId":"d816ad61-9dbf-4772-b852-09cb8227ab56","source":"stdout","level":30,"msg":"> Task :expo-font:processReleaseManifest","time":"2026-02-22T23:16:12.221Z","v":0,"logId":"019c87a3-9b3d-71f7-9385-94787c4ebd12"}
{"name":"worker","pid":937,"phase":"RUN_GRADLEW","buildId":"d816ad61-9dbf-4772-b852-09cb8227ab56","source":"stdout","level":30,"msg":"> Task :expo-font:generateReleaseRFile","time":"2026-02-22T23:16:12.320Z","v":0,"logId":"019c87a3-9ba0-791f-aa23-ccbf1f3f1807"}
{"name":"worker","pid":937,"phase":"RUN_GRADLEW","buildId":"d816ad61-9dbf-4772-b852-09cb8227ab56","source":"stdout","level":30,"msg":"> Task :expo-file-system:packageReleaseResources","time":"2026-02-22T23:16:12.320Z","v":0,"logId":"019c87a3-9ba0-791f-aa23-ccc0c2d9362c"}
{"name":"worker","pid":937,"phase":"RUN_GRADLEW","buildId":"d816ad61-9dbf-4772-b852-09cb8227ab56","source":"stdout","level":30,"msg":"> Task :expo-font:javaPreCompileRelease","time":"2026-02-22T23:16:12.320Z","v":0,"logId":"019c87a3-9ba0-791f-aa23-ccc1f78659e6"}
{"name":"worker","pid":937,"phase":"RUN_GRADLEW","buildId":"d816ad61-9dbf-4772-b852-09cb8227ab56","source":"stdout","level":30,"msg":"> Task :expo-file-system:parseReleaseLocalResources","time":"2026-02-22T23:16:12.420Z","v":0,"logId":"019c87a3-9c04-74c5-8dfb-c7c8dd00c5ad"}
{"name":"worker","pid":937,"phase":"RUN_GRADLEW","buildId":"d816ad61-9dbf-4772-b852-09cb8227ab56","source":"stdout","level":30,"msg":"> Task :expo-constants:createExpoConfig","time":"2026-02-22T23:16:12.420Z","v":0,"logId":"019c87a3-9c04-74c5-8dfb-c7c9da9699f0"}
{"name":"worker","pid":937,"phase":"RUN_GRADLEW","buildId":"d816ad61-9dbf-4772-b852-09cb8227ab56","source":"stdout","level":30,"msg":"> Task :expo-constants:preBuild","time":"2026-02-22T23:16:12.420Z","v":0,"logId":"019c87a3-9c04-74c5-8dfb-c7ca87640863"}
{"name":"worker","pid":937,"phase":"RUN_GRADLEW","buildId":"d816ad61-9dbf-4772-b852-09cb8227ab56","source":"stdout","level":30,"msg":"> Task :expo-constants:preReleaseBuild","time":"2026-02-22T23:16:12.420Z","v":0,"logId":"019c87a3-9c04-74c5-8dfb-c7cbb3f77c58"}
{"name":"worker","pid":937,"phase":"RUN_GRADLEW","buildId":"d816ad61-9dbf-4772-b852-09cb8227ab56","source":"stdout","level":30,"msg":"> Task :expo-constants:generateReleaseBuildConfig","time":"2026-02-22T23:16:12.420Z","v":0,"logId":"019c87a3-9c04-74c5-8dfb-c7cc8ac7a0a7"}
{"name":"worker","pid":937,"phase":"RUN_GRADLEW","buildId":"d816ad61-9dbf-4772-b852-09cb8227ab56","source":"stdout","level":30,"msg":"> Task :expo-constants:generateReleaseResValues","time":"2026-02-22T23:16:12.420Z","v":0,"logId":"019c87a3-9c05-7bb5-8eec-7b64009577aa"}
{"name":"worker","pid":937,"phase":"RUN_GRADLEW","buildId":"d816ad61-9dbf-4772-b852-09cb8227ab56","source":"stdout","level":30,"msg":"> Task :expo-constants:generateReleaseResources","time":"2026-02-22T23:16:12.421Z","v":0,"logId":"019c87a3-9c06-7853-8015-b3abbeaf28bb"}
{"name":"worker","pid":937,"phase":"RUN_GRADLEW","buildId":"d816ad61-9dbf-4772-b852-09cb8227ab56","source":"stdout","level":30,"msg":"> Task :expo-constants:packageReleaseResources","time":"2026-02-22T23:16:12.422Z","v":0,"logId":"019c87a3-9c06-7853-8015-b3ac8edd7c39"}
{"name":"worker","pid":937,"phase":"RUN_GRADLEW","buildId":"d816ad61-9dbf-4772-b852-09cb8227ab56","source":"stdout","level":30,"msg":"> Task :expo-file-system:processReleaseManifest","time":"2026-02-22T23:16:12.520Z","v":0,"logId":"019c87a3-9c68-787a-96a9-901626413919"}
{"name":"worker","pid":937,"phase":"RUN_GRADLEW","buildId":"d816ad61-9dbf-4772-b852-09cb8227ab56","source":"stdout","level":30,"msg":"/home/expo/workingdir/build/mobile/node_modules/expo-file-system/android/src/main/AndroidManifest.xml:6:9-8:20 Warning:","time":"2026-02-22T23:16:12.520Z","v":0,"logId":"019c87a3-9c68-787a-96a9-9017ebc6f3c0"}
{"name":"worker","pid":937,"phase":"RUN_GRADLEW","buildId":"d816ad61-9dbf-4772-b852-09cb8227ab56","source":"stdout","level":30,"msg":"\tprovider#expo.modules.filesystem.FileSystemFileProvider@android:authorities was tagged at AndroidManifest.xml:6 to replace other declarations but no other declaration present","time":"2026-02-22T23:16:12.520Z","v":0,"logId":"019c87a3-9c68-787a-96a9-901879ae8a43"}
{"name":"worker","pid":937,"phase":"RUN_GRADLEW","buildId":"d816ad61-9dbf-4772-b852-09cb8227ab56","source":"stdout","level":30,"msg":"> Task :expo-constants:processReleaseManifest","time":"2026-02-22T23:16:12.520Z","v":0,"logId":"019c87a3-9c68-787a-96a9-90192b4f9407"}
{"name":"worker","pid":937,"phase":"RUN_GRADLEW","buildId":"d816ad61-9dbf-4772-b852-09cb8227ab56","source":"stdout","level":30,"msg":"> Task :expo-file-system:javaPreCompileRelease","time":"2026-02-22T23:16:12.621Z","v":0,"logId":"019c87a3-9ccd-7e4c-b733-077abcbec45a"}
{"name":"worker","pid":937,"phase":"RUN_GRADLEW","buildId":"d816ad61-9dbf-4772-b852-09cb8227ab56","source":"stdout","level":30,"msg":"> Task :expo-constants:javaPreCompileRelease","time":"2026-02-22T23:16:12.621Z","v":0,"logId":"019c87a3-9ccd-7e4c-b733-077b1fb9c852"}
{"name":"worker","pid":937,"phase":"RUN_GRADLEW","buildId":"d816ad61-9dbf-4772-b852-09cb8227ab56","source":"stdout","level":30,"msg":"> Task :expo-keep-awake:preBuild UP-TO-DATE","time":"2026-02-22T23:16:12.621Z","v":0,"logId":"019c87a3-9ccd-7e4c-b733-077c05127531"}
{"name":"worker","pid":937,"phase":"RUN_GRADLEW","buildId":"d816ad61-9dbf-4772-b852-09cb8227ab56","source":"stdout","level":30,"msg":"> Task :expo-keep-awake:preReleaseBuild UP-TO-DATE","time":"2026-02-22T23:16:12.621Z","v":0,"logId":"019c87a3-9ccd-7e4c-b733-077d7d48faa9"}
{"name":"worker","pid":937,"phase":"RUN_GRADLEW","buildId":"d816ad61-9dbf-4772-b852-09cb8227ab56","source":"stdout","level":30,"msg":"> Task :expo-constants:parseReleaseLocalResources","time":"2026-02-22T23:16:12.621Z","v":0,"logId":"019c87a3-9ccd-7e4c-b733-077e3e8e4424"}
{"name":"worker","pid":937,"phase":"RUN_GRADLEW","buildId":"d816ad61-9dbf-4772-b852-09cb8227ab56","source":"stdout","level":30,"msg":"> Task :expo-keep-awake:generateReleaseBuildConfig","time":"2026-02-22T23:16:12.621Z","v":0,"logId":"019c87a3-9ccd-7e4c-b733-077f0554f0bc"}
{"name":"worker","pid":937,"phase":"RUN_GRADLEW","buildId":"d816ad61-9dbf-4772-b852-09cb8227ab56","source":"stdout","level":30,"msg":"> Task :expo-keep-awake:generateReleaseResValues","time":"2026-02-22T23:16:12.621Z","v":0,"logId":"019c87a3-9ccd-7e4c-b733-0780d9352b35"}
{"name":"worker","pid":937,"phase":"RUN_GRADLEW","buildId":"d816ad61-9dbf-4772-b852-09cb8227ab56","source":"stdout","level":30,"msg":"> Task :expo-keep-awake:generateReleaseResources","time":"2026-02-22T23:16:12.621Z","v":0,"logId":"019c87a3-9ccd-7e4c-b733-07811d836bf2"}
{"name":"worker","pid":937,"phase":"RUN_GRADLEW","buildId":"d816ad61-9dbf-4772-b852-09cb8227ab56","source":"stdout","level":30,"msg":"> Task :expo-file-system:generateReleaseRFile","time":"2026-02-22T23:16:12.621Z","v":0,"logId":"019c87a3-9ccd-7e4c-b733-078236b057dc"}
{"name":"worker","pid":937,"phase":"RUN_GRADLEW","buildId":"d816ad61-9dbf-4772-b852-09cb8227ab56","source":"stdout","level":30,"msg":"> Task :expo-linear-gradient:preBuild UP-TO-DATE","time":"2026-02-22T23:16:12.621Z","v":0,"logId":"019c87a3-9ccd-7e4c-b733-07833486f6e8"}
{"name":"worker","pid":937,"phase":"RUN_GRADLEW","buildId":"d816ad61-9dbf-4772-b852-09cb8227ab56","source":"stdout","level":30,"msg":"> Task :expo-linear-gradient:preReleaseBuild UP-TO-DATE","time":"2026-02-22T23:16:12.621Z","v":0,"logId":"019c87a3-9ccd-7e4c-b733-0784025233d6"}
{"name":"worker","pid":937,"phase":"RUN_GRADLEW","buildId":"d816ad61-9dbf-4772-b852-09cb8227ab56","source":"stdout","level":30,"msg":"> Task :expo-constants:generateReleaseRFile","time":"2026-02-22T23:16:12.621Z","v":0,"logId":"019c87a3-9ccd-7e4c-b733-0785748ebc54"}
{"name":"worker","pid":937,"phase":"RUN_GRADLEW","buildId":"d816ad61-9dbf-4772-b852-09cb8227ab56","source":"stdout","level":30,"msg":"> Task :expo-keep-awake:packageReleaseResources","time":"2026-02-22T23:16:12.622Z","v":0,"logId":"019c87a3-9cce-72ea-90eb-da0f79be7b7a"}
{"name":"worker","pid":937,"phase":"RUN_GRADLEW","buildId":"d816ad61-9dbf-4772-b852-09cb8227ab56","source":"stdout","level":30,"msg":"> Task :expo-secure-store:preBuild UP-TO-DATE","time":"2026-02-22T23:16:12.622Z","v":0,"logId":"019c87a3-9cce-72ea-90eb-da104fbabe50"}
{"name":"worker","pid":937,"phase":"RUN_GRADLEW","buildId":"d816ad61-9dbf-4772-b852-09cb8227ab56","source":"stdout","level":30,"msg":"> Task :expo-secure-store:preReleaseBuild UP-TO-DATE","time":"2026-02-22T23:16:12.622Z","v":0,"logId":"019c87a3-9cce-72ea-90eb-da1143143a0e"}
{"name":"worker","pid":937,"phase":"RUN_GRADLEW","buildId":"d816ad61-9dbf-4772-b852-09cb8227ab56","source":"stdout","level":30,"msg":"> Task :expo-linear-gradient:generateReleaseBuildConfig","time":"2026-02-22T23:16:12.622Z","v":0,"logId":"019c87a3-9cce-72ea-90eb-da1250a33dcd"}
{"name":"worker","pid":937,"phase":"RUN_GRADLEW","buildId":"d816ad61-9dbf-4772-b852-09cb8227ab56","source":"stdout","level":30,"msg":"> Task :expo-linear-gradient:generateReleaseResValues","time":"2026-02-22T23:16:12.622Z","v":0,"logId":"019c87a3-9cce-72ea-90eb-da139b0ef6ed"}
{"name":"worker","pid":937,"phase":"RUN_GRADLEW","buildId":"d816ad61-9dbf-4772-b852-09cb8227ab56","source":"stdout","level":30,"msg":"> Task :expo-secure-store:generateReleaseBuildConfig","time":"2026-02-22T23:16:12.622Z","v":0,"logId":"019c87a3-9cce-72ea-90eb-da14f3c5f159"}
{"name":"worker","pid":937,"phase":"RUN_GRADLEW","buildId":"d816ad61-9dbf-4772-b852-09cb8227ab56","source":"stdout","level":30,"msg":"> Task :expo-linear-gradient:generateReleaseResources","time":"2026-02-22T23:16:12.622Z","v":0,"logId":"019c87a3-9cce-72ea-90eb-da1521ec022c"}
{"name":"worker","pid":937,"phase":"RUN_GRADLEW","buildId":"d816ad61-9dbf-4772-b852-09cb8227ab56","source":"stdout","level":30,"msg":"> Task :expo-keep-awake:parseReleaseLocalResources","time":"2026-02-22T23:16:12.622Z","v":0,"logId":"019c87a3-9cce-72ea-90eb-da16c594aa76"}
{"name":"worker","pid":937,"phase":"RUN_GRADLEW","buildId":"d816ad61-9dbf-4772-b852-09cb8227ab56","source":"stdout","level":30,"msg":"> Task :expo-keep-awake:processReleaseManifest","time":"2026-02-22T23:16:12.622Z","v":0,"logId":"019c87a3-9cce-72ea-90eb-da17bc92e301"}
{"name":"worker","pid":937,"phase":"RUN_GRADLEW","buildId":"d816ad61-9dbf-4772-b852-09cb8227ab56","source":"stdout","level":30,"msg":"> Task :expo-keep-awake:javaPreCompileRelease","time":"2026-02-22T23:16:12.622Z","v":0,"logId":"019c87a3-9cce-72ea-90eb-da188a683786"}
{"name":"worker","pid":937,"phase":"RUN_GRADLEW","buildId":"d816ad61-9dbf-4772-b852-09cb8227ab56","source":"stdout","level":30,"msg":"> Task :expo-secure-store:generateReleaseResValues","time":"2026-02-22T23:16:12.721Z","v":0,"logId":"019c87a3-9d31-7055-ae1e-1a01e3c930af"}
{"name":"worker","pid":937,"phase":"RUN_GRADLEW","buildId":"d816ad61-9dbf-4772-b852-09cb8227ab56","source":"stdout","level":30,"msg":"> Task :expo-keep-awake:generateReleaseRFile","time":"2026-02-22T23:16:12.722Z","v":0,"logId":"019c87a3-9d32-7a81-b38b-72a96ddcaead"}
{"name":"worker","pid":937,"phase":"RUN_GRADLEW","buildId":"d816ad61-9dbf-4772-b852-09cb8227ab56","source":"stdout","level":30,"msg":"> Task :expo-web-browser:preBuild UP-TO-DATE","time":"2026-02-22T23:16:12.722Z","v":0,"logId":"019c87a3-9d32-7a81-b38b-72aa8616ee70"}
{"name":"worker","pid":937,"phase":"RUN_GRADLEW","buildId":"d816ad61-9dbf-4772-b852-09cb8227ab56","source":"stdout","level":30,"msg":"> Task :expo-web-browser:preReleaseBuild UP-TO-DATE","time":"2026-02-22T23:16:12.722Z","v":0,"logId":"019c87a3-9d32-7a81-b38b-72abf8da5b11"}
{"name":"worker","pid":937,"phase":"RUN_GRADLEW","buildId":"d816ad61-9dbf-4772-b852-09cb8227ab56","source":"stdout","level":30,"msg":"> Task :expo-web-browser:generateReleaseBuildConfig","time":"2026-02-22T23:16:12.722Z","v":0,"logId":"019c87a3-9d32-7a81-b38b-72acdbeeebee"}
{"name":"worker","pid":937,"phase":"RUN_GRADLEW","buildId":"d816ad61-9dbf-4772-b852-09cb8227ab56","source":"stdout","level":30,"msg":"> Task :expo-secure-store:generateReleaseResources","time":"2026-02-22T23:16:12.722Z","v":0,"logId":"019c87a3-9d32-7a81-b38b-72ade4cc0dc7"}
{"name":"worker","pid":937,"phase":"RUN_GRADLEW","buildId":"d816ad61-9dbf-4772-b852-09cb8227ab56","source":"stdout","level":30,"msg":"> Task :expo-web-browser:generateReleaseResValues","time":"2026-02-22T23:16:12.722Z","v":0,"logId":"019c87a3-9d32-7a81-b38b-72ae7452e3c6"}
{"name":"worker","pid":937,"phase":"RUN_GRADLEW","buildId":"d816ad61-9dbf-4772-b852-09cb8227ab56","source":"stdout","level":30,"msg":"> Task :expo-web-browser:generateReleaseResources","time":"2026-02-22T23:16:12.722Z","v":0,"logId":"019c87a3-9d32-7a81-b38b-72afedfe1415"}
{"name":"worker","pid":937,"phase":"RUN_GRADLEW","buildId":"d816ad61-9dbf-4772-b852-09cb8227ab56","source":"stdout","level":30,"msg":"> Task :expo-linear-gradient:packageReleaseResources","time":"2026-02-22T23:16:12.722Z","v":0,"logId":"019c87a3-9d32-7a81-b38b-72b026ef4f33"}
{"name":"worker","pid":937,"phase":"RUN_GRADLEW","buildId":"d816ad61-9dbf-4772-b852-09cb8227ab56","source":"stdout","level":30,"msg":"> Task :expo-secure-store:packageReleaseResources","time":"2026-02-22T23:16:12.722Z","v":0,"logId":"019c87a3-9d32-7a81-b38b-72b15f3e3bd3"}
{"name":"worker","pid":937,"phase":"RUN_GRADLEW","buildId":"d816ad61-9dbf-4772-b852-09cb8227ab56","source":"stdout","level":30,"msg":"> Task :expo-web-browser:packageReleaseResources","time":"2026-02-22T23:16:12.722Z","v":0,"logId":"019c87a3-9d32-7a81-b38b-72b2efbc2d73"}
{"name":"worker","pid":937,"phase":"RUN_GRADLEW","buildId":"d816ad61-9dbf-4772-b852-09cb8227ab56","source":"stdout","level":30,"msg":"> Task :expo-linear-gradient:parseReleaseLocalResources","time":"2026-02-22T23:16:12.722Z","v":0,"logId":"019c87a3-9d32-7a81-b38b-72b3cbe58beb"}
{"name":"worker","pid":937,"phase":"RUN_GRADLEW","buildId":"d816ad61-9dbf-4772-b852-09cb8227ab56","source":"stdout","level":30,"msg":"> Task :expo-linear-gradient:processReleaseManifest","time":"2026-02-22T23:16:12.722Z","v":0,"logId":"019c87a3-9d32-7a81-b38b-72b4518ef3f4"}
{"name":"worker","pid":937,"phase":"RUN_GRADLEW","buildId":"d816ad61-9dbf-4772-b852-09cb8227ab56","source":"stdout","level":30,"msg":"> Task :expo-linear-gradient:javaPreCompileRelease","time":"2026-02-22T23:16:12.722Z","v":0,"logId":"019c87a3-9d32-7a81-b38b-72b5a537edea"}
{"name":"worker","pid":937,"phase":"RUN_GRADLEW","buildId":"d816ad61-9dbf-4772-b852-09cb8227ab56","source":"stdout","level":30,"msg":"> Task :expo-secure-store:parseReleaseLocalResources","time":"2026-02-22T23:16:12.722Z","v":0,"logId":"019c87a3-9d32-7a81-b38b-72b6475f9ec2"}
{"name":"worker","pid":937,"phase":"RUN_GRADLEW","buildId":"d816ad61-9dbf-4772-b852-09cb8227ab56","source":"stdout","level":30,"msg":"> Task :expo-secure-store:processReleaseManifest","time":"2026-02-22T23:16:12.722Z","v":0,"logId":"019c87a3-9d32-7a81-b38b-72b773d126c5"}
{"name":"worker","pid":937,"phase":"RUN_GRADLEW","buildId":"d816ad61-9dbf-4772-b852-09cb8227ab56","source":"stdout","level":30,"msg":"> Task :expo-web-browser:parseReleaseLocalResources","time":"2026-02-22T23:16:12.722Z","v":0,"logId":"019c87a3-9d32-7a81-b38b-72b8241bd1e7"}
{"name":"worker","pid":937,"phase":"RUN_GRADLEW","buildId":"d816ad61-9dbf-4772-b852-09cb8227ab56","source":"stdout","level":30,"msg":"> Task :expo-linear-gradient:generateReleaseRFile","time":"2026-02-22T23:16:12.722Z","v":0,"logId":"019c87a3-9d32-7a81-b38b-72b98222e7bc"}
{"name":"worker","pid":937,"phase":"RUN_GRADLEW","buildId":"d816ad61-9dbf-4772-b852-09cb8227ab56","source":"stdout","level":30,"msg":"> Task :expo-secure-store:generateReleaseRFile","time":"2026-02-22T23:16:12.722Z","v":0,"logId":"019c87a3-9d32-7a81-b38b-72bad615fd2d"}
{"name":"worker","pid":937,"phase":"RUN_GRADLEW","buildId":"d816ad61-9dbf-4772-b852-09cb8227ab56","source":"stdout","level":30,"msg":"> Task :expo-web-browser:processReleaseManifest","time":"2026-02-22T23:16:12.722Z","v":0,"logId":"019c87a3-9d32-7a81-b38b-72bb8bd79a6f"}
{"name":"worker","pid":937,"phase":"RUN_GRADLEW","buildId":"d816ad61-9dbf-4772-b852-09cb8227ab56","source":"stdout","level":30,"msg":"> Task :expo-web-browser:javaPreCompileRelease","time":"2026-02-22T23:16:12.722Z","v":0,"logId":"019c87a3-9d32-7a81-b38b-72bcf4e45361"}
{"name":"worker","pid":937,"phase":"RUN_GRADLEW","buildId":"d816ad61-9dbf-4772-b852-09cb8227ab56","source":"stdout","level":30,"msg":"> Task :expo:javaPreCompileRelease","time":"2026-02-22T23:16:12.722Z","v":0,"logId":"019c87a3-9d32-7a81-b38b-72bd446874f2"}
{"name":"worker","pid":937,"phase":"RUN_GRADLEW","buildId":"d816ad61-9dbf-4772-b852-09cb8227ab56","source":"stdout","level":30,"msg":"> Task :expo-secure-store:javaPreCompileRelease","time":"2026-02-22T23:16:12.820Z","v":0,"logId":"019c87a3-9d94-7bea-ade5-012f3e835895"}
{"name":"worker","pid":937,"phase":"RUN_GRADLEW","buildId":"d816ad61-9dbf-4772-b852-09cb8227ab56","source":"stdout","level":30,"msg":"> Task :react-native-safe-area-context:preBuild UP-TO-DATE","time":"2026-02-22T23:16:12.820Z","v":0,"logId":"019c87a3-9d94-7bea-ade5-013017e8649a"}
{"name":"worker","pid":937,"phase":"RUN_GRADLEW","buildId":"d816ad61-9dbf-4772-b852-09cb8227ab56","source":"stdout","level":30,"msg":"> Task :expo-web-browser:generateReleaseRFile","time":"2026-02-22T23:16:12.820Z","v":0,"logId":"019c87a3-9d94-7bea-ade5-0131e53a4de2"}
{"name":"worker","pid":937,"phase":"RUN_GRADLEW","buildId":"d816ad61-9dbf-4772-b852-09cb8227ab56","source":"stdout","level":30,"msg":"> Task :react-native-safe-area-context:preReleaseBuild UP-TO-DATE","time":"2026-02-22T23:16:12.820Z","v":0,"logId":"019c87a3-9d94-7bea-ade5-0132aa252373"}
{"name":"worker","pid":937,"phase":"RUN_GRADLEW","buildId":"d816ad61-9dbf-4772-b852-09cb8227ab56","source":"stdout","level":30,"msg":"> Task :react-native-screens:preBuild UP-TO-DATE","time":"2026-02-22T23:16:12.820Z","v":0,"logId":"019c87a3-9d94-7bea-ade5-0133287d40e0"}
{"name":"worker","pid":937,"phase":"RUN_GRADLEW","buildId":"d816ad61-9dbf-4772-b852-09cb8227ab56","source":"stdout","level":30,"msg":"> Task :react-native-screens:preReleaseBuild UP-TO-DATE","time":"2026-02-22T23:16:12.821Z","v":0,"logId":"019c87a3-9d95-71af-a5a3-6e92b9fab99a"}
{"name":"worker","pid":937,"phase":"RUN_GRADLEW","buildId":"d816ad61-9dbf-4772-b852-09cb8227ab56","source":"stdout","level":30,"msg":"> Task :expo:mergeReleaseShaders","time":"2026-02-22T23:16:12.821Z","v":0,"logId":"019c87a3-9d95-71af-a5a3-6e932cc31c26"}
{"name":"worker","pid":937,"phase":"RUN_GRADLEW","buildId":"d816ad61-9dbf-4772-b852-09cb8227ab56","source":"stdout","level":30,"msg":"> Task :expo:compileReleaseShaders NO-SOURCE","time":"2026-02-22T23:16:12.821Z","v":0,"logId":"019c87a3-9d95-71af-a5a3-6e94d266ef98"}
{"name":"worker","pid":937,"phase":"RUN_GRADLEW","buildId":"d816ad61-9dbf-4772-b852-09cb8227ab56","source":"stdout","level":30,"msg":"> Task :expo:generateReleaseAssets UP-TO-DATE","time":"2026-02-22T23:16:12.821Z","v":0,"logId":"019c87a3-9d95-71af-a5a3-6e958548077e"}
{"name":"worker","pid":937,"phase":"RUN_GRADLEW","buildId":"d816ad61-9dbf-4772-b852-09cb8227ab56","source":"stdout","level":30,"msg":"> Task :react-native-safe-area-context:mergeReleaseJniLibFolders","time":"2026-02-22T23:16:12.821Z","v":0,"logId":"019c87a3-9d95-71af-a5a3-6e96c0480984"}
{"name":"worker","pid":937,"phase":"RUN_GRADLEW","buildId":"d816ad61-9dbf-4772-b852-09cb8227ab56","source":"stdout","level":30,"msg":"> Task :react-native-safe-area-context:mergeReleaseNativeLibs NO-SOURCE","time":"2026-02-22T23:16:12.821Z","v":0,"logId":"019c87a3-9d95-71af-a5a3-6e975b6043a8"}
{"name":"worker","pid":937,"phase":"RUN_GRADLEW","buildId":"d816ad61-9dbf-4772-b852-09cb8227ab56","source":"stdout","level":30,"msg":"> Task :react-native-safe-area-context:stripReleaseDebugSymbols NO-SOURCE","time":"2026-02-22T23:16:12.821Z","v":0,"logId":"019c87a3-9d95-71af-a5a3-6e98b34a9726"}
{"name":"worker","pid":937,"phase":"RUN_GRADLEW","buildId":"d816ad61-9dbf-4772-b852-09cb8227ab56","source":"stdout","level":30,"msg":"> Task :expo:packageReleaseAssets","time":"2026-02-22T23:16:12.821Z","v":0,"logId":"019c87a3-9d96-7ad8-b10e-338ad0485cdb"}
{"name":"worker","pid":937,"phase":"RUN_GRADLEW","buildId":"d816ad61-9dbf-4772-b852-09cb8227ab56","source":"stdout","level":30,"msg":"> Task :react-native-screens:mergeReleaseJniLibFolders","time":"2026-02-22T23:16:12.822Z","v":0,"logId":"019c87a3-9d96-7ad8-b10e-338be86fa3b2"}
{"name":"worker","pid":937,"phase":"RUN_GRADLEW","buildId":"d816ad61-9dbf-4772-b852-09cb8227ab56","source":"stdout","level":30,"msg":"> Task :react-native-screens:mergeReleaseNativeLibs NO-SOURCE","time":"2026-02-22T23:16:12.822Z","v":0,"logId":"019c87a3-9d96-7ad8-b10e-338ce458fc95"}
{"name":"worker","pid":937,"phase":"RUN_GRADLEW","buildId":"d816ad61-9dbf-4772-b852-09cb8227ab56","source":"stdout","level":30,"msg":"> Task :react-native-screens:stripReleaseDebugSymbols NO-SOURCE","time":"2026-02-22T23:16:12.822Z","v":0,"logId":"019c87a3-9d96-7ad8-b10e-338d8effc2d2"}
{"name":"worker","pid":937,"phase":"RUN_GRADLEW","buildId":"d816ad61-9dbf-4772-b852-09cb8227ab56","source":"stdout","level":30,"msg":"> Task :expo:prepareLintJarForPublish","time":"2026-02-22T23:16:12.822Z","v":0,"logId":"019c87a3-9d96-7ad8-b10e-338e9f819451"}
{"name":"worker","pid":937,"phase":"RUN_GRADLEW","buildId":"d816ad61-9dbf-4772-b852-09cb8227ab56","source":"stdout","level":30,"msg":"> Task :react-native-safe-area-context:copyReleaseJniLibsProjectAndLocalJars","time":"2026-02-22T23:16:12.822Z","v":0,"logId":"019c87a3-9d96-7ad8-b10e-338f027d9084"}
{"name":"worker","pid":937,"phase":"RUN_GRADLEW","buildId":"d816ad61-9dbf-4772-b852-09cb8227ab56","source":"stdout","level":30,"msg":"> Task :react-native-screens:copyReleaseJniLibsProjectAndLocalJars","time":"2026-02-22T23:16:12.822Z","v":0,"logId":"019c87a3-9d96-7ad8-b10e-33909e3cf704"}
{"name":"worker","pid":937,"phase":"RUN_GRADLEW","buildId":"d816ad61-9dbf-4772-b852-09cb8227ab56","source":"stdout","level":30,"msg":"> Task :expo:prepareReleaseArtProfile","time":"2026-02-22T23:16:12.822Z","v":0,"logId":"019c87a3-9d96-7ad8-b10e-3391f7c88934"}
{"name":"worker","pid":937,"phase":"RUN_GRADLEW","buildId":"d816ad61-9dbf-4772-b852-09cb8227ab56","source":"stdout","level":30,"msg":"> Task :react-native-screens:generateReleaseResValues","time":"2026-02-22T23:16:12.822Z","v":0,"logId":"019c87a3-9d96-7ad8-b10e-339206f48b73"}
{"name":"worker","pid":937,"phase":"RUN_GRADLEW","buildId":"d816ad61-9dbf-4772-b852-09cb8227ab56","source":"stdout","level":30,"msg":"> Task :react-native-safe-area-context:generateReleaseResValues","time":"2026-02-22T23:16:12.822Z","v":0,"logId":"019c87a3-9d96-7ad8-b10e-339382120db2"}
{"name":"worker","pid":937,"phase":"RUN_GRADLEW","buildId":"d816ad61-9dbf-4772-b852-09cb8227ab56","source":"stdout","level":30,"msg":"> Task :react-native-screens:extractDeepLinksForAarRelease","time":"2026-02-22T23:16:12.822Z","v":0,"logId":"019c87a3-9d96-7ad8-b10e-339419c544ee"}
{"name":"worker","pid":937,"phase":"RUN_GRADLEW","buildId":"d816ad61-9dbf-4772-b852-09cb8227ab56","source":"stdout","level":30,"msg":"> Task :react-native-safe-area-context:extractDeepLinksForAarRelease","time":"2026-02-22T23:16:12.822Z","v":0,"logId":"019c87a3-9d96-7ad8-b10e-33955fb5046d"}
{"name":"worker","pid":937,"phase":"RUN_GRADLEW","buildId":"d816ad61-9dbf-4772-b852-09cb8227ab56","source":"stdout","level":30,"msg":"> Task :react-native-safe-area-context:generateReleaseBuildConfig","time":"2026-02-22T23:16:12.822Z","v":0,"logId":"019c87a3-9d96-7ad8-b10e-3396a25d96e8"}
{"name":"worker","pid":937,"phase":"RUN_GRADLEW","buildId":"d816ad61-9dbf-4772-b852-09cb8227ab56","source":"stdout","level":30,"msg":"> Task :react-native-safe-area-context:generateReleaseResources","time":"2026-02-22T23:16:12.822Z","v":0,"logId":"019c87a3-9d96-7ad8-b10e-33970514703d"}
{"name":"worker","pid":937,"phase":"RUN_GRADLEW","buildId":"d816ad61-9dbf-4772-b852-09cb8227ab56","source":"stdout","level":30,"msg":"> Task :react-native-screens:generateReleaseBuildConfig","time":"2026-02-22T23:16:12.822Z","v":0,"logId":"019c87a3-9d96-7ad8-b10e-339801dcbd2f"}
{"name":"worker","pid":937,"phase":"RUN_GRADLEW","buildId":"d816ad61-9dbf-4772-b852-09cb8227ab56","source":"stdout","level":30,"msg":"> Task :react-native-screens:generateReleaseResources","time":"2026-02-22T23:16:12.822Z","v":0,"logId":"019c87a3-9d96-7ad8-b10e-33994c5a843e"}
{"name":"worker","pid":937,"phase":"RUN_GRADLEW","buildId":"d816ad61-9dbf-4772-b852-09cb8227ab56","source":"stdout","level":30,"msg":"> Task :expo:writeReleaseAarMetadata","time":"2026-02-22T23:16:12.822Z","v":0,"logId":"019c87a3-9d96-7ad8-b10e-339aa866f4ad"}
{"name":"worker","pid":937,"phase":"RUN_GRADLEW","buildId":"d816ad61-9dbf-4772-b852-09cb8227ab56","source":"stdout","level":30,"msg":"> Task :react-native-svg:preBuild UP-TO-DATE","time":"2026-02-22T23:16:12.822Z","v":0,"logId":"019c87a3-9d96-7ad8-b10e-339bd957e49f"}
{"name":"worker","pid":937,"phase":"RUN_GRADLEW","buildId":"d816ad61-9dbf-4772-b852-09cb8227ab56","source":"stdout","level":30,"msg":"> Task :react-native-svg:preReleaseBuild UP-TO-DATE","time":"2026-02-22T23:16:12.822Z","v":0,"logId":"019c87a3-9d96-7ad8-b10e-339c93abf9e3"}
{"name":"worker","pid":937,"phase":"RUN_GRADLEW","buildId":"d816ad61-9dbf-4772-b852-09cb8227ab56","source":"stdout","level":30,"msg":"> Task :react-native-safe-area-context:packageReleaseResources","time":"2026-02-22T23:16:12.822Z","v":0,"logId":"019c87a3-9d96-7ad8-b10e-339da81370d2"}
{"name":"worker","pid":937,"phase":"RUN_GRADLEW","buildId":"d816ad61-9dbf-4772-b852-09cb8227ab56","source":"stdout","level":30,"msg":"> Task :react-native-svg:mergeReleaseJniLibFolders","time":"2026-02-22T23:16:12.822Z","v":0,"logId":"019c87a3-9d96-7ad8-b10e-339eac0b8905"}
{"name":"worker","pid":937,"phase":"RUN_GRADLEW","buildId":"d816ad61-9dbf-4772-b852-09cb8227ab56","source":"stdout","level":30,"msg":"> Task :react-native-safe-area-context:parseReleaseLocalResources","time":"2026-02-22T23:16:12.822Z","v":0,"logId":"019c87a3-9d96-7ad8-b10e-339f14be4dc3"}
{"name":"worker","pid":937,"phase":"RUN_GRADLEW","buildId":"d816ad61-9dbf-4772-b852-09cb8227ab56","source":"stdout","level":30,"msg":"> Task :react-native-svg:mergeReleaseNativeLibs NO-SOURCE","time":"2026-02-22T23:16:12.822Z","v":0,"logId":"019c87a3-9d96-7ad8-b10e-33a09087c76e"}
{"name":"worker","pid":937,"phase":"RUN_GRADLEW","buildId":"d816ad61-9dbf-4772-b852-09cb8227ab56","source":"stdout","level":30,"msg":"> Task :react-native-svg:stripReleaseDebugSymbols NO-SOURCE","time":"2026-02-22T23:16:12.822Z","v":0,"logId":"019c87a3-9d96-7ad8-b10e-33a1eb4cde98"}
{"name":"worker","pid":937,"phase":"RUN_GRADLEW","buildId":"d816ad61-9dbf-4772-b852-09cb8227ab56","source":"stdout","level":30,"msg":"> Task :react-native-svg:copyReleaseJniLibsProjectAndLocalJars","time":"2026-02-22T23:16:12.926Z","v":0,"logId":"019c87a3-9dfe-7144-91b7-6ec2f051d4de"}
{"name":"worker","pid":937,"phase":"RUN_GRADLEW","buildId":"d816ad61-9dbf-4772-b852-09cb8227ab56","source":"stdout","level":30,"msg":"> Task :react-native-safe-area-context:javaPreCompileRelease","time":"2026-02-22T23:16:12.926Z","v":0,"logId":"019c87a3-9e05-7c9b-aa38-584dd06d868e"}
{"name":"worker","pid":937,"phase":"RUN_GRADLEW","buildId":"d816ad61-9dbf-4772-b852-09cb8227ab56","source":"stdout","level":30,"msg":"> Task :react-native-safe-area-context:processReleaseManifest","time":"2026-02-22T23:16:12.933Z","v":0,"logId":"019c87a3-9e07-7007-8dba-a41595d58588"}
{"name":"worker","pid":937,"phase":"RUN_GRADLEW","buildId":"d816ad61-9dbf-4772-b852-09cb8227ab56","source":"stdout","level":30,"msg":"package=\"com.th3rdwave.safeareacontext\" found in source AndroidManifest.xml: /home/expo/workingdir/build/mobile/node_modules/react-native-safe-area-context/android/src/main/AndroidManifest.xml.","time":"2026-02-22T23:16:12.935Z","v":0,"logId":"019c87a3-9e07-7007-8dba-a41692788421"}
{"name":"worker","pid":937,"phase":"RUN_GRADLEW","buildId":"d816ad61-9dbf-4772-b852-09cb8227ab56","source":"stdout","level":30,"msg":"Setting the namespace via the package attribute in the source AndroidManifest.xml is no longer supported, and the value is ignored.","time":"2026-02-22T23:16:12.935Z","v":0,"logId":"019c87a3-9e07-7007-8dba-a41748489554"}
{"name":"worker","pid":937,"phase":"RUN_GRADLEW","buildId":"d816ad61-9dbf-4772-b852-09cb8227ab56","source":"stdout","level":30,"msg":"Recommendation: remove package=\"com.th3rdwave.safeareacontext\" from the source AndroidManifest.xml: /home/expo/workingdir/build/mobile/node_modules/react-native-safe-area-context/android/src/main/AndroidManifest.xml.","time":"2026-02-22T23:16:12.935Z","v":0,"logId":"019c87a3-9e07-7007-8dba-a4186e5e83a9"}
{"name":"worker","pid":937,"phase":"RUN_GRADLEW","buildId":"d816ad61-9dbf-4772-b852-09cb8227ab56","source":"stdout","level":30,"msg":"> Task :react-native-screens:packageReleaseResources","time":"2026-02-22T23:16:12.936Z","v":0,"logId":"019c87a3-9e08-7ac2-88c1-67a7dfadfdca"}
{"name":"worker","pid":937,"phase":"RUN_GRADLEW","buildId":"d816ad61-9dbf-4772-b852-09cb8227ab56","source":"stdout","level":30,"msg":"> Task :react-native-safe-area-context:mergeReleaseShaders","time":"2026-02-22T23:16:12.936Z","v":0,"logId":"019c87a3-9e08-7ac2-88c1-67a8322a31e8"}
{"name":"worker","pid":937,"phase":"RUN_GRADLEW","buildId":"d816ad61-9dbf-4772-b852-09cb8227ab56","source":"stdout","level":30,"msg":"> Task :react-native-svg:generateReleaseResValues","time":"2026-02-22T23:16:12.936Z","v":0,"logId":"019c87a3-9e08-7ac2-88c1-67a9155fae7b"}
{"name":"worker","pid":937,"phase":"RUN_GRADLEW","buildId":"d816ad61-9dbf-4772-b852-09cb8227ab56","source":"stdout","level":30,"msg":"> Task :react-native-svg:extractDeepLinksForAarRelease","time":"2026-02-22T23:16:12.936Z","v":0,"logId":"019c87a3-9e08-7ac2-88c1-67aa6257a101"}
{"name":"worker","pid":937,"phase":"RUN_GRADLEW","buildId":"d816ad61-9dbf-4772-b852-09cb8227ab56","source":"stdout","level":30,"msg":"> Task :react-native-safe-area-context:compileReleaseShaders NO-SOURCE","time":"2026-02-22T23:16:12.936Z","v":0,"logId":"019c87a3-9e08-7ac2-88c1-67aba7a60922"}
{"name":"worker","pid":937,"phase":"RUN_GRADLEW","buildId":"d816ad61-9dbf-4772-b852-09cb8227ab56","source":"stdout","level":30,"msg":"> Task :react-native-safe-area-context:generateReleaseAssets UP-TO-DATE","time":"2026-02-22T23:16:12.936Z","v":0,"logId":"019c87a3-9e08-7ac2-88c1-67ac529f3226"}
{"name":"worker","pid":937,"phase":"RUN_GRADLEW","buildId":"d816ad61-9dbf-4772-b852-09cb8227ab56","source":"stdout","level":30,"msg":"> Task :react-native-safe-area-context:generateReleaseRFile","time":"2026-02-22T23:16:12.936Z","v":0,"logId":"019c87a3-9e08-7ac2-88c1-67addf190822"}
{"name":"worker","pid":937,"phase":"RUN_GRADLEW","buildId":"d816ad61-9dbf-4772-b852-09cb8227ab56","source":"stdout","level":30,"msg":"> Task :react-native-screens:parseReleaseLocalResources","time":"2026-02-22T23:16:12.936Z","v":0,"logId":"019c87a3-9e08-7ac2-88c1-67ae07dcde05"}
{"name":"worker","pid":937,"phase":"RUN_GRADLEW","buildId":"d816ad61-9dbf-4772-b852-09cb8227ab56","source":"stdout","level":30,"msg":"> Task :react-native-screens:processReleaseManifest","time":"2026-02-22T23:16:12.936Z","v":0,"logId":"019c87a3-9e08-7ac2-88c1-67af38017501"}
{"name":"worker","pid":937,"phase":"RUN_GRADLEW","buildId":"d816ad61-9dbf-4772-b852-09cb8227ab56","source":"stdout","level":30,"msg":"package=\"com.swmansion.rnscreens\" found in source AndroidManifest.xml: /home/expo/workingdir/build/mobile/node_modules/react-native-screens/android/src/main/AndroidManifest.xml.","time":"2026-02-22T23:16:12.937Z","v":0,"logId":"019c87a3-9e09-7319-ad04-2f0e8a1f0ff4"}
{"name":"worker","pid":937,"phase":"RUN_GRADLEW","buildId":"d816ad61-9dbf-4772-b852-09cb8227ab56","source":"stdout","level":30,"msg":"Setting the namespace via the package attribute in the source AndroidManifest.xml is no longer supported, and the value is ignored.","time":"2026-02-22T23:16:12.937Z","v":0,"logId":"019c87a3-9e09-7319-ad04-2f0ff07d8531"}
{"name":"worker","pid":937,"phase":"RUN_GRADLEW","buildId":"d816ad61-9dbf-4772-b852-09cb8227ab56","source":"stdout","level":30,"msg":"Recommendation: remove package=\"com.swmansion.rnscreens\" from the source AndroidManifest.xml: /home/expo/workingdir/build/mobile/node_modules/react-native-screens/android/src/main/AndroidManifest.xml.","time":"2026-02-22T23:16:12.937Z","v":0,"logId":"019c87a3-9e09-7319-ad04-2f10a34d2eee"}
{"name":"worker","pid":937,"phase":"RUN_GRADLEW","buildId":"d816ad61-9dbf-4772-b852-09cb8227ab56","source":"stdout","level":30,"msg":"> Task :react-native-screens:javaPreCompileRelease","time":"2026-02-22T23:16:12.937Z","v":0,"logId":"019c87a3-9e09-7319-ad04-2f110a47166e"}
{"name":"worker","pid":937,"phase":"RUN_GRADLEW","buildId":"d816ad61-9dbf-4772-b852-09cb8227ab56","source":"stdout","level":30,"msg":"> Task :react-native-safe-area-context:packageReleaseAssets","time":"2026-02-22T23:16:12.937Z","v":0,"logId":"019c87a3-9e09-7319-ad04-2f128e2dc72c"}
{"name":"worker","pid":937,"phase":"RUN_GRADLEW","buildId":"d816ad61-9dbf-4772-b852-09cb8227ab56","source":"stdout","level":30,"msg":"> Task :react-native-svg:generateReleaseBuildConfig","time":"2026-02-22T23:16:12.937Z","v":0,"logId":"019c87a3-9e09-7319-ad04-2f13200b5560"}
{"name":"worker","pid":937,"phase":"RUN_GRADLEW","buildId":"d816ad61-9dbf-4772-b852-09cb8227ab56","source":"stdout","level":30,"msg":"> Task :react-native-svg:generateReleaseResources","time":"2026-02-22T23:16:12.937Z","v":0,"logId":"019c87a3-9e09-7319-ad04-2f1459ebac77"}
{"name":"worker","pid":937,"phase":"RUN_GRADLEW","buildId":"d816ad61-9dbf-4772-b852-09cb8227ab56","source":"stdout","level":30,"msg":"> Task :react-native-screens:generateReleaseRFile","time":"2026-02-22T23:16:12.937Z","v":0,"logId":"019c87a3-9e09-7319-ad04-2f1593a37871"}
{"name":"worker","pid":937,"phase":"RUN_GRADLEW","buildId":"d816ad61-9dbf-4772-b852-09cb8227ab56","source":"stdout","level":30,"msg":"> Task :react-native-svg:packageReleaseResources","time":"2026-02-22T23:16:12.937Z","v":0,"logId":"019c87a3-9e09-7319-ad04-2f160a61602b"}
{"name":"worker","pid":937,"phase":"RUN_GRADLEW","buildId":"d816ad61-9dbf-4772-b852-09cb8227ab56","source":"stdout","level":30,"msg":"> Task :react-native-svg:parseReleaseLocalResources","time":"2026-02-22T23:16:12.937Z","v":0,"logId":"019c87a3-9e09-7319-ad04-2f1762583058"}
{"name":"worker","pid":937,"phase":"RUN_GRADLEW","buildId":"d816ad61-9dbf-4772-b852-09cb8227ab56","source":"stdout","level":30,"msg":"> Task :react-native-svg:processReleaseManifest","time":"2026-02-22T23:16:13.020Z","v":0,"logId":"019c87a3-9e5d-7fb7-a34a-1babd0009065"}
{"name":"worker","pid":937,"phase":"RUN_GRADLEW","buildId":"d816ad61-9dbf-4772-b852-09cb8227ab56","source":"stdout","level":30,"msg":"package=\"com.horcrux.svg\" found in source AndroidManifest.xml: /home/expo/workingdir/build/mobile/node_modules/react-native-svg/android/src/main/AndroidManifest.xml.","time":"2026-02-22T23:16:13.021Z","v":0,"logId":"019c87a3-9e5d-7fb7-a34a-1bac1b242249"}
{"name":"worker","pid":937,"phase":"RUN_GRADLEW","buildId":"d816ad61-9dbf-4772-b852-09cb8227ab56","source":"stdout","level":30,"msg":"Setting the namespace via the package attribute in the source AndroidManifest.xml is no longer supported, and the value is ignored.","time":"2026-02-22T23:16:13.021Z","v":0,"logId":"019c87a3-9e5d-7fb7-a34a-1badf9641ba7"}
{"name":"worker","pid":937,"phase":"RUN_GRADLEW","buildId":"d816ad61-9dbf-4772-b852-09cb8227ab56","source":"stdout","level":30,"msg":"Recommendation: remove package=\"com.horcrux.svg\" from the source AndroidManifest.xml: /home/expo/workingdir/build/mobile/node_modules/react-native-svg/android/src/main/AndroidManifest.xml.","time":"2026-02-22T23:16:13.021Z","v":0,"logId":"019c87a3-9e5d-7fb7-a34a-1baedc3e92d1"}
{"name":"worker","pid":937,"phase":"RUN_GRADLEW","buildId":"d816ad61-9dbf-4772-b852-09cb8227ab56","source":"stdout","level":30,"msg":"> Task :react-native-svg:generateReleaseRFile","time":"2026-02-22T23:16:13.420Z","v":0,"logId":"019c87a3-9fec-79be-9e09-cd8c161d1f12"}
{"name":"worker","pid":937,"phase":"RUN_GRADLEW","buildId":"d816ad61-9dbf-4772-b852-09cb8227ab56","source":"stdout","level":30,"msg":"> Task :react-native-svg:extractReleaseAnnotations","time":"2026-02-22T23:16:19.020Z","v":0,"logId":"019c87a3-b5cc-7205-8494-20f47437ba9a"}
{"name":"worker","pid":937,"phase":"RUN_GRADLEW","buildId":"d816ad61-9dbf-4772-b852-09cb8227ab56","source":"stdout","level":30,"msg":"> Task :react-native-safe-area-context:prepareLintJarForPublish","time":"2026-02-22T23:16:19.020Z","v":0,"logId":"019c87a3-b5cc-7205-8494-20f582ac821a"}
{"name":"worker","pid":937,"phase":"RUN_GRADLEW","buildId":"d816ad61-9dbf-4772-b852-09cb8227ab56","source":"stdout","level":30,"msg":"> Task :react-native-safe-area-context:prepareReleaseArtProfile","time":"2026-02-22T23:16:19.020Z","v":0,"logId":"019c87a3-b5cc-7205-8494-20f6c2a686a7"}
{"name":"worker","pid":937,"phase":"RUN_GRADLEW","buildId":"d816ad61-9dbf-4772-b852-09cb8227ab56","source":"stdout","level":30,"msg":"> Task :react-native-safe-area-context:writeReleaseAarMetadata","time":"2026-02-22T23:16:19.020Z","v":0,"logId":"019c87a3-b5cc-7205-8494-20f76366b34e"}
{"name":"worker","pid":937,"phase":"RUN_GRADLEW","buildId":"d816ad61-9dbf-4772-b852-09cb8227ab56","source":"stdout","level":30,"msg":"> Task :react-native-screens:mergeReleaseShaders","time":"2026-02-22T23:16:19.021Z","v":0,"logId":"019c87a3-b5cd-72d9-b440-641262fd16a7"}
{"name":"worker","pid":937,"phase":"RUN_GRADLEW","buildId":"d816ad61-9dbf-4772-b852-09cb8227ab56","source":"stdout","level":30,"msg":"> Task :react-native-screens:compileReleaseShaders NO-SOURCE","time":"2026-02-22T23:16:19.021Z","v":0,"logId":"019c87a3-b5cd-72d9-b440-6413a0f62b21"}
{"name":"worker","pid":937,"phase":"RUN_GRADLEW","buildId":"d816ad61-9dbf-4772-b852-09cb8227ab56","source":"stdout","level":30,"msg":"> Task :react-native-screens:generateReleaseAssets UP-TO-DATE","time":"2026-02-22T23:16:19.021Z","v":0,"logId":"019c87a3-b5cd-72d9-b440-6414e4042346"}
{"name":"worker","pid":937,"phase":"RUN_GRADLEW","buildId":"d816ad61-9dbf-4772-b852-09cb8227ab56","source":"stdout","level":30,"msg":"> Task :react-native-screens:packageReleaseAssets","time":"2026-02-22T23:16:19.021Z","v":0,"logId":"019c87a3-b5cd-72d9-b440-6415adffe227"}
{"name":"worker","pid":937,"phase":"RUN_GRADLEW","buildId":"d816ad61-9dbf-4772-b852-09cb8227ab56","source":"stdout","level":30,"msg":"> Task :react-native-screens:prepareLintJarForPublish","time":"2026-02-22T23:16:19.021Z","v":0,"logId":"019c87a3-b5cd-72d9-b440-641612dc739e"}
{"name":"worker","pid":937,"phase":"RUN_GRADLEW","buildId":"d816ad61-9dbf-4772-b852-09cb8227ab56","source":"stdout","level":30,"msg":"> Task :react-native-screens:prepareReleaseArtProfile","time":"2026-02-22T23:16:19.021Z","v":0,"logId":"019c87a3-b5cd-72d9-b440-6417cf13f138"}
{"name":"worker","pid":937,"phase":"RUN_GRADLEW","buildId":"d816ad61-9dbf-4772-b852-09cb8227ab56","source":"stdout","level":30,"msg":"> Task :react-native-screens:writeReleaseAarMetadata","time":"2026-02-22T23:16:19.021Z","v":0,"logId":"019c87a3-b5cd-72d9-b440-64181cb02e24"}
{"name":"worker","pid":937,"phase":"RUN_GRADLEW","buildId":"d816ad61-9dbf-4772-b852-09cb8227ab56","source":"stdout","level":30,"msg":"> Task :react-native-svg:javaPreCompileRelease","time":"2026-02-22T23:16:19.021Z","v":0,"logId":"019c87a3-b5cd-72d9-b440-64194b5210cd"}
{"name":"worker","pid":937,"phase":"RUN_GRADLEW","buildId":"d816ad61-9dbf-4772-b852-09cb8227ab56","source":"stdout","level":30,"msg":"> Task :react-native-safe-area-context:compileReleaseKotlin","time":"2026-02-22T23:16:20.820Z","v":0,"logId":"019c87a3-bcd4-713d-b2c4-72459cb1adb9"}
{"name":"worker","pid":937,"phase":"RUN_GRADLEW","buildId":"d816ad61-9dbf-4772-b852-09cb8227ab56","source":"stdout","level":30,"msg":"w: file:///home/expo/workingdir/build/mobile/node_modules/react-native-safe-area-context/android/src/main/java/com/th3rdwave/safeareacontext/SafeAreaContextModule.kt:7:46 'ReactModule' is deprecated. Deprecated in Java","time":"2026-02-22T23:16:20.820Z","v":0,"logId":"019c87a3-bcd4-713d-b2c4-72468310dead"}
{"name":"worker","pid":937,"phase":"RUN_GRADLEW","buildId":"d816ad61-9dbf-4772-b852-09cb8227ab56","source":"stdout","level":30,"msg":"w: file:///home/expo/workingdir/build/mobile/node_modules/react-native-safe-area-context/android/src/main/java/com/th3rdwave/safeareacontext/SafeAreaContextModule.kt:9:2 'ReactModule' is deprecated. Deprecated in Java","time":"2026-02-22T23:16:20.820Z","v":0,"logId":"019c87a3-bcd4-713d-b2c4-72478049d018"}
{"name":"worker","pid":937,"phase":"RUN_GRADLEW","buildId":"d816ad61-9dbf-4772-b852-09cb8227ab56","source":"stdout","level":30,"msg":"w: file:///home/expo/workingdir/build/mobile/node_modules/react-native-safe-area-context/android/src/main/java/com/th3rdwave/safeareacontext/SafeAreaContextPackage.kt:6:46 'ReactModule' is deprecated. Deprecated in Java","time":"2026-02-22T23:16:20.821Z","v":0,"logId":"019c87a3-bcd5-7213-b394-5937db3e4444"}
{"name":"worker","pid":937,"phase":"RUN_GRADLEW","buildId":"d816ad61-9dbf-4772-b852-09cb8227ab56","source":"stdout","level":30,"msg":"w: file:///home/expo/workingdir/build/mobile/node_modules/react-native-safe-area-context/android/src/main/java/com/th3rdwave/safeareacontext/SafeAreaContextPackage.kt:26:51 'ReactModule' is deprecated. Deprecated in Java","time":"2026-02-22T23:16:20.821Z","v":0,"logId":"019c87a3-bcd5-7213-b394-593835e2875f"}
{"name":"worker","pid":937,"phase":"RUN_GRADLEW","buildId":"d816ad61-9dbf-4772-b852-09cb8227ab56","source":"stdout","level":30,"msg":"w: file:///home/expo/workingdir/build/mobile/node_modules/react-native-safe-area-context/android/src/main/java/com/th3rdwave/safeareacontext/SafeAreaContextPackage.kt:28:11 'constructor ReactModuleInfo(String!, String!, Boolean, Boolean, Boolean, Boolean, Boolean)' is deprecated. Deprecated in Java","time":"2026-02-22T23:16:20.821Z","v":0,"logId":"019c87a3-bcd5-7213-b394-5939b20a00e7"}
{"name":"worker","pid":937,"phase":"RUN_GRADLEW","buildId":"d816ad61-9dbf-4772-b852-09cb8227ab56","source":"stdout","level":30,"msg":"w: file:///home/expo/workingdir/build/mobile/node_modules/react-native-safe-area-context/android/src/main/java/com/th3rdwave/safeareacontext/SafeAreaContextPackage.kt:34:27 'hasConstants: Boolean' is deprecated. Deprecated in Java","time":"2026-02-22T23:16:20.821Z","v":0,"logId":"019c87a3-bcd5-7213-b394-593a02bfbccf"}
{"name":"worker","pid":937,"phase":"RUN_GRADLEW","buildId":"d816ad61-9dbf-4772-b852-09cb8227ab56","source":"stdout","level":30,"msg":"w: file:///home/expo/workingdir/build/mobile/node_modules/react-native-safe-area-context/android/src/main/java/com/th3rdwave/safeareacontext/SafeAreaProviderManager.kt:4:46 'ReactModule' is deprecated. Deprecated in Java","time":"2026-02-22T23:16:20.821Z","v":0,"logId":"019c87a3-bcd5-7213-b394-593beaef481d"}
{"name":"worker","pid":937,"phase":"RUN_GRADLEW","buildId":"d816ad61-9dbf-4772-b852-09cb8227ab56","source":"stdout","level":30,"msg":"w: file:///home/expo/workingdir/build/mobile/node_modules/react-native-safe-area-context/android/src/main/java/com/th3rdwave/safeareacontext/SafeAreaProviderManager.kt:11:2 'ReactModule' is deprecated. Deprecated in Java","time":"2026-02-22T23:16:20.821Z","v":0,"logId":"019c87a3-bcd5-7213-b394-593c201816b3"}
{"name":"worker","pid":937,"phase":"RUN_GRADLEW","buildId":"d816ad61-9dbf-4772-b852-09cb8227ab56","source":"stdout","level":30,"msg":"w: file:///home/expo/workingdir/build/mobile/node_modules/react-native-safe-area-context/android/src/main/java/com/th3rdwave/safeareacontext/SafeAreaView.kt:59:23 'getter for uiImplementation: UIImplementation!' is deprecated. Deprecated in Java","time":"2026-02-22T23:16:20.821Z","v":0,"logId":"019c87a3-bcd5-7213-b394-593d6aefefa1"}
{"name":"worker","pid":937,"phase":"RUN_GRADLEW","buildId":"d816ad61-9dbf-4772-b852-09cb8227ab56","source":"stdout","level":30,"msg":"w: file:///home/expo/workingdir/build/mobile/node_modules/react-native-safe-area-context/android/src/main/java/com/th3rdwave/safeareacontext/SafeAreaViewManager.kt:4:46 'ReactModule' is deprecated. Deprecated in Java","time":"2026-02-22T23:16:20.821Z","v":0,"logId":"019c87a3-bcd5-7213-b394-593e0e686d91"}
{"name":"worker","pid":937,"phase":"RUN_GRADLEW","buildId":"d816ad61-9dbf-4772-b852-09cb8227ab56","source":"stdout","level":30,"msg":"w: file:///home/expo/workingdir/build/mobile/node_modules/react-native-safe-area-context/android/src/main/java/com/th3rdwave/safeareacontext/SafeAreaViewManager.kt:14:2 'ReactModule' is deprecated. Deprecated in Java","time":"2026-02-22T23:16:20.821Z","v":0,"logId":"019c87a3-bcd5-7213-b394-593f26e544b4"}
{"name":"worker","pid":937,"phase":"RUN_GRADLEW","buildId":"d816ad61-9dbf-4772-b852-09cb8227ab56","source":"stdout","level":30,"msg":"> Task :react-native-safe-area-context:extractReleaseAnnotations","time":"2026-02-22T23:16:20.920Z","v":0,"logId":"019c87a3-bd38-7527-bc4d-e4801510faca"}
{"name":"worker","pid":937,"phase":"RUN_GRADLEW","buildId":"d816ad61-9dbf-4772-b852-09cb8227ab56","source":"stdout","level":30,"msg":"> Task :react-native-safe-area-context:compileReleaseJavaWithJavac","time":"2026-02-22T23:16:23.820Z","v":0,"logId":"019c87a3-c88c-7be1-a0b3-c06f2cfa807f"}
{"name":"worker","pid":937,"phase":"RUN_GRADLEW","buildId":"d816ad61-9dbf-4772-b852-09cb8227ab56","source":"stderr","level":30,"msg":"Note: /home/expo/workingdir/build/mobile/node_modules/react-native-safe-area-context/android/src/paper/java/com/th3rdwave/safeareacontext/NativeSafeAreaContextSpec.java uses or overrides a deprecated API.","time":"2026-02-22T23:16:23.820Z","v":0,"logId":"019c87a3-c88c-7be1-a0b3-c0707e3fd1cd"}
{"name":"worker","pid":937,"phase":"RUN_GRADLEW","buildId":"d816ad61-9dbf-4772-b852-09cb8227ab56","source":"stderr","level":30,"msg":"Note: Recompile with -Xlint:deprecation for details.","time":"2026-02-22T23:16:23.820Z","v":0,"logId":"019c87a3-c88c-7be1-a0b3-c07155493301"}
{"name":"worker","pid":937,"phase":"RUN_GRADLEW","buildId":"d816ad61-9dbf-4772-b852-09cb8227ab56","source":"stdout","level":30,"msg":"> Task :react-native-safe-area-context:mergeReleaseGeneratedProguardFiles","time":"2026-02-22T23:16:29.020Z","v":0,"logId":"019c87a3-dcdc-71a3-a5df-e19bd79adb41"}
{"name":"worker","pid":937,"phase":"RUN_GRADLEW","buildId":"d816ad61-9dbf-4772-b852-09cb8227ab56","source":"stdout","level":30,"msg":"> Task :react-native-safe-area-context:mergeReleaseConsumerProguardFiles","time":"2026-02-22T23:16:29.020Z","v":0,"logId":"019c87a3-dcdc-71a3-a5df-e19c76ca1df5"}
{"name":"worker","pid":937,"phase":"RUN_GRADLEW","buildId":"d816ad61-9dbf-4772-b852-09cb8227ab56","source":"stdout","level":30,"msg":"> Task :react-native-safe-area-context:processReleaseJavaRes","time":"2026-02-22T23:16:29.020Z","v":0,"logId":"019c87a3-dcdc-71a3-a5df-e19d549e44d0"}
{"name":"worker","pid":937,"phase":"RUN_GRADLEW","buildId":"d816ad61-9dbf-4772-b852-09cb8227ab56","source":"stdout","level":30,"msg":"> Task :react-native-svg:compileReleaseJavaWithJavac","time":"2026-02-22T23:16:29.020Z","v":0,"logId":"019c87a3-dcdc-71a3-a5df-e19ef55db380"}
{"name":"worker","pid":937,"phase":"RUN_GRADLEW","buildId":"d816ad61-9dbf-4772-b852-09cb8227ab56","source":"stderr","level":30,"msg":"/home/expo/workingdir/build/mobile/node_modules/react-native-svg/android/src/main/java/com/horcrux/svg/RNSVGRenderableManager.java:11: warning: [removal] StandardCharsets in com.facebook.react.common has been deprecated and marked for removal","time":"2026-02-22T23:16:29.020Z","v":0,"logId":"019c87a3-dcdc-71a3-a5df-e19fb2eb27f1"}
{"name":"worker","pid":937,"phase":"RUN_GRADLEW","buildId":"d816ad61-9dbf-4772-b852-09cb8227ab56","source":"stderr","level":30,"msg":"import static com.facebook.react.common.StandardCharsets.UTF_8;","time":"2026-02-22T23:16:29.020Z","v":0,"logId":"019c87a3-dcdc-71a3-a5df-e1a0b1b3dc88"}
{"name":"worker","pid":937,"phase":"RUN_GRADLEW","buildId":"d816ad61-9dbf-4772-b852-09cb8227ab56","source":"stderr","level":30,"msg":"                                       ^","time":"2026-02-22T23:16:29.020Z","v":0,"logId":"019c87a3-dcdc-71a3-a5df-e1a1e64f1d20"}
{"name":"worker","pid":937,"phase":"RUN_GRADLEW","buildId":"d816ad61-9dbf-4772-b852-09cb8227ab56","source":"stderr","level":30,"msg":"Note: Some input files use or override a deprecated API.","time":"2026-02-22T23:16:29.020Z","v":0,"logId":"019c87a3-dcdc-71a3-a5df-e1a2e8c787c5"}
{"name":"worker","pid":937,"phase":"RUN_GRADLEW","buildId":"d816ad61-9dbf-4772-b852-09cb8227ab56","source":"stderr","level":30,"msg":"Note: Recompile with -Xlint:deprecation for details.","time":"2026-02-22T23:16:29.020Z","v":0,"logId":"019c87a3-dcdc-71a3-a5df-e1a386c895d3"}
{"name":"worker","pid":937,"phase":"RUN_GRADLEW","buildId":"d816ad61-9dbf-4772-b852-09cb8227ab56","source":"stderr","level":30,"msg":"Note: Some input files use unchecked or unsafe operations.","time":"2026-02-22T23:16:29.020Z","v":0,"logId":"019c87a3-dcdc-71a3-a5df-e1a49d5844aa"}
{"name":"worker","pid":937,"phase":"RUN_GRADLEW","buildId":"d816ad61-9dbf-4772-b852-09cb8227ab56","source":"stderr","level":30,"msg":"Note: Recompile with -Xlint:unchecked for details.","time":"2026-02-22T23:16:29.020Z","v":0,"logId":"019c87a3-dcdc-71a3-a5df-e1a5943ec239"}
{"name":"worker","pid":937,"phase":"RUN_GRADLEW","buildId":"d816ad61-9dbf-4772-b852-09cb8227ab56","source":"stderr","level":30,"msg":"1 warning","time":"2026-02-22T23:16:29.020Z","v":0,"logId":"019c87a3-dcdc-71a3-a5df-e1a6da1f56a3"}
{"name":"worker","pid":937,"phase":"RUN_GRADLEW","buildId":"d816ad61-9dbf-4772-b852-09cb8227ab56","source":"stdout","level":30,"msg":"> Task :react-native-safe-area-context:mergeReleaseJavaResource","time":"2026-02-22T23:16:29.320Z","v":0,"logId":"019c87a3-de08-7ff7-bd8c-d7c0bbc585c4"}
{"name":"worker","pid":937,"phase":"RUN_GRADLEW","buildId":"d816ad61-9dbf-4772-b852-09cb8227ab56","source":"stdout","level":30,"msg":"> Task :react-native-svg:mergeReleaseGeneratedProguardFiles","time":"2026-02-22T23:16:29.420Z","v":0,"logId":"019c87a3-de6c-7916-896b-bafa9a3fe39e"}
{"name":"worker","pid":937,"phase":"RUN_GRADLEW","buildId":"d816ad61-9dbf-4772-b852-09cb8227ab56","source":"stdout","level":30,"msg":"> Task :react-native-safe-area-context:syncReleaseLibJars","time":"2026-02-22T23:16:29.420Z","v":0,"logId":"019c87a3-de6c-7916-896b-bafb9bae25a2"}
{"name":"worker","pid":937,"phase":"RUN_GRADLEW","buildId":"d816ad61-9dbf-4772-b852-09cb8227ab56","source":"stdout","level":30,"msg":"> Task :react-native-svg:mergeReleaseConsumerProguardFiles","time":"2026-02-22T23:16:29.420Z","v":0,"logId":"019c87a3-de6c-7916-896b-bafcb53a603d"}
{"name":"worker","pid":937,"phase":"RUN_GRADLEW","buildId":"d816ad61-9dbf-4772-b852-09cb8227ab56","source":"stdout","level":30,"msg":"> Task :react-native-safe-area-context:bundleReleaseLocalLintAar","time":"2026-02-22T23:16:29.420Z","v":0,"logId":"019c87a3-de6c-7916-896b-bafd2f9ae857"}
{"name":"worker","pid":937,"phase":"RUN_GRADLEW","buildId":"d816ad61-9dbf-4772-b852-09cb8227ab56","source":"stdout","level":30,"msg":"> Task :react-native-svg:mergeReleaseShaders","time":"2026-02-22T23:16:29.420Z","v":0,"logId":"019c87a3-de6c-7916-896b-bafe82d21543"}
{"name":"worker","pid":937,"phase":"RUN_GRADLEW","buildId":"d816ad61-9dbf-4772-b852-09cb8227ab56","source":"stdout","level":30,"msg":"> Task :react-native-svg:compileReleaseShaders NO-SOURCE","time":"2026-02-22T23:16:29.420Z","v":0,"logId":"019c87a3-de6c-7916-896b-baff7f221ca8"}
{"name":"worker","pid":937,"phase":"RUN_GRADLEW","buildId":"d816ad61-9dbf-4772-b852-09cb8227ab56","source":"stdout","level":30,"msg":"> Task :react-native-svg:generateReleaseAssets UP-TO-DATE","time":"2026-02-22T23:16:29.420Z","v":0,"logId":"019c87a3-de6c-7916-896b-bb0060c36fde"}
{"name":"worker","pid":937,"phase":"RUN_GRADLEW","buildId":"d816ad61-9dbf-4772-b852-09cb8227ab56","source":"stdout","level":30,"msg":"> Task :react-native-svg:packageReleaseAssets","time":"2026-02-22T23:16:29.420Z","v":0,"logId":"019c87a3-de6c-7916-896b-bb01830818a2"}
{"name":"worker","pid":937,"phase":"RUN_GRADLEW","buildId":"d816ad61-9dbf-4772-b852-09cb8227ab56","source":"stdout","level":30,"msg":"> Task :react-native-svg:prepareLintJarForPublish","time":"2026-02-22T23:16:29.420Z","v":0,"logId":"019c87a3-de6c-7916-896b-bb02fe403a79"}
{"name":"worker","pid":937,"phase":"RUN_GRADLEW","buildId":"d816ad61-9dbf-4772-b852-09cb8227ab56","source":"stdout","level":30,"msg":"> Task :react-native-svg:prepareReleaseArtProfile","time":"2026-02-22T23:16:29.420Z","v":0,"logId":"019c87a3-de6c-7916-896b-bb032d822c3a"}
{"name":"worker","pid":937,"phase":"RUN_GRADLEW","buildId":"d816ad61-9dbf-4772-b852-09cb8227ab56","source":"stdout","level":30,"msg":"> Task :react-native-svg:processReleaseJavaRes NO-SOURCE","time":"2026-02-22T23:16:29.420Z","v":0,"logId":"019c87a3-de6c-7916-896b-bb040e8af58b"}
{"name":"worker","pid":937,"phase":"RUN_GRADLEW","buildId":"d816ad61-9dbf-4772-b852-09cb8227ab56","source":"stdout","level":30,"msg":"> Task :expo-application:mergeReleaseJniLibFolders","time":"2026-02-22T23:16:29.520Z","v":0,"logId":"019c87a3-ded0-7638-aca6-26dd035dd25c"}
{"name":"worker","pid":937,"phase":"RUN_GRADLEW","buildId":"d816ad61-9dbf-4772-b852-09cb8227ab56","source":"stdout","level":30,"msg":"> Task :expo-application:mergeReleaseNativeLibs NO-SOURCE","time":"2026-02-22T23:16:29.520Z","v":0,"logId":"019c87a3-ded0-7638-aca6-26de0def09e7"}
{"name":"worker","pid":937,"phase":"RUN_GRADLEW","buildId":"d816ad61-9dbf-4772-b852-09cb8227ab56","source":"stdout","level":30,"msg":"> Task :expo-application:stripReleaseDebugSymbols NO-SOURCE","time":"2026-02-22T23:16:29.520Z","v":0,"logId":"019c87a3-ded0-7638-aca6-26df5752a924"}
{"name":"worker","pid":937,"phase":"RUN_GRADLEW","buildId":"d816ad61-9dbf-4772-b852-09cb8227ab56","source":"stdout","level":30,"msg":"> Task :react-native-svg:mergeReleaseJavaResource","time":"2026-02-22T23:16:29.520Z","v":0,"logId":"019c87a3-ded0-7638-aca6-26e099bd6ac0"}
{"name":"worker","pid":937,"phase":"RUN_GRADLEW","buildId":"d816ad61-9dbf-4772-b852-09cb8227ab56","source":"stdout","level":30,"msg":"> Task :expo-application:copyReleaseJniLibsProjectAndLocalJars","time":"2026-02-22T23:16:29.520Z","v":0,"logId":"019c87a3-ded0-7638-aca6-26e18588ed65"}
{"name":"worker","pid":937,"phase":"RUN_GRADLEW","buildId":"d816ad61-9dbf-4772-b852-09cb8227ab56","source":"stdout","level":30,"msg":"> Task :expo-application:extractDeepLinksForAarRelease","time":"2026-02-22T23:16:29.520Z","v":0,"logId":"019c87a3-ded0-7638-aca6-26e28cff1aa8"}
{"name":"worker","pid":937,"phase":"RUN_GRADLEW","buildId":"d816ad61-9dbf-4772-b852-09cb8227ab56","source":"stdout","level":30,"msg":"> Task :expo-application:mergeReleaseShaders","time":"2026-02-22T23:16:29.520Z","v":0,"logId":"019c87a3-ded0-7638-aca6-26e38985b97c"}
{"name":"worker","pid":937,"phase":"RUN_GRADLEW","buildId":"d816ad61-9dbf-4772-b852-09cb8227ab56","source":"stdout","level":30,"msg":"> Task :expo-application:compileReleaseShaders NO-SOURCE","time":"2026-02-22T23:16:29.520Z","v":0,"logId":"019c87a3-ded0-7638-aca6-26e4d1df01ab"}
{"name":"worker","pid":937,"phase":"RUN_GRADLEW","buildId":"d816ad61-9dbf-4772-b852-09cb8227ab56","source":"stdout","level":30,"msg":"> Task :expo-application:generateReleaseAssets UP-TO-DATE","time":"2026-02-22T23:16:29.520Z","v":0,"logId":"019c87a3-ded0-7638-aca6-26e5c770af23"}
{"name":"worker","pid":937,"phase":"RUN_GRADLEW","buildId":"d816ad61-9dbf-4772-b852-09cb8227ab56","source":"stdout","level":30,"msg":"> Task :expo-application:packageReleaseAssets","time":"2026-02-22T23:16:29.520Z","v":0,"logId":"019c87a3-ded0-7638-aca6-26e6bdece55d"}
{"name":"worker","pid":937,"phase":"RUN_GRADLEW","buildId":"d816ad61-9dbf-4772-b852-09cb8227ab56","source":"stdout","level":30,"msg":"> Task :expo-application:prepareLintJarForPublish","time":"2026-02-22T23:16:29.520Z","v":0,"logId":"019c87a3-ded0-7638-aca6-26e787ea0507"}
{"name":"worker","pid":937,"phase":"RUN_GRADLEW","buildId":"d816ad61-9dbf-4772-b852-09cb8227ab56","source":"stdout","level":30,"msg":"> Task :expo-application:prepareReleaseArtProfile","time":"2026-02-22T23:16:29.521Z","v":0,"logId":"019c87a3-ded1-7098-89d2-0ce5f397f82d"}
{"name":"worker","pid":937,"phase":"RUN_GRADLEW","buildId":"d816ad61-9dbf-4772-b852-09cb8227ab56","source":"stdout","level":30,"msg":"> Task :expo-application:writeReleaseAarMetadata","time":"2026-02-22T23:16:29.521Z","v":0,"logId":"019c87a3-ded1-7098-89d2-0ce618a5e9b7"}
{"name":"worker","pid":937,"phase":"RUN_GRADLEW","buildId":"d816ad61-9dbf-4772-b852-09cb8227ab56","source":"stdout","level":30,"msg":"> Task :expo-constants:mergeReleaseJniLibFolders","time":"2026-02-22T23:16:29.521Z","v":0,"logId":"019c87a3-ded1-7098-89d2-0ce7fd218df9"}
{"name":"worker","pid":937,"phase":"RUN_GRADLEW","buildId":"d816ad61-9dbf-4772-b852-09cb8227ab56","source":"stdout","level":30,"msg":"> Task :expo-constants:mergeReleaseNativeLibs NO-SOURCE","time":"2026-02-22T23:16:29.521Z","v":0,"logId":"019c87a3-ded1-7098-89d2-0ce8a3a6f1c0"}
{"name":"worker","pid":937,"phase":"RUN_GRADLEW","buildId":"d816ad61-9dbf-4772-b852-09cb8227ab56","source":"stdout","level":30,"msg":"> Task :expo-constants:stripReleaseDebugSymbols NO-SOURCE","time":"2026-02-22T23:16:29.521Z","v":0,"logId":"019c87a3-ded1-7098-89d2-0ce90977e630"}
{"name":"worker","pid":937,"phase":"RUN_GRADLEW","buildId":"d816ad61-9dbf-4772-b852-09cb8227ab56","source":"stdout","level":30,"msg":"> Task :expo-constants:copyReleaseJniLibsProjectAndLocalJars","time":"2026-02-22T23:16:29.521Z","v":0,"logId":"019c87a3-ded1-7098-89d2-0cea46c27c9f"}
{"name":"worker","pid":937,"phase":"RUN_GRADLEW","buildId":"d816ad61-9dbf-4772-b852-09cb8227ab56","source":"stdout","level":30,"msg":"> Task :expo-constants:extractDeepLinksForAarRelease","time":"2026-02-22T23:16:29.521Z","v":0,"logId":"019c87a3-ded1-7098-89d2-0ceb38285c8c"}
{"name":"worker","pid":937,"phase":"RUN_GRADLEW","buildId":"d816ad61-9dbf-4772-b852-09cb8227ab56","source":"stdout","level":30,"msg":"> Task :react-native-svg:syncReleaseLibJars","time":"2026-02-22T23:16:29.620Z","v":0,"logId":"019c87a3-df34-7647-bbe2-51bf64083fec"}
{"name":"worker","pid":937,"phase":"RUN_GRADLEW","buildId":"d816ad61-9dbf-4772-b852-09cb8227ab56","source":"stdout","level":30,"msg":"> Task :react-native-svg:writeReleaseAarMetadata","time":"2026-02-22T23:16:29.620Z","v":0,"logId":"019c87a3-df34-7647-bbe2-51c0ddad4acc"}
{"name":"worker","pid":937,"phase":"RUN_GRADLEW","buildId":"d816ad61-9dbf-4772-b852-09cb8227ab56","source":"stdout","level":30,"msg":"> Task :expo-constants:mergeReleaseShaders","time":"2026-02-22T23:16:29.620Z","v":0,"logId":"019c87a3-df34-7647-bbe2-51c1447e750f"}
{"name":"worker","pid":937,"phase":"RUN_GRADLEW","buildId":"d816ad61-9dbf-4772-b852-09cb8227ab56","source":"stdout","level":30,"msg":"> Task :expo-constants:compileReleaseShaders NO-SOURCE","time":"2026-02-22T23:16:29.620Z","v":0,"logId":"019c87a3-df34-7647-bbe2-51c215c332c6"}
{"name":"worker","pid":937,"phase":"RUN_GRADLEW","buildId":"d816ad61-9dbf-4772-b852-09cb8227ab56","source":"stdout","level":30,"msg":"> Task :expo-constants:generateReleaseAssets UP-TO-DATE","time":"2026-02-22T23:16:29.620Z","v":0,"logId":"019c87a3-df34-7647-bbe2-51c3b8eec231"}
{"name":"worker","pid":937,"phase":"RUN_GRADLEW","buildId":"d816ad61-9dbf-4772-b852-09cb8227ab56","source":"stdout","level":30,"msg":"> Task :react-native-svg:bundleReleaseLocalLintAar","time":"2026-02-22T23:16:29.620Z","v":0,"logId":"019c87a3-df34-7647-bbe2-51c4ca0f4208"}
{"name":"worker","pid":937,"phase":"RUN_GRADLEW","buildId":"d816ad61-9dbf-4772-b852-09cb8227ab56","source":"stdout","level":30,"msg":"> Task :expo-constants:packageReleaseAssets","time":"2026-02-22T23:16:29.620Z","v":0,"logId":"019c87a3-df34-7647-bbe2-51c568773bae"}
{"name":"worker","pid":937,"phase":"RUN_GRADLEW","buildId":"d816ad61-9dbf-4772-b852-09cb8227ab56","source":"stdout","level":30,"msg":"> Task :expo-constants:prepareLintJarForPublish","time":"2026-02-22T23:16:29.620Z","v":0,"logId":"019c87a3-df34-7647-bbe2-51c688e55e97"}
{"name":"worker","pid":937,"phase":"RUN_GRADLEW","buildId":"d816ad61-9dbf-4772-b852-09cb8227ab56","source":"stdout","level":30,"msg":"> Task :expo-crypto:mergeReleaseJniLibFolders","time":"2026-02-22T23:16:29.620Z","v":0,"logId":"019c87a3-df34-7647-bbe2-51c75708f7b6"}
{"name":"worker","pid":937,"phase":"RUN_GRADLEW","buildId":"d816ad61-9dbf-4772-b852-09cb8227ab56","source":"stdout","level":30,"msg":"> Task :expo-constants:prepareReleaseArtProfile","time":"2026-02-22T23:16:29.620Z","v":0,"logId":"019c87a3-df34-7647-bbe2-51c82e96f57c"}
{"name":"worker","pid":937,"phase":"RUN_GRADLEW","buildId":"d816ad61-9dbf-4772-b852-09cb8227ab56","source":"stdout","level":30,"msg":"> Task :expo-crypto:mergeReleaseNativeLibs NO-SOURCE","time":"2026-02-22T23:16:29.720Z","v":0,"logId":"019c87a3-df98-7372-a5c0-7e8b3072e062"}
{"name":"worker","pid":937,"phase":"RUN_GRADLEW","buildId":"d816ad61-9dbf-4772-b852-09cb8227ab56","source":"stdout","level":30,"msg":"> Task :expo-crypto:stripReleaseDebugSymbols NO-SOURCE","time":"2026-02-22T23:16:29.720Z","v":0,"logId":"019c87a3-df98-7372-a5c0-7e8c71436a4a"}
{"name":"worker","pid":937,"phase":"RUN_GRADLEW","buildId":"d816ad61-9dbf-4772-b852-09cb8227ab56","source":"stdout","level":30,"msg":"> Task :expo-constants:writeReleaseAarMetadata","time":"2026-02-22T23:16:29.720Z","v":0,"logId":"019c87a3-df98-7372-a5c0-7e8dfdd8eb4f"}
{"name":"worker","pid":937,"phase":"RUN_GRADLEW","buildId":"d816ad61-9dbf-4772-b852-09cb8227ab56","source":"stdout","level":30,"msg":"> Task :expo-crypto:copyReleaseJniLibsProjectAndLocalJars","time":"2026-02-22T23:16:29.720Z","v":0,"logId":"019c87a3-df98-7372-a5c0-7e8e5dcbf588"}
{"name":"worker","pid":937,"phase":"RUN_GRADLEW","buildId":"d816ad61-9dbf-4772-b852-09cb8227ab56","source":"stdout","level":30,"msg":"> Task :expo-file-system:mergeReleaseJniLibFolders","time":"2026-02-22T23:16:29.720Z","v":0,"logId":"019c87a3-df98-7372-a5c0-7e8f5d7cf680"}
{"name":"worker","pid":937,"phase":"RUN_GRADLEW","buildId":"d816ad61-9dbf-4772-b852-09cb8227ab56","source":"stdout","level":30,"msg":"> Task :expo-crypto:extractDeepLinksForAarRelease","time":"2026-02-22T23:16:29.720Z","v":0,"logId":"019c87a3-df98-7372-a5c0-7e902b449f74"}
{"name":"worker","pid":937,"phase":"RUN_GRADLEW","buildId":"d816ad61-9dbf-4772-b852-09cb8227ab56","source":"stdout","level":30,"msg":"> Task :expo-file-system:mergeReleaseNativeLibs NO-SOURCE","time":"2026-02-22T23:16:29.720Z","v":0,"logId":"019c87a3-df98-7372-a5c0-7e91995f4fab"}
{"name":"worker","pid":937,"phase":"RUN_GRADLEW","buildId":"d816ad61-9dbf-4772-b852-09cb8227ab56","source":"stdout","level":30,"msg":"> Task :expo-file-system:stripReleaseDebugSymbols NO-SOURCE","time":"2026-02-22T23:16:29.720Z","v":0,"logId":"019c87a3-df98-7372-a5c0-7e92ca7c8997"}
{"name":"worker","pid":937,"phase":"RUN_GRADLEW","buildId":"d816ad61-9dbf-4772-b852-09cb8227ab56","source":"stdout","level":30,"msg":"> Task :expo-crypto:mergeReleaseShaders","time":"2026-02-22T23:16:29.721Z","v":0,"logId":"019c87a3-df99-7282-98b4-0885defae58f"}
{"name":"worker","pid":937,"phase":"RUN_GRADLEW","buildId":"d816ad61-9dbf-4772-b852-09cb8227ab56","source":"stdout","level":30,"msg":"> Task :expo-crypto:compileReleaseShaders NO-SOURCE","time":"2026-02-22T23:16:29.721Z","v":0,"logId":"019c87a3-df99-7282-98b4-08864d794050"}
{"name":"worker","pid":937,"phase":"RUN_GRADLEW","buildId":"d816ad61-9dbf-4772-b852-09cb8227ab56","source":"stdout","level":30,"msg":"> Task :expo-crypto:generateReleaseAssets UP-TO-DATE","time":"2026-02-22T23:16:29.721Z","v":0,"logId":"019c87a3-df99-7282-98b4-08873b0aaad5"}
{"name":"worker","pid":937,"phase":"RUN_GRADLEW","buildId":"d816ad61-9dbf-4772-b852-09cb8227ab56","source":"stdout","level":30,"msg":"> Task :expo-file-system:copyReleaseJniLibsProjectAndLocalJars","time":"2026-02-22T23:16:29.721Z","v":0,"logId":"019c87a3-df99-7282-98b4-0888d65fd882"}
{"name":"worker","pid":937,"phase":"RUN_GRADLEW","buildId":"d816ad61-9dbf-4772-b852-09cb8227ab56","source":"stdout","level":30,"msg":"> Task :expo-crypto:packageReleaseAssets","time":"2026-02-22T23:16:29.721Z","v":0,"logId":"019c87a3-df99-7282-98b4-08898763a5cb"}
{"name":"worker","pid":937,"phase":"RUN_GRADLEW","buildId":"d816ad61-9dbf-4772-b852-09cb8227ab56","source":"stdout","level":30,"msg":"> Task :expo-file-system:extractDeepLinksForAarRelease","time":"2026-02-22T23:16:29.721Z","v":0,"logId":"019c87a3-df99-7282-98b4-088ae2d5ad46"}
{"name":"worker","pid":937,"phase":"RUN_GRADLEW","buildId":"d816ad61-9dbf-4772-b852-09cb8227ab56","source":"stdout","level":30,"msg":"> Task :expo-crypto:prepareLintJarForPublish","time":"2026-02-22T23:16:29.721Z","v":0,"logId":"019c87a3-df99-7282-98b4-088b50531032"}
{"name":"worker","pid":937,"phase":"RUN_GRADLEW","buildId":"d816ad61-9dbf-4772-b852-09cb8227ab56","source":"stdout","level":30,"msg":"> Task :expo-crypto:prepareReleaseArtProfile","time":"2026-02-22T23:16:29.721Z","v":0,"logId":"019c87a3-df9a-78df-b377-a7cff809f452"}
{"name":"worker","pid":937,"phase":"RUN_GRADLEW","buildId":"d816ad61-9dbf-4772-b852-09cb8227ab56","source":"stdout","level":30,"msg":"> Task :expo-file-system:mergeReleaseShaders","time":"2026-02-22T23:16:29.722Z","v":0,"logId":"019c87a3-df9a-78df-b377-a7d0c34dfbb8"}
{"name":"worker","pid":937,"phase":"RUN_GRADLEW","buildId":"d816ad61-9dbf-4772-b852-09cb8227ab56","source":"stdout","level":30,"msg":"> Task :expo-file-system:compileReleaseShaders NO-SOURCE","time":"2026-02-22T23:16:29.722Z","v":0,"logId":"019c87a3-df9a-78df-b377-a7d1c79852b1"}
{"name":"worker","pid":937,"phase":"RUN_GRADLEW","buildId":"d816ad61-9dbf-4772-b852-09cb8227ab56","source":"stdout","level":30,"msg":"> Task :expo-file-system:generateReleaseAssets UP-TO-DATE","time":"2026-02-22T23:16:29.722Z","v":0,"logId":"019c87a3-df9a-78df-b377-a7d2225077e5"}
{"name":"worker","pid":937,"phase":"RUN_GRADLEW","buildId":"d816ad61-9dbf-4772-b852-09cb8227ab56","source":"stdout","level":30,"msg":"> Task :expo-crypto:writeReleaseAarMetadata","time":"2026-02-22T23:16:29.722Z","v":0,"logId":"019c87a3-df9a-78df-b377-a7d396fa2cd5"}
{"name":"worker","pid":937,"phase":"RUN_GRADLEW","buildId":"d816ad61-9dbf-4772-b852-09cb8227ab56","source":"stdout","level":30,"msg":"> Task :expo-file-system:packageReleaseAssets","time":"2026-02-22T23:16:29.820Z","v":0,"logId":"019c87a3-dffc-776b-89cb-99d3c1c89c5d"}
{"name":"worker","pid":937,"phase":"RUN_GRADLEW","buildId":"d816ad61-9dbf-4772-b852-09cb8227ab56","source":"stdout","level":30,"msg":"> Task :expo-font:mergeReleaseJniLibFolders","time":"2026-02-22T23:16:29.820Z","v":0,"logId":"019c87a3-dffc-776b-89cb-99d41f74f828"}
{"name":"worker","pid":937,"phase":"RUN_GRADLEW","buildId":"d816ad61-9dbf-4772-b852-09cb8227ab56","source":"stdout","level":30,"msg":"> Task :expo-font:mergeReleaseNativeLibs NO-SOURCE","time":"2026-02-22T23:16:29.820Z","v":0,"logId":"019c87a3-dffc-776b-89cb-99d56eac505a"}
{"name":"worker","pid":937,"phase":"RUN_GRADLEW","buildId":"d816ad61-9dbf-4772-b852-09cb8227ab56","source":"stdout","level":30,"msg":"> Task :expo-file-system:prepareLintJarForPublish","time":"2026-02-22T23:16:29.820Z","v":0,"logId":"019c87a3-dffc-776b-89cb-99d6f84873bc"}
{"name":"worker","pid":937,"phase":"RUN_GRADLEW","buildId":"d816ad61-9dbf-4772-b852-09cb8227ab56","source":"stdout","level":30,"msg":"> Task :expo-font:stripReleaseDebugSymbols NO-SOURCE","time":"2026-02-22T23:16:29.820Z","v":0,"logId":"019c87a3-dffc-776b-89cb-99d7dc510329"}
{"name":"worker","pid":937,"phase":"RUN_GRADLEW","buildId":"d816ad61-9dbf-4772-b852-09cb8227ab56","source":"stdout","level":30,"msg":"> Task :expo-file-system:prepareReleaseArtProfile","time":"2026-02-22T23:16:29.821Z","v":0,"logId":"019c87a3-dffd-7dc5-9b6c-ca34af38e8bb"}
{"name":"worker","pid":937,"phase":"RUN_GRADLEW","buildId":"d816ad61-9dbf-4772-b852-09cb8227ab56","source":"stdout","level":30,"msg":"> Task :expo-font:copyReleaseJniLibsProjectAndLocalJars","time":"2026-02-22T23:16:29.821Z","v":0,"logId":"019c87a3-dffd-7dc5-9b6c-ca3576f2498f"}
{"name":"worker","pid":937,"phase":"RUN_GRADLEW","buildId":"d816ad61-9dbf-4772-b852-09cb8227ab56","source":"stdout","level":30,"msg":"> Task :expo-file-system:writeReleaseAarMetadata","time":"2026-02-22T23:16:29.821Z","v":0,"logId":"019c87a3-dffd-7dc5-9b6c-ca36dfdbf8bc"}
{"name":"worker","pid":937,"phase":"RUN_GRADLEW","buildId":"d816ad61-9dbf-4772-b852-09cb8227ab56","source":"stdout","level":30,"msg":"> Task :expo-font:extractDeepLinksForAarRelease","time":"2026-02-22T23:16:29.821Z","v":0,"logId":"019c87a3-dffd-7dc5-9b6c-ca37607808b9"}
{"name":"worker","pid":937,"phase":"RUN_GRADLEW","buildId":"d816ad61-9dbf-4772-b852-09cb8227ab56","source":"stdout","level":30,"msg":"> Task :expo-keep-awake:mergeReleaseJniLibFolders","time":"2026-02-22T23:16:29.821Z","v":0,"logId":"019c87a3-dffd-7dc5-9b6c-ca381007e12d"}
{"name":"worker","pid":937,"phase":"RUN_GRADLEW","buildId":"d816ad61-9dbf-4772-b852-09cb8227ab56","source":"stdout","level":30,"msg":"> Task :expo-keep-awake:mergeReleaseNativeLibs NO-SOURCE","time":"2026-02-22T23:16:29.821Z","v":0,"logId":"019c87a3-dffd-7dc5-9b6c-ca39e3fb9ee9"}
{"name":"worker","pid":937,"phase":"RUN_GRADLEW","buildId":"d816ad61-9dbf-4772-b852-09cb8227ab56","source":"stdout","level":30,"msg":"> Task :expo-keep-awake:stripReleaseDebugSymbols NO-SOURCE","time":"2026-02-22T23:16:29.821Z","v":0,"logId":"019c87a3-dffd-7dc5-9b6c-ca3aef1eb8ac"}
{"name":"worker","pid":937,"phase":"RUN_GRADLEW","buildId":"d816ad61-9dbf-4772-b852-09cb8227ab56","source":"stdout","level":30,"msg":"> Task :expo-keep-awake:copyReleaseJniLibsProjectAndLocalJars","time":"2026-02-22T23:16:29.821Z","v":0,"logId":"019c87a3-dffd-7dc5-9b6c-ca3b9cb3e7ed"}
{"name":"worker","pid":937,"phase":"RUN_GRADLEW","buildId":"d816ad61-9dbf-4772-b852-09cb8227ab56","source":"stdout","level":30,"msg":"> Task :expo-font:mergeReleaseShaders","time":"2026-02-22T23:16:29.821Z","v":0,"logId":"019c87a3-dffd-7dc5-9b6c-ca3c60feb9a8"}
{"name":"worker","pid":937,"phase":"RUN_GRADLEW","buildId":"d816ad61-9dbf-4772-b852-09cb8227ab56","source":"stdout","level":30,"msg":"> Task :expo-keep-awake:extractDeepLinksForAarRelease","time":"2026-02-22T23:16:29.821Z","v":0,"logId":"019c87a3-dffd-7dc5-9b6c-ca3d901d43bf"}
{"name":"worker","pid":937,"phase":"RUN_GRADLEW","buildId":"d816ad61-9dbf-4772-b852-09cb8227ab56","source":"stdout","level":30,"msg":"> Task :expo-keep-awake:mergeReleaseShaders","time":"2026-02-22T23:16:29.821Z","v":0,"logId":"019c87a3-dffd-7dc5-9b6c-ca3ecd71787b"}
{"name":"worker","pid":937,"phase":"RUN_GRADLEW","buildId":"d816ad61-9dbf-4772-b852-09cb8227ab56","source":"stdout","level":30,"msg":"> Task :expo-font:compileReleaseShaders NO-SOURCE","time":"2026-02-22T23:16:29.821Z","v":0,"logId":"019c87a3-dffd-7dc5-9b6c-ca3f0f4bf18b"}
{"name":"worker","pid":937,"phase":"RUN_GRADLEW","buildId":"d816ad61-9dbf-4772-b852-09cb8227ab56","source":"stdout","level":30,"msg":"> Task :expo-keep-awake:compileReleaseShaders NO-SOURCE","time":"2026-02-22T23:16:29.821Z","v":0,"logId":"019c87a3-dffd-7dc5-9b6c-ca407b2077a7"}
{"name":"worker","pid":937,"phase":"RUN_GRADLEW","buildId":"d816ad61-9dbf-4772-b852-09cb8227ab56","source":"stdout","level":30,"msg":"> Task :expo-font:generateReleaseAssets UP-TO-DATE","time":"2026-02-22T23:16:29.821Z","v":0,"logId":"019c87a3-dffd-7dc5-9b6c-ca41395150ac"}
{"name":"worker","pid":937,"phase":"RUN_GRADLEW","buildId":"d816ad61-9dbf-4772-b852-09cb8227ab56","source":"stdout","level":30,"msg":"> Task :expo-keep-awake:generateReleaseAssets UP-TO-DATE","time":"2026-02-22T23:16:29.821Z","v":0,"logId":"019c87a3-dffd-7dc5-9b6c-ca42ab0ddee0"}
{"name":"worker","pid":937,"phase":"RUN_GRADLEW","buildId":"d816ad61-9dbf-4772-b852-09cb8227ab56","source":"stdout","level":30,"msg":"> Task :expo-keep-awake:packageReleaseAssets","time":"2026-02-22T23:16:29.821Z","v":0,"logId":"019c87a3-dffd-7dc5-9b6c-ca438ad7a0e1"}
{"name":"worker","pid":937,"phase":"RUN_GRADLEW","buildId":"d816ad61-9dbf-4772-b852-09cb8227ab56","source":"stdout","level":30,"msg":"> Task :expo-font:packageReleaseAssets","time":"2026-02-22T23:16:29.821Z","v":0,"logId":"019c87a3-dffd-7dc5-9b6c-ca4451649ef6"}
{"name":"worker","pid":937,"phase":"RUN_GRADLEW","buildId":"d816ad61-9dbf-4772-b852-09cb8227ab56","source":"stdout","level":30,"msg":"> Task :expo-keep-awake:prepareLintJarForPublish","time":"2026-02-22T23:16:29.821Z","v":0,"logId":"019c87a3-dffd-7dc5-9b6c-ca45578f7829"}
{"name":"worker","pid":937,"phase":"RUN_GRADLEW","buildId":"d816ad61-9dbf-4772-b852-09cb8227ab56","source":"stdout","level":30,"msg":"> Task :expo-keep-awake:prepareReleaseArtProfile","time":"2026-02-22T23:16:29.821Z","v":0,"logId":"019c87a3-dffd-7dc5-9b6c-ca4606b8a8d8"}
{"name":"worker","pid":937,"phase":"RUN_GRADLEW","buildId":"d816ad61-9dbf-4772-b852-09cb8227ab56","source":"stdout","level":30,"msg":"> Task :expo-font:prepareLintJarForPublish","time":"2026-02-22T23:16:29.821Z","v":0,"logId":"019c87a3-dffd-7dc5-9b6c-ca4772dd5b39"}
{"name":"worker","pid":937,"phase":"RUN_GRADLEW","buildId":"d816ad61-9dbf-4772-b852-09cb8227ab56","source":"stdout","level":30,"msg":"> Task :expo-keep-awake:writeReleaseAarMetadata","time":"2026-02-22T23:16:29.821Z","v":0,"logId":"019c87a3-dffd-7dc5-9b6c-ca48c6688a77"}
{"name":"worker","pid":937,"phase":"RUN_GRADLEW","buildId":"d816ad61-9dbf-4772-b852-09cb8227ab56","source":"stdout","level":30,"msg":"> Task :expo-linear-gradient:mergeReleaseJniLibFolders","time":"2026-02-22T23:16:29.821Z","v":0,"logId":"019c87a3-dffd-7dc5-9b6c-ca491141ef22"}
{"name":"worker","pid":937,"phase":"RUN_GRADLEW","buildId":"d816ad61-9dbf-4772-b852-09cb8227ab56","source":"stdout","level":30,"msg":"> Task :expo-font:prepareReleaseArtProfile","time":"2026-02-22T23:16:29.821Z","v":0,"logId":"019c87a3-dffd-7dc5-9b6c-ca4a4c09fbe0"}
{"name":"worker","pid":937,"phase":"RUN_GRADLEW","buildId":"d816ad61-9dbf-4772-b852-09cb8227ab56","source":"stdout","level":30,"msg":"> Task :expo-linear-gradient:mergeReleaseNativeLibs NO-SOURCE","time":"2026-02-22T23:16:29.821Z","v":0,"logId":"019c87a3-dffd-7dc5-9b6c-ca4bfa6bea42"}
{"name":"worker","pid":937,"phase":"RUN_GRADLEW","buildId":"d816ad61-9dbf-4772-b852-09cb8227ab56","source":"stdout","level":30,"msg":"> Task :expo-font:writeReleaseAarMetadata","time":"2026-02-22T23:16:29.821Z","v":0,"logId":"019c87a3-dffd-7dc5-9b6c-ca4c8542f7cc"}
{"name":"worker","pid":937,"phase":"RUN_GRADLEW","buildId":"d816ad61-9dbf-4772-b852-09cb8227ab56","source":"stdout","level":30,"msg":"> Task :expo-linear-gradient:stripReleaseDebugSymbols NO-SOURCE","time":"2026-02-22T23:16:29.920Z","v":0,"logId":"019c87a3-e060-791f-ab52-4180bca17f3c"}
{"name":"worker","pid":937,"phase":"RUN_GRADLEW","buildId":"d816ad61-9dbf-4772-b852-09cb8227ab56","source":"stdout","level":30,"msg":"> Task :expo-linear-gradient:copyReleaseJniLibsProjectAndLocalJars","time":"2026-02-22T23:16:29.920Z","v":0,"logId":"019c87a3-e060-791f-ab52-4181d0002cf1"}
{"name":"worker","pid":937,"phase":"RUN_GRADLEW","buildId":"d816ad61-9dbf-4772-b852-09cb8227ab56","source":"stdout","level":30,"msg":"> Task :expo-linear-gradient:extractDeepLinksForAarRelease","time":"2026-02-22T23:16:29.920Z","v":0,"logId":"019c87a3-e060-791f-ab52-4182f353e9dc"}
{"name":"worker","pid":937,"phase":"RUN_GRADLEW","buildId":"d816ad61-9dbf-4772-b852-09cb8227ab56","source":"stdout","level":30,"msg":"> Task :expo-secure-store:mergeReleaseJniLibFolders","time":"2026-02-22T23:16:29.920Z","v":0,"logId":"019c87a3-e060-791f-ab52-418359c1f33b"}
{"name":"worker","pid":937,"phase":"RUN_GRADLEW","buildId":"d816ad61-9dbf-4772-b852-09cb8227ab56","source":"stdout","level":30,"msg":"> Task :expo-secure-store:mergeReleaseNativeLibs NO-SOURCE","time":"2026-02-22T23:16:29.920Z","v":0,"logId":"019c87a3-e060-791f-ab52-4184378d8da1"}
{"name":"worker","pid":937,"phase":"RUN_GRADLEW","buildId":"d816ad61-9dbf-4772-b852-09cb8227ab56","source":"stdout","level":30,"msg":"> Task :expo-secure-store:stripReleaseDebugSymbols NO-SOURCE","time":"2026-02-22T23:16:29.920Z","v":0,"logId":"019c87a3-e060-791f-ab52-4185e4069761"}
{"name":"worker","pid":937,"phase":"RUN_GRADLEW","buildId":"d816ad61-9dbf-4772-b852-09cb8227ab56","source":"stdout","level":30,"msg":"> Task :expo-linear-gradient:mergeReleaseShaders","time":"2026-02-22T23:16:29.920Z","v":0,"logId":"019c87a3-e061-794f-8440-d78c6a27f162"}
{"name":"worker","pid":937,"phase":"RUN_GRADLEW","buildId":"d816ad61-9dbf-4772-b852-09cb8227ab56","source":"stdout","level":30,"msg":"> Task :expo-linear-gradient:compileReleaseShaders NO-SOURCE","time":"2026-02-22T23:16:29.921Z","v":0,"logId":"019c87a3-e061-794f-8440-d78daa96b273"}
{"name":"worker","pid":937,"phase":"RUN_GRADLEW","buildId":"d816ad61-9dbf-4772-b852-09cb8227ab56","source":"stdout","level":30,"msg":"> Task :expo-linear-gradient:generateReleaseAssets UP-TO-DATE","time":"2026-02-22T23:16:29.921Z","v":0,"logId":"019c87a3-e061-794f-8440-d78e3607adc9"}
{"name":"worker","pid":937,"phase":"RUN_GRADLEW","buildId":"d816ad61-9dbf-4772-b852-09cb8227ab56","source":"stdout","level":30,"msg":"> Task :expo-secure-store:copyReleaseJniLibsProjectAndLocalJars","time":"2026-02-22T23:16:29.921Z","v":0,"logId":"019c87a3-e061-794f-8440-d78fa09fae5b"}
{"name":"worker","pid":937,"phase":"RUN_GRADLEW","buildId":"d816ad61-9dbf-4772-b852-09cb8227ab56","source":"stdout","level":30,"msg":"> Task :expo-linear-gradient:packageReleaseAssets","time":"2026-02-22T23:16:29.921Z","v":0,"logId":"019c87a3-e061-794f-8440-d79022c8883b"}
{"name":"worker","pid":937,"phase":"RUN_GRADLEW","buildId":"d816ad61-9dbf-4772-b852-09cb8227ab56","source":"stdout","level":30,"msg":"> Task :expo-secure-store:extractDeepLinksForAarRelease","time":"2026-02-22T23:16:29.921Z","v":0,"logId":"019c87a3-e061-794f-8440-d79157bda857"}
{"name":"worker","pid":937,"phase":"RUN_GRADLEW","buildId":"d816ad61-9dbf-4772-b852-09cb8227ab56","source":"stdout","level":30,"msg":"> Task :expo-linear-gradient:prepareLintJarForPublish","time":"2026-02-22T23:16:29.921Z","v":0,"logId":"019c87a3-e061-794f-8440-d7927b2fc37e"}
{"name":"worker","pid":937,"phase":"RUN_GRADLEW","buildId":"d816ad61-9dbf-4772-b852-09cb8227ab56","source":"stdout","level":30,"msg":"> Task :expo-linear-gradient:prepareReleaseArtProfile","time":"2026-02-22T23:16:29.921Z","v":0,"logId":"019c87a3-e061-794f-8440-d793f892369f"}
{"name":"worker","pid":937,"phase":"RUN_GRADLEW","buildId":"d816ad61-9dbf-4772-b852-09cb8227ab56","source":"stdout","level":30,"msg":"> Task :expo-secure-store:mergeReleaseShaders","time":"2026-02-22T23:16:29.921Z","v":0,"logId":"019c87a3-e061-794f-8440-d794a731d984"}
{"name":"worker","pid":937,"phase":"RUN_GRADLEW","buildId":"d816ad61-9dbf-4772-b852-09cb8227ab56","source":"stdout","level":30,"msg":"> Task :expo-secure-store:compileReleaseShaders NO-SOURCE","time":"2026-02-22T23:16:29.921Z","v":0,"logId":"019c87a3-e061-794f-8440-d795e831a710"}
{"name":"worker","pid":937,"phase":"RUN_GRADLEW","buildId":"d816ad61-9dbf-4772-b852-09cb8227ab56","source":"stdout","level":30,"msg":"> Task :expo-secure-store:generateReleaseAssets UP-TO-DATE","time":"2026-02-22T23:16:29.921Z","v":0,"logId":"019c87a3-e061-794f-8440-d7961d2fdc30"}
{"name":"worker","pid":937,"phase":"RUN_GRADLEW","buildId":"d816ad61-9dbf-4772-b852-09cb8227ab56","source":"stdout","level":30,"msg":"> Task :expo-linear-gradient:writeReleaseAarMetadata","time":"2026-02-22T23:16:29.921Z","v":0,"logId":"019c87a3-e061-794f-8440-d79755e565b1"}
{"name":"worker","pid":937,"phase":"RUN_GRADLEW","buildId":"d816ad61-9dbf-4772-b852-09cb8227ab56","source":"stdout","level":30,"msg":"> Task :expo-web-browser:mergeReleaseJniLibFolders","time":"2026-02-22T23:16:29.921Z","v":0,"logId":"019c87a3-e061-794f-8440-d79839e53f27"}
{"name":"worker","pid":937,"phase":"RUN_GRADLEW","buildId":"d816ad61-9dbf-4772-b852-09cb8227ab56","source":"stdout","level":30,"msg":"> Task :expo-web-browser:mergeReleaseNativeLibs NO-SOURCE","time":"2026-02-22T23:16:29.921Z","v":0,"logId":"019c87a3-e061-794f-8440-d79946eda0b7"}
{"name":"worker","pid":937,"phase":"RUN_GRADLEW","buildId":"d816ad61-9dbf-4772-b852-09cb8227ab56","source":"stdout","level":30,"msg":"> Task :expo-secure-store:packageReleaseAssets","time":"2026-02-22T23:16:29.921Z","v":0,"logId":"019c87a3-e061-794f-8440-d79ac84736f7"}
{"name":"worker","pid":937,"phase":"RUN_GRADLEW","buildId":"d816ad61-9dbf-4772-b852-09cb8227ab56","source":"stdout","level":30,"msg":"> Task :expo-web-browser:stripReleaseDebugSymbols NO-SOURCE","time":"2026-02-22T23:16:29.921Z","v":0,"logId":"019c87a3-e061-794f-8440-d79b6038ad11"}
{"name":"worker","pid":937,"phase":"RUN_GRADLEW","buildId":"d816ad61-9dbf-4772-b852-09cb8227ab56","source":"stdout","level":30,"msg":"> Task :expo-web-browser:copyReleaseJniLibsProjectAndLocalJars","time":"2026-02-22T23:16:29.921Z","v":0,"logId":"019c87a3-e061-794f-8440-d79ca9eedc85"}
{"name":"worker","pid":937,"phase":"RUN_GRADLEW","buildId":"d816ad61-9dbf-4772-b852-09cb8227ab56","source":"stdout","level":30,"msg":"> Task :expo-web-browser:extractDeepLinksForAarRelease","time":"2026-02-22T23:16:29.921Z","v":0,"logId":"019c87a3-e061-794f-8440-d79dbb193fc4"}
{"name":"worker","pid":937,"phase":"RUN_GRADLEW","buildId":"d816ad61-9dbf-4772-b852-09cb8227ab56","source":"stdout","level":30,"msg":"> Task :expo-secure-store:prepareLintJarForPublish","time":"2026-02-22T23:16:29.921Z","v":0,"logId":"019c87a3-e061-794f-8440-d79ee8ee3db9"}
{"name":"worker","pid":937,"phase":"RUN_GRADLEW","buildId":"d816ad61-9dbf-4772-b852-09cb8227ab56","source":"stdout","level":30,"msg":"> Task :expo-secure-store:prepareReleaseArtProfile","time":"2026-02-22T23:16:29.921Z","v":0,"logId":"019c87a3-e061-794f-8440-d79f0d196245"}
{"name":"worker","pid":937,"phase":"RUN_GRADLEW","buildId":"d816ad61-9dbf-4772-b852-09cb8227ab56","source":"stdout","level":30,"msg":"> Task :expo-web-browser:mergeReleaseShaders","time":"2026-02-22T23:16:29.921Z","v":0,"logId":"019c87a3-e061-794f-8440-d7a08168e7ed"}
{"name":"worker","pid":937,"phase":"RUN_GRADLEW","buildId":"d816ad61-9dbf-4772-b852-09cb8227ab56","source":"stdout","level":30,"msg":"> Task :expo-web-browser:compileReleaseShaders NO-SOURCE","time":"2026-02-22T23:16:29.921Z","v":0,"logId":"019c87a3-e061-794f-8440-d7a130d1e018"}
{"name":"worker","pid":937,"phase":"RUN_GRADLEW","buildId":"d816ad61-9dbf-4772-b852-09cb8227ab56","source":"stdout","level":30,"msg":"> Task :expo-web-browser:generateReleaseAssets UP-TO-DATE","time":"2026-02-22T23:16:29.921Z","v":0,"logId":"019c87a3-e061-794f-8440-d7a2321c92f4"}
{"name":"worker","pid":937,"phase":"RUN_GRADLEW","buildId":"d816ad61-9dbf-4772-b852-09cb8227ab56","source":"stdout","level":30,"msg":"> Task :expo-secure-store:writeReleaseAarMetadata","time":"2026-02-22T23:16:29.921Z","v":0,"logId":"019c87a3-e061-794f-8440-d7a3cfac150b"}
{"name":"worker","pid":937,"phase":"RUN_GRADLEW","buildId":"d816ad61-9dbf-4772-b852-09cb8227ab56","source":"stdout","level":30,"msg":"> Task :expo-web-browser:packageReleaseAssets","time":"2026-02-22T23:16:29.921Z","v":0,"logId":"019c87a3-e061-794f-8440-d7a4ef07a9d5"}
{"name":"worker","pid":937,"phase":"RUN_GRADLEW","buildId":"d816ad61-9dbf-4772-b852-09cb8227ab56","source":"stdout","level":30,"msg":"> Task :expo-web-browser:prepareLintJarForPublish","time":"2026-02-22T23:16:29.921Z","v":0,"logId":"019c87a3-e061-794f-8440-d7a5724ec98d"}
{"name":"worker","pid":937,"phase":"RUN_GRADLEW","buildId":"d816ad61-9dbf-4772-b852-09cb8227ab56","source":"stdout","level":30,"msg":"> Task :expo-web-browser:prepareReleaseArtProfile","time":"2026-02-22T23:16:30.020Z","v":0,"logId":"019c87a3-e0c4-742f-bfca-40cc96b1a42e"}
{"name":"worker","pid":937,"phase":"RUN_GRADLEW","buildId":"d816ad61-9dbf-4772-b852-09cb8227ab56","source":"stdout","level":30,"msg":"> Task :expo-web-browser:writeReleaseAarMetadata","time":"2026-02-22T23:16:30.020Z","v":0,"logId":"019c87a3-e0c4-742f-bfca-40cd40e69ca9"}
{"name":"worker","pid":937,"phase":"RUN_GRADLEW","buildId":"d816ad61-9dbf-4772-b852-09cb8227ab56","source":"stdout","level":30,"msg":"> Task :app:buildKotlinToolingMetadata","time":"2026-02-22T23:16:30.125Z","v":0,"logId":"019c87a3-e12d-77e9-9e50-1e0e558e2069"}
{"name":"worker","pid":937,"phase":"RUN_GRADLEW","buildId":"d816ad61-9dbf-4772-b852-09cb8227ab56","source":"stdout","level":30,"msg":"> Task :app:generateCodegenSchemaFromJavaScript SKIPPED","time":"2026-02-22T23:16:30.125Z","v":0,"logId":"019c87a3-e12d-77e9-9e50-1e0f84684aa6"}
{"name":"worker","pid":937,"phase":"RUN_GRADLEW","buildId":"d816ad61-9dbf-4772-b852-09cb8227ab56","source":"stdout","level":30,"msg":"> Task :app:generateCodegenArtifactsFromSchema SKIPPED","time":"2026-02-22T23:16:30.125Z","v":0,"logId":"019c87a3-e12d-77e9-9e50-1e10bc416c58"}
{"name":"worker","pid":937,"phase":"RUN_GRADLEW","buildId":"d816ad61-9dbf-4772-b852-09cb8227ab56","source":"stdout","level":30,"msg":"> Task :app:generatePackageList","time":"2026-02-22T23:16:30.125Z","v":0,"logId":"019c87a3-e12d-77e9-9e50-1e1164df8847"}
{"name":"worker","pid":937,"phase":"RUN_GRADLEW","buildId":"d816ad61-9dbf-4772-b852-09cb8227ab56","source":"stdout","level":30,"msg":"> Task :app:preBuild","time":"2026-02-22T23:16:30.125Z","v":0,"logId":"019c87a3-e12d-77e9-9e50-1e1226f135b2"}
{"name":"worker","pid":937,"phase":"RUN_GRADLEW","buildId":"d816ad61-9dbf-4772-b852-09cb8227ab56","source":"stdout","level":30,"msg":"> Task :app:preReleaseBuild","time":"2026-02-22T23:16:30.125Z","v":0,"logId":"019c87a3-e12d-77e9-9e50-1e13165033d6"}
{"name":"worker","pid":937,"phase":"RUN_GRADLEW","buildId":"d816ad61-9dbf-4772-b852-09cb8227ab56","source":"stdout","level":30,"msg":"> Task :app:generateReleaseBuildConfig","time":"2026-02-22T23:16:30.125Z","v":0,"logId":"019c87a3-e12d-77e9-9e50-1e14f9ed743e"}
{"name":"worker","pid":937,"phase":"RUN_GRADLEW","buildId":"d816ad61-9dbf-4772-b852-09cb8227ab56","source":"stdout","level":30,"msg":"> Task :expo-modules-core:configureCMakeRelWithDebInfo[arm64-v8a]","time":"2026-02-22T23:16:31.920Z","v":0,"logId":"019c87a3-e830-7b87-9c65-ac832aa1f953"}
{"name":"worker","pid":937,"phase":"RUN_GRADLEW","buildId":"d816ad61-9dbf-4772-b852-09cb8227ab56","source":"stdout","level":30,"msg":"Checking the license for package CMake 3.22.1 in /home/expo/Android/Sdk/licenses","time":"2026-02-22T23:16:31.920Z","v":0,"logId":"019c87a3-e830-7b87-9c65-ac844af1a4f7"}
{"name":"worker","pid":937,"phase":"RUN_GRADLEW","buildId":"d816ad61-9dbf-4772-b852-09cb8227ab56","source":"stdout","level":30,"msg":"License for package CMake 3.22.1 accepted.","time":"2026-02-22T23:16:31.920Z","v":0,"logId":"019c87a3-e830-7b87-9c65-ac85cccf90ea"}
{"name":"worker","pid":937,"phase":"RUN_GRADLEW","buildId":"d816ad61-9dbf-4772-b852-09cb8227ab56","source":"stdout","level":30,"msg":"Preparing \"Install CMake 3.22.1 v.3.22.1\".","time":"2026-02-22T23:16:31.920Z","v":0,"logId":"019c87a3-e830-7b87-9c65-ac86904ac076"}
{"name":"worker","pid":937,"phase":"RUN_GRADLEW","buildId":"d816ad61-9dbf-4772-b852-09cb8227ab56","source":"stdout","level":30,"msg":"\"Install CMake 3.22.1 v.3.22.1\" ready.","time":"2026-02-22T23:16:31.920Z","v":0,"logId":"019c87a3-e830-7b87-9c65-ac877506c001"}
{"name":"worker","pid":937,"phase":"RUN_GRADLEW","buildId":"d816ad61-9dbf-4772-b852-09cb8227ab56","source":"stdout","level":30,"msg":"Installing CMake 3.22.1 in /home/expo/Android/Sdk/cmake/3.22.1","time":"2026-02-22T23:16:31.920Z","v":0,"logId":"019c87a3-e830-7b87-9c65-ac884f6be28a"}
{"name":"worker","pid":937,"phase":"RUN_GRADLEW","buildId":"d816ad61-9dbf-4772-b852-09cb8227ab56","source":"stdout","level":30,"msg":"\"Install CMake 3.22.1 v.3.22.1\" complete.","time":"2026-02-22T23:16:31.920Z","v":0,"logId":"019c87a3-e830-7b87-9c65-ac89fb0d0c96"}
{"name":"worker","pid":937,"phase":"RUN_GRADLEW","buildId":"d816ad61-9dbf-4772-b852-09cb8227ab56","source":"stdout","level":30,"msg":"\"Install CMake 3.22.1 v.3.22.1\" finished.","time":"2026-02-22T23:16:31.920Z","v":0,"logId":"019c87a3-e830-7b87-9c65-ac8a4c60f91d"}
{"name":"worker","pid":937,"phase":"RUN_GRADLEW","buildId":"d816ad61-9dbf-4772-b852-09cb8227ab56","source":"stdout","level":30,"msg":"> Task :react-native-screens:compileReleaseKotlin","time":"2026-02-22T23:16:33.627Z","v":0,"logId":"019c87a3-eedc-7e35-b9e3-1a794ff2ca04"}
{"name":"worker","pid":937,"phase":"RUN_GRADLEW","buildId":"d816ad61-9dbf-4772-b852-09cb8227ab56","source":"stdout","level":30,"msg":"w: file:///home/expo/workingdir/build/mobile/node_modules/react-native-screens/android/src/main/java/com/swmansion/rnscreens/ScreenContainerViewManager.kt:5:46 'ReactModule' is deprecated. Deprecated in Java","time":"2026-02-22T23:16:33.628Z","v":0,"logId":"019c87a3-eedc-7e35-b9e3-1a7a31229f64"}
{"name":"worker","pid":937,"phase":"RUN_GRADLEW","buildId":"d816ad61-9dbf-4772-b852-09cb8227ab56","source":"stdout","level":30,"msg":"w: file:///home/expo/workingdir/build/mobile/node_modules/react-native-screens/android/src/main/java/com/swmansion/rnscreens/ScreenContainerViewManager.kt:10:2 'ReactModule' is deprecated. Deprecated in Java","time":"2026-02-22T23:16:33.628Z","v":0,"logId":"019c87a3-eedc-7e35-b9e3-1a7b4d1cce68"}
{"name":"worker","pid":937,"phase":"RUN_GRADLEW","buildId":"d816ad61-9dbf-4772-b852-09cb8227ab56","source":"stdout","level":30,"msg":"w: file:///home/expo/workingdir/build/mobile/node_modules/react-native-screens/android/src/main/java/com/swmansion/rnscreens/ScreenStackFragment.kt:65:28 'setter for targetElevation: Float' is deprecated. Deprecated in Java","time":"2026-02-22T23:16:33.628Z","v":0,"logId":"019c87a3-eedc-7e35-b9e3-1a7cc66a292b"}
{"name":"worker","pid":937,"phase":"RUN_GRADLEW","buildId":"d816ad61-9dbf-4772-b852-09cb8227ab56","source":"stdout","level":30,"msg":"w: file:///home/expo/workingdir/build/mobile/node_modules/react-native-screens/android/src/main/java/com/swmansion/rnscreens/ScreenStackFragment.kt:128:28 'setter for targetElevation: Float' is deprecated. Deprecated in Java","time":"2026-02-22T23:16:33.628Z","v":0,"logId":"019c87a3-eedd-73f5-83af-39a427570c45"}
{"name":"worker","pid":937,"phase":"RUN_GRADLEW","buildId":"d816ad61-9dbf-4772-b852-09cb8227ab56","source":"stdout","level":30,"msg":"w: file:///home/expo/workingdir/build/mobile/node_modules/react-native-screens/android/src/main/java/com/swmansion/rnscreens/ScreenStackHeaderConfig.kt:86:34 'getter for systemWindowInsetTop: Int' is deprecated. Deprecated in Java","time":"2026-02-22T23:16:33.629Z","v":0,"logId":"019c87a3-eedd-73f5-83af-39a55c138fee"}
{"name":"worker","pid":937,"phase":"RUN_GRADLEW","buildId":"d816ad61-9dbf-4772-b852-09cb8227ab56","source":"stdout","level":30,"msg":"w: file:///home/expo/workingdir/build/mobile/node_modules/react-native-screens/android/src/main/java/com/swmansion/rnscreens/ScreenStackHeaderConfig.kt:229:37 'setColorFilter(Int, PorterDuff.Mode): Unit' is deprecated. Deprecated in Java","time":"2026-02-22T23:16:33.629Z","v":0,"logId":"019c87a3-eedd-73f5-83af-39a6ba32de98"}
{"name":"worker","pid":937,"phase":"RUN_GRADLEW","buildId":"d816ad61-9dbf-4772-b852-09cb8227ab56","source":"stdout","level":30,"msg":"w: file:///home/expo/workingdir/build/mobile/node_modules/react-native-screens/android/src/main/java/com/swmansion/rnscreens/ScreenStackHeaderConfigViewManager.kt:7:46 'ReactModule' is deprecated. Deprecated in Java","time":"2026-02-22T23:16:33.629Z","v":0,"logId":"019c87a3-eedd-73f5-83af-39a70fb9a297"}
{"name":"worker","pid":937,"phase":"RUN_GRADLEW","buildId":"d816ad61-9dbf-4772-b852-09cb8227ab56","source":"stdout","level":30,"msg":"w: file:///home/expo/workingdir/build/mobile/node_modules/react-native-screens/android/src/main/java/com/swmansion/rnscreens/ScreenStackHeaderConfigViewManager.kt:18:2 'ReactModule' is deprecated. Deprecated in Java","time":"2026-02-22T23:16:33.629Z","v":0,"logId":"019c87a3-eedd-73f5-83af-39a814530296"}
{"name":"worker","pid":937,"phase":"RUN_GRADLEW","buildId":"d816ad61-9dbf-4772-b852-09cb8227ab56","source":"stdout","level":30,"msg":"w: file:///home/expo/workingdir/build/mobile/node_modules/react-native-screens/android/src/main/java/com/swmansion/rnscreens/ScreenStackHeaderSubviewManager.kt:4:46 'ReactModule' is deprecated. Deprecated in Java","time":"2026-02-22T23:16:33.629Z","v":0,"logId":"019c87a3-eedd-73f5-83af-39a902ee1539"}
{"name":"worker","pid":937,"phase":"RUN_GRADLEW","buildId":"d816ad61-9dbf-4772-b852-09cb8227ab56","source":"stdout","level":30,"msg":"w: file:///home/expo/workingdir/build/mobile/node_modules/react-native-screens/android/src/main/java/com/swmansion/rnscreens/ScreenStackHeaderSubviewManager.kt:12:2 'ReactModule' is deprecated. Deprecated in Java","time":"2026-02-22T23:16:33.629Z","v":0,"logId":"019c87a3-eedd-73f5-83af-39aac217031e"}
{"name":"worker","pid":937,"phase":"RUN_GRADLEW","buildId":"d816ad61-9dbf-4772-b852-09cb8227ab56","source":"stdout","level":30,"msg":"w: file:///home/expo/workingdir/build/mobile/node_modules/react-native-screens/android/src/main/java/com/swmansion/rnscreens/ScreenStackViewManager.kt:6:46 'ReactModule' is deprecated. Deprecated in Java","time":"2026-02-22T23:16:33.629Z","v":0,"logId":"019c87a3-eede-7ece-83ab-47e7adbca997"}
{"name":"worker","pid":937,"phase":"RUN_GRADLEW","buildId":"d816ad61-9dbf-4772-b852-09cb8227ab56","source":"stdout","level":30,"msg":"w: file:///home/expo/workingdir/build/mobile/node_modules/react-native-screens/android/src/main/java/com/swmansion/rnscreens/ScreenStackViewManager.kt:15:2 'ReactModule' is deprecated. Deprecated in Java","time":"2026-02-22T23:16:33.630Z","v":0,"logId":"019c87a3-eee3-7d5e-9dac-f040de0de1b6"}
{"name":"worker","pid":937,"phase":"RUN_GRADLEW","buildId":"d816ad61-9dbf-4772-b852-09cb8227ab56","source":"stdout","level":30,"msg":"w: file:///home/expo/workingdir/build/mobile/node_modules/react-native-screens/android/src/main/java/com/swmansion/rnscreens/ScreenViewManager.kt:6:46 'ReactModule' is deprecated. Deprecated in Java","time":"2026-02-22T23:16:33.635Z","v":0,"logId":"019c87a3-eee3-7d5e-9dac-f041f976642e"}
{"name":"worker","pid":937,"phase":"RUN_GRADLEW","buildId":"d816ad61-9dbf-4772-b852-09cb8227ab56","source":"stdout","level":30,"msg":"w: file:///home/expo/workingdir/build/mobile/node_modules/react-native-screens/android/src/main/java/com/swmansion/rnscreens/ScreenViewManager.kt:24:2 'ReactModule' is deprecated. Deprecated in Java","time":"2026-02-22T23:16:33.635Z","v":0,"logId":"019c87a3-eee4-7896-a877-e1682e1d6775"}
{"name":"worker","pid":937,"phase":"RUN_GRADLEW","buildId":"d816ad61-9dbf-4772-b852-09cb8227ab56","source":"stdout","level":30,"msg":"w: file:///home/expo/workingdir/build/mobile/node_modules/react-native-screens/android/src/main/java/com/swmansion/rnscreens/ScreenViewManager.kt:47:42 'setStateWrapper(StateWrapper!): Unit' is deprecated. Deprecated in Java","time":"2026-02-22T23:16:33.636Z","v":0,"logId":"019c87a3-eee4-7896-a877-e1695fbfbfd3"}
{"name":"worker","pid":937,"phase":"RUN_GRADLEW","buildId":"d816ad61-9dbf-4772-b852-09cb8227ab56","source":"stdout","level":30,"msg":"w: file:///home/expo/workingdir/build/mobile/node_modules/react-native-screens/android/src/main/java/com/swmansion/rnscreens/ScreenWindowTraits.kt:137:47 'replaceSystemWindowInsets(Int, Int, Int, Int): WindowInsetsCompat' is deprecated. Deprecated in Java","time":"2026-02-22T23:16:33.636Z","v":0,"logId":"019c87a3-eee4-7896-a877-e16a1bbbc230"}
{"name":"worker","pid":937,"phase":"RUN_GRADLEW","buildId":"d816ad61-9dbf-4772-b852-09cb8227ab56","source":"stdout","level":30,"msg":"w: file:///home/expo/workingdir/build/mobile/node_modules/react-native-screens/android/src/main/java/com/swmansion/rnscreens/ScreenWindowTraits.kt:138:51 'getter for systemWindowInsetLeft: Int' is deprecated. Deprecated in Java","time":"2026-02-22T23:16:33.636Z","v":0,"logId":"019c87a3-eee4-7896-a877-e16b5b099994"}
{"name":"worker","pid":937,"phase":"RUN_GRADLEW","buildId":"d816ad61-9dbf-4772-b852-09cb8227ab56","source":"stdout","level":30,"msg":"w: file:///home/expo/workingdir/build/mobile/node_modules/react-native-screens/android/src/main/java/com/swmansion/rnscreens/ScreenWindowTraits.kt:140:51 'getter for systemWindowInsetRight: Int' is deprecated. Deprecated in Java","time":"2026-02-22T23:16:33.636Z","v":0,"logId":"019c87a3-eee4-7896-a877-e16c0776c2d9"}
{"name":"worker","pid":937,"phase":"RUN_GRADLEW","buildId":"d816ad61-9dbf-4772-b852-09cb8227ab56","source":"stdout","level":30,"msg":"w: file:///home/expo/workingdir/build/mobile/node_modules/react-native-screens/android/src/main/java/com/swmansion/rnscreens/ScreenWindowTraits.kt:141:51 'getter for systemWindowInsetBottom: Int' is deprecated. Deprecated in Java","time":"2026-02-22T23:16:33.636Z","v":0,"logId":"019c87a3-eee4-7896-a877-e16d442a8f69"}
{"name":"worker","pid":937,"phase":"RUN_GRADLEW","buildId":"d816ad61-9dbf-4772-b852-09cb8227ab56","source":"stdout","level":30,"msg":"w: file:///home/expo/workingdir/build/mobile/node_modules/react-native-screens/android/src/main/java/com/swmansion/rnscreens/SearchBarManager.kt:6:46 'ReactModule' is deprecated. Deprecated in Java","time":"2026-02-22T23:16:33.636Z","v":0,"logId":"019c87a3-eee4-7896-a877-e16ea2149d5f"}
{"name":"worker","pid":937,"phase":"RUN_GRADLEW","buildId":"d816ad61-9dbf-4772-b852-09cb8227ab56","source":"stdout","level":30,"msg":"w: file:///home/expo/workingdir/build/mobile/node_modules/react-native-screens/android/src/main/java/com/swmansion/rnscreens/SearchBarManager.kt:17:2 'ReactModule' is deprecated. Deprecated in Java","time":"2026-02-22T23:16:33.636Z","v":0,"logId":"019c87a3-eee4-7896-a877-e16f44623a3f"}
{"name":"worker","pid":937,"phase":"RUN_GRADLEW","buildId":"d816ad61-9dbf-4772-b852-09cb8227ab56","source":"stdout","level":30,"msg":"w: file:///home/expo/workingdir/build/mobile/node_modules/react-native-screens/android/src/main/java/com/swmansion/rnscreens/SearchBarManager.kt:100:22 Parameter 'view' is never used","time":"2026-02-22T23:16:33.637Z","v":0,"logId":"019c87a3-eee5-7cd3-90e7-10f8d786a102"}
{"name":"worker","pid":937,"phase":"RUN_GRADLEW","buildId":"d816ad61-9dbf-4772-b852-09cb8227ab56","source":"stdout","level":30,"msg":"w: file:///home/expo/workingdir/build/mobile/node_modules/react-native-screens/android/src/main/java/com/swmansion/rnscreens/SearchBarManager.kt:100:43 Parameter 'placeholder' is never used","time":"2026-02-22T23:16:33.637Z","v":0,"logId":"019c87a3-eee5-7cd3-90e7-10f99e9a13e6"}
{"name":"worker","pid":937,"phase":"RUN_GRADLEW","buildId":"d816ad61-9dbf-4772-b852-09cb8227ab56","source":"stdout","level":30,"msg":"w: file:///home/expo/workingdir/build/mobile/node_modules/react-native-screens/android/src/main/java/com/swmansion/rnscreens/SearchBarView.kt:147:43 Parameter 'flag' is never used","time":"2026-02-22T23:16:33.637Z","v":0,"logId":"019c87a3-eee5-7cd3-90e7-10fa95cada3a"}
{"name":"worker","pid":937,"phase":"RUN_GRADLEW","buildId":"d816ad61-9dbf-4772-b852-09cb8227ab56","source":"stdout","level":30,"msg":"w: file:///home/expo/workingdir/build/mobile/node_modules/react-native-screens/android/src/main/java/com/swmansion/rnscreens/events/HeaderHeightChangeEvent.kt:5:44 'RCTEventEmitter' is deprecated. Deprecated in Java","time":"2026-02-22T23:16:33.637Z","v":0,"logId":"019c87a3-eee5-7cd3-90e7-10fb6092a97b"}
{"name":"worker","pid":937,"phase":"RUN_GRADLEW","buildId":"d816ad61-9dbf-4772-b852-09cb8227ab56","source":"stdout","level":30,"msg":"w: file:///home/expo/workingdir/build/mobile/node_modules/react-native-screens/android/src/main/java/com/swmansion/rnscreens/events/HeaderHeightChangeEvent.kt:10:5 'constructor Event<T : Event<(raw) Event<*>>!>(Int)' is deprecated. Deprecated in Java","time":"2026-02-22T23:16:33.637Z","v":0,"logId":"019c87a3-eee5-7cd3-90e7-10fc8ff62887"}
{"name":"worker","pid":937,"phase":"RUN_GRADLEW","buildId":"d816ad61-9dbf-4772-b852-09cb8227ab56","source":"stdout","level":30,"msg":"w: file:///home/expo/workingdir/build/mobile/node_modules/react-native-screens/android/src/main/java/com/swmansion/rnscreens/events/HeaderHeightChangeEvent.kt:17:44 'RCTEventEmitter' is deprecated. Deprecated in Java","time":"2026-02-22T23:16:33.637Z","v":0,"logId":"019c87a3-eee5-7cd3-90e7-10fd5e35bda2"}
{"name":"worker","pid":937,"phase":"RUN_GRADLEW","buildId":"d816ad61-9dbf-4772-b852-09cb8227ab56","source":"stdout","level":30,"msg":"w: file:///home/expo/workingdir/build/mobile/node_modules/react-native-screens/android/src/main/java/com/swmansion/rnscreens/events/HeaderHeightChangeEvent.kt:20:25 'receiveEvent(Int, String!, WritableMap?): Unit' is deprecated. Deprecated in Java","time":"2026-02-22T23:16:33.637Z","v":0,"logId":"019c87a3-eee5-7cd3-90e7-10fec0de9e8b"}
{"name":"worker","pid":937,"phase":"RUN_GRADLEW","buildId":"d816ad61-9dbf-4772-b852-09cb8227ab56","source":"stdout","level":30,"msg":"w: file:///home/expo/workingdir/build/mobile/node_modules/react-native-screens/android/src/paper/java/com/swmansion/rnscreens/FabricEnabledViewGroup.kt:5:37 'FabricViewStateManager' is deprecated. Deprecated in Java","time":"2026-02-22T23:16:33.637Z","v":0,"logId":"019c87a3-eee6-72c0-8e64-115931399878"}
{"name":"worker","pid":937,"phase":"RUN_GRADLEW","buildId":"d816ad61-9dbf-4772-b852-09cb8227ab56","source":"stdout","level":30,"msg":"w: file:///home/expo/workingdir/build/mobile/node_modules/react-native-screens/android/src/paper/java/com/swmansion/rnscreens/FabricEnabledViewGroup.kt:9:48 'FabricViewStateManager' is deprecated. Deprecated in Java","time":"2026-02-22T23:16:33.638Z","v":0,"logId":"019c87a3-eee6-72c0-8e64-115a53da9bed"}
{"name":"worker","pid":937,"phase":"RUN_GRADLEW","buildId":"d816ad61-9dbf-4772-b852-09cb8227ab56","source":"stdout","level":30,"msg":"w: file:///home/expo/workingdir/build/mobile/node_modules/react-native-screens/android/src/paper/java/com/swmansion/rnscreens/FabricEnabledViewGroup.kt:11:42 Parameter 'width' is never used","time":"2026-02-22T23:16:33.638Z","v":0,"logId":"019c87a3-eee6-72c0-8e64-115bf902845b"}
{"name":"worker","pid":937,"phase":"RUN_GRADLEW","buildId":"d816ad61-9dbf-4772-b852-09cb8227ab56","source":"stdout","level":30,"msg":"w: file:///home/expo/workingdir/build/mobile/node_modules/react-native-screens/android/src/paper/java/com/swmansion/rnscreens/FabricEnabledViewGroup.kt:11:54 Parameter 'height' is never used","time":"2026-02-22T23:16:33.638Z","v":0,"logId":"019c87a3-eee6-72c0-8e64-115caa9380bb"}
{"name":"worker","pid":937,"phase":"RUN_GRADLEW","buildId":"d816ad61-9dbf-4772-b852-09cb8227ab56","source":"stdout","level":30,"msg":"> Task :react-native-screens:extractReleaseAnnotations","time":"2026-02-22T23:16:34.020Z","v":0,"logId":"019c87a3-f064-725f-9eaf-784598023e43"}
{"name":"worker","pid":937,"phase":"RUN_GRADLEW","buildId":"d816ad61-9dbf-4772-b852-09cb8227ab56","source":"stdout","level":30,"msg":"> Task :react-native-screens:compileReleaseJavaWithJavac","time":"2026-02-22T23:16:35.620Z","v":0,"logId":"019c87a3-f6a4-7b27-985d-5dc7b728ebf9"}
{"name":"worker","pid":937,"phase":"RUN_GRADLEW","buildId":"d816ad61-9dbf-4772-b852-09cb8227ab56","source":"stdout","level":30,"msg":"> Task :react-native-screens:mergeReleaseGeneratedProguardFiles","time":"2026-02-22T23:16:35.620Z","v":0,"logId":"019c87a3-f6a4-7b27-985d-5dc865ba6c4a"}
{"name":"worker","pid":937,"phase":"RUN_GRADLEW","buildId":"d816ad61-9dbf-4772-b852-09cb8227ab56","source":"stdout","level":30,"msg":"> Task :react-native-screens:mergeReleaseConsumerProguardFiles","time":"2026-02-22T23:16:35.620Z","v":0,"logId":"019c87a3-f6a4-7b27-985d-5dc9bbff6ab9"}
{"name":"worker","pid":937,"phase":"RUN_GRADLEW","buildId":"d816ad61-9dbf-4772-b852-09cb8227ab56","source":"stdout","level":30,"msg":"> Task :react-native-screens:processReleaseJavaRes","time":"2026-02-22T23:16:35.620Z","v":0,"logId":"019c87a3-f6a4-7b27-985d-5dcaa1fa0cae"}
{"name":"worker","pid":937,"phase":"RUN_GRADLEW","buildId":"d816ad61-9dbf-4772-b852-09cb8227ab56","source":"stdout","level":30,"msg":"> Task :react-native-screens:mergeReleaseJavaResource","time":"2026-02-22T23:16:35.720Z","v":0,"logId":"019c87a3-f708-7879-abbb-d5f494e6a867"}
{"name":"worker","pid":937,"phase":"RUN_GRADLEW","buildId":"d816ad61-9dbf-4772-b852-09cb8227ab56","source":"stdout","level":30,"msg":"> Task :react-native-screens:syncReleaseLibJars","time":"2026-02-22T23:16:35.720Z","v":0,"logId":"019c87a3-f708-7879-abbb-d5f5caa6c5b3"}
{"name":"worker","pid":937,"phase":"RUN_GRADLEW","buildId":"d816ad61-9dbf-4772-b852-09cb8227ab56","source":"stdout","level":30,"msg":"> Task :react-native-screens:bundleReleaseLocalLintAar","time":"2026-02-22T23:16:35.720Z","v":0,"logId":"019c87a3-f708-7879-abbb-d5f632105bb0"}
{"name":"worker","pid":937,"phase":"RUN_GRADLEW","buildId":"d816ad61-9dbf-4772-b852-09cb8227ab56","source":"stdout","level":30,"msg":"> Task :expo:extractDeepLinksRelease","time":"2026-02-22T23:16:35.820Z","v":0,"logId":"019c87a3-f76c-722d-9021-393ed1f0cc80"}
{"name":"worker","pid":937,"phase":"RUN_GRADLEW","buildId":"d816ad61-9dbf-4772-b852-09cb8227ab56","source":"stdout","level":30,"msg":"> Task :expo-application:extractDeepLinksRelease","time":"2026-02-22T23:16:35.820Z","v":0,"logId":"019c87a3-f76c-722d-9021-393f205a5030"}
{"name":"worker","pid":937,"phase":"RUN_GRADLEW","buildId":"d816ad61-9dbf-4772-b852-09cb8227ab56","source":"stdout","level":30,"msg":"> Task :expo-constants:extractDeepLinksRelease","time":"2026-02-22T23:16:35.820Z","v":0,"logId":"019c87a3-f76c-722d-9021-3940d4728343"}
{"name":"worker","pid":937,"phase":"RUN_GRADLEW","buildId":"d816ad61-9dbf-4772-b852-09cb8227ab56","source":"stdout","level":30,"msg":"> Task :expo-crypto:extractDeepLinksRelease","time":"2026-02-22T23:16:35.820Z","v":0,"logId":"019c87a3-f76c-722d-9021-3941c679c388"}
{"name":"worker","pid":937,"phase":"RUN_GRADLEW","buildId":"d816ad61-9dbf-4772-b852-09cb8227ab56","source":"stdout","level":30,"msg":"> Task :expo-file-system:extractDeepLinksRelease","time":"2026-02-22T23:16:35.820Z","v":0,"logId":"019c87a3-f76c-722d-9021-3942164b9eed"}
{"name":"worker","pid":937,"phase":"RUN_GRADLEW","buildId":"d816ad61-9dbf-4772-b852-09cb8227ab56","source":"stdout","level":30,"msg":"> Task :expo-font:extractDeepLinksRelease","time":"2026-02-22T23:16:35.820Z","v":0,"logId":"019c87a3-f76c-722d-9021-3943796593b5"}
{"name":"worker","pid":937,"phase":"RUN_GRADLEW","buildId":"d816ad61-9dbf-4772-b852-09cb8227ab56","source":"stdout","level":30,"msg":"> Task :expo-keep-awake:extractDeepLinksRelease","time":"2026-02-22T23:16:35.820Z","v":0,"logId":"019c87a3-f76c-722d-9021-3944c253b922"}
{"name":"worker","pid":937,"phase":"RUN_GRADLEW","buildId":"d816ad61-9dbf-4772-b852-09cb8227ab56","source":"stdout","level":30,"msg":"> Task :expo-linear-gradient:extractDeepLinksRelease","time":"2026-02-22T23:16:35.820Z","v":0,"logId":"019c87a3-f76c-722d-9021-3945c1bf76eb"}
{"name":"worker","pid":937,"phase":"RUN_GRADLEW","buildId":"d816ad61-9dbf-4772-b852-09cb8227ab56","source":"stdout","level":30,"msg":"> Task :expo-secure-store:extractDeepLinksRelease","time":"2026-02-22T23:16:35.820Z","v":0,"logId":"019c87a3-f76c-722d-9021-3946d598f920"}
{"name":"worker","pid":937,"phase":"RUN_GRADLEW","buildId":"d816ad61-9dbf-4772-b852-09cb8227ab56","source":"stdout","level":30,"msg":"> Task :expo-web-browser:extractDeepLinksRelease","time":"2026-02-22T23:16:35.820Z","v":0,"logId":"019c87a3-f76c-722d-9021-3947db9d5230"}
{"name":"worker","pid":937,"phase":"RUN_GRADLEW","buildId":"d816ad61-9dbf-4772-b852-09cb8227ab56","source":"stdout","level":30,"msg":"> Task :react-native-safe-area-context:extractDeepLinksRelease","time":"2026-02-22T23:16:35.820Z","v":0,"logId":"019c87a3-f76c-722d-9021-39485baf86e3"}
{"name":"worker","pid":937,"phase":"RUN_GRADLEW","buildId":"d816ad61-9dbf-4772-b852-09cb8227ab56","source":"stdout","level":30,"msg":"> Task :react-native-screens:extractDeepLinksRelease","time":"2026-02-22T23:16:35.820Z","v":0,"logId":"019c87a3-f76c-722d-9021-39498f8af2fe"}
{"name":"worker","pid":937,"phase":"RUN_GRADLEW","buildId":"d816ad61-9dbf-4772-b852-09cb8227ab56","source":"stdout","level":30,"msg":"> Task :react-native-svg:extractDeepLinksRelease","time":"2026-02-22T23:16:35.920Z","v":0,"logId":"019c87a3-f7d0-7aed-90f3-2af23cc43fb4"}
{"name":"worker","pid":937,"phase":"RUN_GRADLEW","buildId":"d816ad61-9dbf-4772-b852-09cb8227ab56","source":"stdout","level":30,"msg":"> Task :expo:compileReleaseLibraryResources","time":"2026-02-22T23:16:36.220Z","v":0,"logId":"019c87a3-f8fc-7228-b296-19f87a4bfb0f"}
{"name":"worker","pid":937,"phase":"RUN_GRADLEW","buildId":"d816ad61-9dbf-4772-b852-09cb8227ab56","source":"stdout","level":30,"msg":"> Task :expo-application:compileReleaseLibraryResources","time":"2026-02-22T23:16:36.220Z","v":0,"logId":"019c87a3-f8fc-7228-b296-19f913c29c2d"}
{"name":"worker","pid":937,"phase":"RUN_GRADLEW","buildId":"d816ad61-9dbf-4772-b852-09cb8227ab56","source":"stdout","level":30,"msg":"> Task :expo-constants:compileReleaseLibraryResources","time":"2026-02-22T23:16:36.220Z","v":0,"logId":"019c87a3-f8fc-7228-b296-19fa18103ecf"}
{"name":"worker","pid":937,"phase":"RUN_GRADLEW","buildId":"d816ad61-9dbf-4772-b852-09cb8227ab56","source":"stdout","level":30,"msg":"> Task :expo-crypto:compileReleaseLibraryResources","time":"2026-02-22T23:16:36.320Z","v":0,"logId":"019c87a3-f960-72c4-b99a-80ebb26ddb15"}
{"name":"worker","pid":937,"phase":"RUN_GRADLEW","buildId":"d816ad61-9dbf-4772-b852-09cb8227ab56","source":"stdout","level":30,"msg":"> Task :expo-file-system:compileReleaseLibraryResources","time":"2026-02-22T23:16:36.420Z","v":0,"logId":"019c87a3-f9c4-7504-a377-a3bc6689fad3"}
{"name":"worker","pid":937,"phase":"RUN_GRADLEW","buildId":"d816ad61-9dbf-4772-b852-09cb8227ab56","source":"stdout","level":30,"msg":"> Task :expo-font:compileReleaseLibraryResources","time":"2026-02-22T23:16:36.420Z","v":0,"logId":"019c87a3-f9c4-7504-a377-a3bd87e350b4"}
{"name":"worker","pid":937,"phase":"RUN_GRADLEW","buildId":"d816ad61-9dbf-4772-b852-09cb8227ab56","source":"stdout","level":30,"msg":"> Task :expo-keep-awake:compileReleaseLibraryResources","time":"2026-02-22T23:16:36.420Z","v":0,"logId":"019c87a3-f9c4-7504-a377-a3be0009d160"}
{"name":"worker","pid":937,"phase":"RUN_GRADLEW","buildId":"d816ad61-9dbf-4772-b852-09cb8227ab56","source":"stdout","level":30,"msg":"> Task :expo-linear-gradient:compileReleaseLibraryResources","time":"2026-02-22T23:16:36.420Z","v":0,"logId":"019c87a3-f9c4-7504-a377-a3bf8310652e"}
{"name":"worker","pid":937,"phase":"RUN_GRADLEW","buildId":"d816ad61-9dbf-4772-b852-09cb8227ab56","source":"stdout","level":30,"msg":"> Task :expo-secure-store:compileReleaseLibraryResources","time":"2026-02-22T23:16:36.420Z","v":0,"logId":"019c87a3-f9c4-7504-a377-a3c00f6e44b0"}
{"name":"worker","pid":937,"phase":"RUN_GRADLEW","buildId":"d816ad61-9dbf-4772-b852-09cb8227ab56","source":"stdout","level":30,"msg":"> Task :expo-web-browser:compileReleaseLibraryResources","time":"2026-02-22T23:16:36.520Z","v":0,"logId":"019c87a3-fa28-77a9-a2e4-da375a0feef5"}
{"name":"worker","pid":937,"phase":"RUN_GRADLEW","buildId":"d816ad61-9dbf-4772-b852-09cb8227ab56","source":"stdout","level":30,"msg":"> Task :react-native-safe-area-context:compileReleaseLibraryResources","time":"2026-02-22T23:16:36.520Z","v":0,"logId":"019c87a3-fa28-77a9-a2e4-da3847d3029f"}
{"name":"worker","pid":937,"phase":"RUN_GRADLEW","buildId":"d816ad61-9dbf-4772-b852-09cb8227ab56","source":"stdout","level":30,"msg":"> Task :react-native-screens:compileReleaseLibraryResources","time":"2026-02-22T23:16:36.620Z","v":0,"logId":"019c87a3-fa8c-7791-8217-ea7d3cf39588"}
{"name":"worker","pid":937,"phase":"RUN_GRADLEW","buildId":"d816ad61-9dbf-4772-b852-09cb8227ab56","source":"stdout","level":30,"msg":"> Task :react-native-svg:compileReleaseLibraryResources","time":"2026-02-22T23:16:36.620Z","v":0,"logId":"019c87a3-fa8c-7791-8217-ea7e13b6d344"}
{"name":"worker","pid":937,"phase":"RUN_GRADLEW","buildId":"d816ad61-9dbf-4772-b852-09cb8227ab56","source":"stdout","level":30,"msg":"> Task :react-native-safe-area-context:bundleLibCompileToJarRelease","time":"2026-02-22T23:16:36.620Z","v":0,"logId":"019c87a3-fa8c-7791-8217-ea7fd73eefc6"}
{"name":"worker","pid":937,"phase":"RUN_GRADLEW","buildId":"d816ad61-9dbf-4772-b852-09cb8227ab56","source":"stdout","level":30,"msg":"> Task :react-native-screens:bundleLibCompileToJarRelease","time":"2026-02-22T23:16:36.720Z","v":0,"logId":"019c87a3-faf0-7cb8-85c9-53ac9d03701e"}
{"name":"worker","pid":937,"phase":"RUN_GRADLEW","buildId":"d816ad61-9dbf-4772-b852-09cb8227ab56","source":"stdout","level":30,"msg":"> Task :react-native-svg:bundleLibCompileToJarRelease","time":"2026-02-22T23:16:36.820Z","v":0,"logId":"019c87a3-fb54-774b-9f50-3d34e1601b75"}
{"name":"worker","pid":937,"phase":"RUN_GRADLEW","buildId":"d816ad61-9dbf-4772-b852-09cb8227ab56","source":"stdout","level":30,"msg":"> Task :expo:writeReleaseLintModelMetadata","time":"2026-02-22T23:16:36.820Z","v":0,"logId":"019c87a3-fb54-774b-9f50-3d358be646bf"}
{"name":"worker","pid":937,"phase":"RUN_GRADLEW","buildId":"d816ad61-9dbf-4772-b852-09cb8227ab56","source":"stdout","level":30,"msg":"> Task :expo-application:writeReleaseLintModelMetadata","time":"2026-02-22T23:16:36.820Z","v":0,"logId":"019c87a3-fb54-774b-9f50-3d365014f61d"}
{"name":"worker","pid":937,"phase":"RUN_GRADLEW","buildId":"d816ad61-9dbf-4772-b852-09cb8227ab56","source":"stdout","level":30,"msg":"> Task :expo-constants:writeReleaseLintModelMetadata","time":"2026-02-22T23:16:36.820Z","v":0,"logId":"019c87a3-fb54-774b-9f50-3d378ff33530"}
{"name":"worker","pid":937,"phase":"RUN_GRADLEW","buildId":"d816ad61-9dbf-4772-b852-09cb8227ab56","source":"stdout","level":30,"msg":"> Task :expo-crypto:writeReleaseLintModelMetadata","time":"2026-02-22T23:16:36.820Z","v":0,"logId":"019c87a3-fb54-774b-9f50-3d38317f58c6"}
{"name":"worker","pid":937,"phase":"RUN_GRADLEW","buildId":"d816ad61-9dbf-4772-b852-09cb8227ab56","source":"stdout","level":30,"msg":"> Task :expo-file-system:writeReleaseLintModelMetadata","time":"2026-02-22T23:16:36.820Z","v":0,"logId":"019c87a3-fb54-774b-9f50-3d39bf37b9ad"}
{"name":"worker","pid":937,"phase":"RUN_GRADLEW","buildId":"d816ad61-9dbf-4772-b852-09cb8227ab56","source":"stdout","level":30,"msg":"> Task :expo-font:writeReleaseLintModelMetadata","time":"2026-02-22T23:16:36.820Z","v":0,"logId":"019c87a3-fb54-774b-9f50-3d3a12664a8f"}
{"name":"worker","pid":937,"phase":"RUN_GRADLEW","buildId":"d816ad61-9dbf-4772-b852-09cb8227ab56","source":"stdout","level":30,"msg":"> Task :expo-keep-awake:writeReleaseLintModelMetadata","time":"2026-02-22T23:16:36.820Z","v":0,"logId":"019c87a3-fb54-774b-9f50-3d3b15b7cb3a"}
{"name":"worker","pid":937,"phase":"RUN_GRADLEW","buildId":"d816ad61-9dbf-4772-b852-09cb8227ab56","source":"stdout","level":30,"msg":"> Task :expo-linear-gradient:writeReleaseLintModelMetadata","time":"2026-02-22T23:16:36.820Z","v":0,"logId":"019c87a3-fb54-774b-9f50-3d3c6a6cce29"}
{"name":"worker","pid":937,"phase":"RUN_GRADLEW","buildId":"d816ad61-9dbf-4772-b852-09cb8227ab56","source":"stdout","level":30,"msg":"> Task :expo-secure-store:writeReleaseLintModelMetadata","time":"2026-02-22T23:16:36.820Z","v":0,"logId":"019c87a3-fb54-774b-9f50-3d3d3cfcd5f8"}
{"name":"worker","pid":937,"phase":"RUN_GRADLEW","buildId":"d816ad61-9dbf-4772-b852-09cb8227ab56","source":"stdout","level":30,"msg":"> Task :expo-web-browser:writeReleaseLintModelMetadata","time":"2026-02-22T23:16:36.820Z","v":0,"logId":"019c87a3-fb54-774b-9f50-3d3e009d69f4"}
{"name":"worker","pid":937,"phase":"RUN_GRADLEW","buildId":"d816ad61-9dbf-4772-b852-09cb8227ab56","source":"stdout","level":30,"msg":"> Task :react-native-safe-area-context:bundleLibRuntimeToJarRelease","time":"2026-02-22T23:16:36.920Z","v":0,"logId":"019c87a3-fbb8-78a4-8090-03af2067e41e"}
{"name":"worker","pid":937,"phase":"RUN_GRADLEW","buildId":"d816ad61-9dbf-4772-b852-09cb8227ab56","source":"stdout","level":30,"msg":"> Task :react-native-safe-area-context:createFullJarRelease","time":"2026-02-22T23:16:36.920Z","v":0,"logId":"019c87a3-fbb8-78a4-8090-03b0f4409810"}
{"name":"worker","pid":937,"phase":"RUN_GRADLEW","buildId":"d816ad61-9dbf-4772-b852-09cb8227ab56","source":"stdout","level":30,"msg":"> Task :react-native-safe-area-context:writeReleaseLintModelMetadata","time":"2026-02-22T23:16:36.920Z","v":0,"logId":"019c87a3-fbb8-78a4-8090-03b17c2c0daa"}
{"name":"worker","pid":937,"phase":"RUN_GRADLEW","buildId":"d816ad61-9dbf-4772-b852-09cb8227ab56","source":"stdout","level":30,"msg":"> Task :react-native-screens:bundleLibRuntimeToJarRelease","time":"2026-02-22T23:16:36.920Z","v":0,"logId":"019c87a3-fbb8-78a4-8090-03b2feef19ea"}
{"name":"worker","pid":937,"phase":"RUN_GRADLEW","buildId":"d816ad61-9dbf-4772-b852-09cb8227ab56","source":"stdout","level":30,"msg":"> Task :react-native-screens:createFullJarRelease","time":"2026-02-22T23:16:36.920Z","v":0,"logId":"019c87a3-fbb8-78a4-8090-03b309a8163f"}
{"name":"worker","pid":937,"phase":"RUN_GRADLEW","buildId":"d816ad61-9dbf-4772-b852-09cb8227ab56","source":"stdout","level":30,"msg":"> Task :react-native-screens:writeReleaseLintModelMetadata","time":"2026-02-22T23:16:36.920Z","v":0,"logId":"019c87a3-fbb8-78a4-8090-03b478eedc47"}
{"name":"worker","pid":937,"phase":"RUN_GRADLEW","buildId":"d816ad61-9dbf-4772-b852-09cb8227ab56","source":"stdout","level":30,"msg":"> Task :react-native-svg:bundleLibRuntimeToJarRelease","time":"2026-02-22T23:16:37.020Z","v":0,"logId":"019c87a3-fc1c-719a-ba3a-95f93a0323a6"}
{"name":"worker","pid":937,"phase":"RUN_GRADLEW","buildId":"d816ad61-9dbf-4772-b852-09cb8227ab56","source":"stdout","level":30,"msg":"> Task :react-native-svg:createFullJarRelease","time":"2026-02-22T23:16:37.020Z","v":0,"logId":"019c87a3-fc1c-719a-ba3a-95fa5bb92a0c"}
{"name":"worker","pid":937,"phase":"RUN_GRADLEW","buildId":"d816ad61-9dbf-4772-b852-09cb8227ab56","source":"stdout","level":30,"msg":"> Task :react-native-svg:writeReleaseLintModelMetadata","time":"2026-02-22T23:16:37.020Z","v":0,"logId":"019c87a3-fc1c-719a-ba3a-95fbae3e9c8c"}
{"name":"worker","pid":937,"phase":"RUN_GRADLEW","buildId":"d816ad61-9dbf-4772-b852-09cb8227ab56","source":"stdout","level":30,"msg":"> Task :expo:copyReleaseJniLibsProjectOnly","time":"2026-02-22T23:16:37.020Z","v":0,"logId":"019c87a3-fc1c-719a-ba3a-95fccbefb17b"}
{"name":"worker","pid":937,"phase":"RUN_GRADLEW","buildId":"d816ad61-9dbf-4772-b852-09cb8227ab56","source":"stdout","level":30,"msg":"> Task :expo-application:copyReleaseJniLibsProjectOnly","time":"2026-02-22T23:16:37.020Z","v":0,"logId":"019c87a3-fc1c-719a-ba3a-95fdc4ea333a"}
{"name":"worker","pid":937,"phase":"RUN_GRADLEW","buildId":"d816ad61-9dbf-4772-b852-09cb8227ab56","source":"stdout","level":30,"msg":"> Task :expo-constants:copyReleaseJniLibsProjectOnly","time":"2026-02-22T23:16:37.120Z","v":0,"logId":"019c87a3-fc80-71af-8c7f-02f3ee408f0d"}
{"name":"worker","pid":937,"phase":"RUN_GRADLEW","buildId":"d816ad61-9dbf-4772-b852-09cb8227ab56","source":"stdout","level":30,"msg":"> Task :expo-crypto:copyReleaseJniLibsProjectOnly","time":"2026-02-22T23:16:37.120Z","v":0,"logId":"019c87a3-fc80-71af-8c7f-02f41c4ab155"}
{"name":"worker","pid":937,"phase":"RUN_GRADLEW","buildId":"d816ad61-9dbf-4772-b852-09cb8227ab56","source":"stdout","level":30,"msg":"> Task :expo-file-system:copyReleaseJniLibsProjectOnly","time":"2026-02-22T23:16:37.120Z","v":0,"logId":"019c87a3-fc80-71af-8c7f-02f5b93375b5"}
{"name":"worker","pid":937,"phase":"RUN_GRADLEW","buildId":"d816ad61-9dbf-4772-b852-09cb8227ab56","source":"stdout","level":30,"msg":"> Task :expo-font:copyReleaseJniLibsProjectOnly","time":"2026-02-22T23:16:37.120Z","v":0,"logId":"019c87a3-fc80-71af-8c7f-02f663f31b95"}
{"name":"worker","pid":937,"phase":"RUN_GRADLEW","buildId":"d816ad61-9dbf-4772-b852-09cb8227ab56","source":"stdout","level":30,"msg":"> Task :expo-keep-awake:copyReleaseJniLibsProjectOnly","time":"2026-02-22T23:16:37.120Z","v":0,"logId":"019c87a3-fc80-71af-8c7f-02f7d5cacbf0"}
{"name":"worker","pid":937,"phase":"RUN_GRADLEW","buildId":"d816ad61-9dbf-4772-b852-09cb8227ab56","source":"stdout","level":30,"msg":"> Task :expo-linear-gradient:copyReleaseJniLibsProjectOnly","time":"2026-02-22T23:16:37.120Z","v":0,"logId":"019c87a3-fc80-71af-8c7f-02f8cc83fab1"}
{"name":"worker","pid":937,"phase":"RUN_GRADLEW","buildId":"d816ad61-9dbf-4772-b852-09cb8227ab56","source":"stdout","level":30,"msg":"> Task :expo-secure-store:copyReleaseJniLibsProjectOnly","time":"2026-02-22T23:16:37.120Z","v":0,"logId":"019c87a3-fc80-71af-8c7f-02f9373f0195"}
{"name":"worker","pid":937,"phase":"RUN_GRADLEW","buildId":"d816ad61-9dbf-4772-b852-09cb8227ab56","source":"stdout","level":30,"msg":"> Task :expo-web-browser:copyReleaseJniLibsProjectOnly","time":"2026-02-22T23:16:37.120Z","v":0,"logId":"019c87a3-fc80-71af-8c7f-02fac7ff0f87"}
{"name":"worker","pid":937,"phase":"RUN_GRADLEW","buildId":"d816ad61-9dbf-4772-b852-09cb8227ab56","source":"stdout","level":30,"msg":"> Task :react-native-safe-area-context:copyReleaseJniLibsProjectOnly","time":"2026-02-22T23:16:37.120Z","v":0,"logId":"019c87a3-fc80-71af-8c7f-02fb0ae2244f"}
{"name":"worker","pid":937,"phase":"RUN_GRADLEW","buildId":"d816ad61-9dbf-4772-b852-09cb8227ab56","source":"stdout","level":30,"msg":"> Task :react-native-screens:copyReleaseJniLibsProjectOnly","time":"2026-02-22T23:16:37.120Z","v":0,"logId":"019c87a3-fc80-71af-8c7f-02fcc5756798"}
{"name":"worker","pid":937,"phase":"RUN_GRADLEW","buildId":"d816ad61-9dbf-4772-b852-09cb8227ab56","source":"stdout","level":30,"msg":"> Task :react-native-svg:copyReleaseJniLibsProjectOnly","time":"2026-02-22T23:16:37.120Z","v":0,"logId":"019c87a3-fc80-71af-8c7f-02fda2423e40"}
{"name":"worker","pid":937,"phase":"RUN_GRADLEW","buildId":"d816ad61-9dbf-4772-b852-09cb8227ab56","source":"stdout","level":30,"msg":"> Task :expo-modules-core:compileReleaseKotlin","time":"2026-02-22T23:16:42.220Z","v":0,"logId":"019c87a4-106c-7c11-bf42-b68244d58cdf"}
{"name":"worker","pid":937,"phase":"RUN_GRADLEW","buildId":"d816ad61-9dbf-4772-b852-09cb8227ab56","source":"stdout","level":30,"msg":"> Task :app:createBundleReleaseJsAndAssets","time":"2026-02-22T23:17:00.120Z","v":0,"logId":"019c87a4-5658-7d7d-b6a1-751ffdae108e"}
{"name":"worker","pid":937,"phase":"RUN_GRADLEW","buildId":"d816ad61-9dbf-4772-b852-09cb8227ab56","source":"stderr","level":30,"msg":"SyntaxError: SyntaxError: /home/expo/workingdir/build/mobile/src/navigation/AppNavigator.tsx: Missing semicolon. (76:19)","time":"2026-02-22T23:17:05.920Z","v":0,"logId":"019c87a4-6d01-7caf-b7f9-8bf6a5825ee5"}
{"name":"worker","pid":937,"phase":"RUN_GRADLEW","buildId":"d816ad61-9dbf-4772-b852-09cb8227ab56","source":"stderr","level":30,"msg":"\u001b[0m \u001b[90m 74 |\u001b[39m loadingContainer\u001b[33m:\u001b[39m {","time":"2026-02-22T23:17:05.921Z","v":0,"logId":"019c87a4-6d01-7caf-b7f9-8bf7b0529fab"}
{"name":"worker","pid":937,"phase":"RUN_GRADLEW","buildId":"d816ad61-9dbf-4772-b852-09cb8227ab56","source":"stderr","level":30,"msg":" \u001b[90m 75 |\u001b[39m     flex\u001b[33m:\u001b[39m \u001b[35m1\u001b[39m\u001b[33m,\u001b[39m","time":"2026-02-22T23:17:05.921Z","v":0,"logId":"019c87a4-6d01-7caf-b7f9-8bf8f1b19cb0"}
{"name":"worker","pid":937,"phase":"RUN_GRADLEW","buildId":"d816ad61-9dbf-4772-b852-09cb8227ab56","source":"stderr","level":30,"msg":"\u001b[31m\u001b[1m>\u001b[22m\u001b[39m\u001b[90m 76 |\u001b[39m     backgroundColor\u001b[33m:\u001b[39m \u001b[32m'#0a0f0a'\u001b[39m\u001b[33m,\u001b[39m","time":"2026-02-22T23:17:05.921Z","v":0,"logId":"019c87a4-6d01-7caf-b7f9-8bf92a380c8a"}
{"name":"worker","pid":937,"phase":"RUN_GRADLEW","buildId":"d816ad61-9dbf-4772-b852-09cb8227ab56","source":"stderr","level":30,"msg":" \u001b[90m    |\u001b[39m                    \u001b[31m\u001b[1m^\u001b[22m\u001b[39m","time":"2026-02-22T23:17:05.921Z","v":0,"logId":"019c87a4-6d01-7caf-b7f9-8bfab61bd6e3"}
{"name":"worker","pid":937,"phase":"RUN_GRADLEW","buildId":"d816ad61-9dbf-4772-b852-09cb8227ab56","source":"stderr","level":30,"msg":" \u001b[90m 77 |\u001b[39m     justifyContent\u001b[33m:\u001b[39m \u001b[32m'center'\u001b[39m\u001b[33m,\u001b[39m","time":"2026-02-22T23:17:05.921Z","v":0,"logId":"019c87a4-6d01-7caf-b7f9-8bfbc9a45516"}
{"name":"worker","pid":937,"phase":"RUN_GRADLEW","buildId":"d816ad61-9dbf-4772-b852-09cb8227ab56","source":"stderr","level":30,"msg":" \u001b[90m 78 |\u001b[39m     alignItems\u001b[33m:\u001b[39m \u001b[32m'center'\u001b[39m\u001b[33m,\u001b[39m","time":"2026-02-22T23:17:05.921Z","v":0,"logId":"019c87a4-6d01-7caf-b7f9-8bfcaa3eac33"}
{"name":"worker","pid":937,"phase":"RUN_GRADLEW","buildId":"d816ad61-9dbf-4772-b852-09cb8227ab56","source":"stderr","level":30,"msg":" \u001b[90m 79 |\u001b[39m     gap\u001b[33m:\u001b[39m \u001b[35m16\u001b[39m\u001b[33m,\u001b[39m\u001b[0m","time":"2026-02-22T23:17:05.921Z","v":0,"logId":"019c87a4-6d01-7caf-b7f9-8bfdc23da205"}
{"name":"worker","pid":937,"phase":"RUN_GRADLEW","buildId":"d816ad61-9dbf-4772-b852-09cb8227ab56","source":"stderr","level":30,"msg":"SyntaxError: /home/expo/workingdir/build/mobile/src/navigation/AppNavigator.tsx: Missing semicolon. (76:19)","time":"2026-02-22T23:17:05.921Z","v":0,"logId":"019c87a4-6d01-7caf-b7f9-8bfecc41596b"}
{"name":"worker","pid":937,"phase":"RUN_GRADLEW","buildId":"d816ad61-9dbf-4772-b852-09cb8227ab56","source":"stderr","level":30,"msg":"\u001b[0m \u001b[90m 74 |\u001b[39m loadingContainer\u001b[33m:\u001b[39m {","time":"2026-02-22T23:17:05.921Z","v":0,"logId":"019c87a4-6d01-7caf-b7f9-8bff1c924179"}
{"name":"worker","pid":937,"phase":"RUN_GRADLEW","buildId":"d816ad61-9dbf-4772-b852-09cb8227ab56","source":"stderr","level":30,"msg":" \u001b[90m 75 |\u001b[39m     flex\u001b[33m:\u001b[39m \u001b[35m1\u001b[39m\u001b[33m,\u001b[39m","time":"2026-02-22T23:17:05.921Z","v":0,"logId":"019c87a4-6d01-7caf-b7f9-8c0060320079"}
{"name":"worker","pid":937,"phase":"RUN_GRADLEW","buildId":"d816ad61-9dbf-4772-b852-09cb8227ab56","source":"stderr","level":30,"msg":"\u001b[31m\u001b[1m>\u001b[22m\u001b[39m\u001b[90m 76 |\u001b[39m     backgroundColor\u001b[33m:\u001b[39m \u001b[32m'#0a0f0a'\u001b[39m\u001b[33m,\u001b[39m","time":"2026-02-22T23:17:05.921Z","v":0,"logId":"019c87a4-6d01-7caf-b7f9-8c01f182f6f2"}
{"name":"worker","pid":937,"phase":"RUN_GRADLEW","buildId":"d816ad61-9dbf-4772-b852-09cb8227ab56","source":"stderr","level":30,"msg":" \u001b[90m    |\u001b[39m                    \u001b[31m\u001b[1m^\u001b[22m\u001b[39m","time":"2026-02-22T23:17:05.921Z","v":0,"logId":"019c87a4-6d01-7caf-b7f9-8c0278ebf38b"}
{"name":"worker","pid":937,"phase":"RUN_GRADLEW","buildId":"d816ad61-9dbf-4772-b852-09cb8227ab56","source":"stderr","level":30,"msg":" \u001b[90m 77 |\u001b[39m     justifyContent\u001b[33m:\u001b[39m \u001b[32m'center'\u001b[39m\u001b[33m,\u001b[39m","time":"2026-02-22T23:17:05.921Z","v":0,"logId":"019c87a4-6d01-7caf-b7f9-8c032bc27b85"}
{"name":"worker","pid":937,"phase":"RUN_GRADLEW","buildId":"d816ad61-9dbf-4772-b852-09cb8227ab56","source":"stderr","level":30,"msg":" \u001b[90m 78 |\u001b[39m     alignItems\u001b[33m:\u001b[39m \u001b[32m'center'\u001b[39m\u001b[33m,\u001b[39m","time":"2026-02-22T23:17:05.921Z","v":0,"logId":"019c87a4-6d01-7caf-b7f9-8c04873bde4b"}
{"name":"worker","pid":937,"phase":"RUN_GRADLEW","buildId":"d816ad61-9dbf-4772-b852-09cb8227ab56","source":"stderr","level":30,"msg":" \u001b[90m 79 |\u001b[39m     gap\u001b[33m:\u001b[39m \u001b[35m16\u001b[39m\u001b[33m,\u001b[39m\u001b[0m","time":"2026-02-22T23:17:05.921Z","v":0,"logId":"019c87a4-6d01-7caf-b7f9-8c05568aab7b"}
{"name":"worker","pid":937,"phase":"RUN_GRADLEW","buildId":"d816ad61-9dbf-4772-b852-09cb8227ab56","source":"stderr","level":30,"msg":"    at constructor (/home/expo/workingdir/build/mobile/node_modules/@babel/parser/lib/index.js:365:19)","time":"2026-02-22T23:17:05.921Z","v":0,"logId":"019c87a4-6d01-7caf-b7f9-8c0686bfd570"}
{"name":"worker","pid":937,"phase":"RUN_GRADLEW","buildId":"d816ad61-9dbf-4772-b852-09cb8227ab56","source":"stderr","level":30,"msg":"    at TypeScriptParserMixin.raise (/home/expo/workingdir/build/mobile/node_modules/@babel/parser/lib/index.js:6599:19)","time":"2026-02-22T23:17:05.921Z","v":0,"logId":"019c87a4-6d01-7caf-b7f9-8c0750da3c31"}
{"name":"worker","pid":937,"phase":"RUN_GRADLEW","buildId":"d816ad61-9dbf-4772-b852-09cb8227ab56","source":"stderr","level":30,"msg":"    at TypeScriptParserMixin.semicolon (/home/expo/workingdir/build/mobile/node_modules/@babel/parser/lib/index.js:6895:10)","time":"2026-02-22T23:17:05.921Z","v":0,"logId":"019c87a4-6d01-7caf-b7f9-8c080b456591"}
{"name":"worker","pid":937,"phase":"RUN_GRADLEW","buildId":"d816ad61-9dbf-4772-b852-09cb8227ab56","source":"stderr","level":30,"msg":"    at TypeScriptParserMixin.parseExpressionStatement (/home/expo/workingdir/build/mobile/node_modules/@babel/parser/lib/index.js:13285:10)","time":"2026-02-22T23:17:05.921Z","v":0,"logId":"019c87a4-6d01-7caf-b7f9-8c09c03d85be"}
{"name":"worker","pid":937,"phase":"RUN_GRADLEW","buildId":"d816ad61-9dbf-4772-b852-09cb8227ab56","source":"stderr","level":30,"msg":"    at TypeScriptParserMixin.parseStatementContent (/home/expo/workingdir/build/mobile/node_modules/@babel/parser/lib/index.js:12899:19)","time":"2026-02-22T23:17:05.921Z","v":0,"logId":"019c87a4-6d01-7caf-b7f9-8c0a940136d3"}
{"name":"worker","pid":937,"phase":"RUN_GRADLEW","buildId":"d816ad61-9dbf-4772-b852-09cb8227ab56","source":"stderr","level":30,"msg":"    at TypeScriptParserMixin.parseStatementContent (/home/expo/workingdir/build/mobile/node_modules/@babel/parser/lib/index.js:9508:18)","time":"2026-02-22T23:17:05.921Z","v":0,"logId":"019c87a4-6d01-7caf-b7f9-8c0b225ba0da"}
{"name":"worker","pid":937,"phase":"RUN_GRADLEW","buildId":"d816ad61-9dbf-4772-b852-09cb8227ab56","source":"stderr","level":30,"msg":"    at TypeScriptParserMixin.parseStatementLike (/home/expo/workingdir/build/mobile/node_modules/@babel/parser/lib/index.js:12767:17)","time":"2026-02-22T23:17:05.921Z","v":0,"logId":"019c87a4-6d01-7caf-b7f9-8c0c02bd3316"}
{"name":"worker","pid":937,"phase":"RUN_GRADLEW","buildId":"d816ad61-9dbf-4772-b852-09cb8227ab56","source":"stderr","level":30,"msg":"    at TypeScriptParserMixin.parseStatement (/home/expo/workingdir/build/mobile/node_modules/@babel/parser/lib/index.js:12760:17)","time":"2026-02-22T23:17:05.921Z","v":0,"logId":"019c87a4-6d01-7caf-b7f9-8c0dd085f2d4"}
{"name":"worker","pid":937,"phase":"RUN_GRADLEW","buildId":"d816ad61-9dbf-4772-b852-09cb8227ab56","source":"stderr","level":30,"msg":"    at TypeScriptParserMixin.parseLabeledStatement (/home/expo/workingdir/build/mobile/node_modules/@babel/parser/lib/index.js:13278:95)","time":"2026-02-22T23:17:05.921Z","v":0,"logId":"019c87a4-6d01-7caf-b7f9-8c0e65c921a5"}
{"name":"worker","pid":937,"phase":"RUN_GRADLEW","buildId":"d816ad61-9dbf-4772-b852-09cb8227ab56","source":"stderr","level":30,"msg":"    at TypeScriptParserMixin.parseStatementContent (/home/expo/workingdir/build/mobile/node_modules/@babel/parser/lib/index.js:12897:19)","time":"2026-02-22T23:17:05.921Z","v":0,"logId":"019c87a4-6d01-7caf-b7f9-8c0fe1c69fb7"}
{"name":"worker","pid":937,"phase":"RUN_GRADLEW","buildId":"d816ad61-9dbf-4772-b852-09cb8227ab56","source":"stderr","level":30,"msg":"    at TypeScriptParserMixin.parseStatementContent (/home/expo/workingdir/build/mobile/node_modules/@babel/parser/lib/index.js:9508:18)","time":"2026-02-22T23:17:05.921Z","v":0,"logId":"019c87a4-6d01-7caf-b7f9-8c105dfc9506"}
{"name":"worker","pid":937,"phase":"RUN_GRADLEW","buildId":"d816ad61-9dbf-4772-b852-09cb8227ab56","source":"stderr","level":30,"msg":"    at TypeScriptParserMixin.parseStatementLike (/home/expo/workingdir/build/mobile/node_modules/@babel/parser/lib/index.js:12767:17)","time":"2026-02-22T23:17:05.921Z","v":0,"logId":"019c87a4-6d02-7091-b97f-4a0a96532117"}
{"name":"worker","pid":937,"phase":"RUN_GRADLEW","buildId":"d816ad61-9dbf-4772-b852-09cb8227ab56","source":"stderr","level":30,"msg":"    at TypeScriptParserMixin.parseStatementListItem (/home/expo/workingdir/build/mobile/node_modules/@babel/parser/lib/index.js:12747:17)","time":"2026-02-22T23:17:05.922Z","v":0,"logId":"019c87a4-6d02-7091-b97f-4a0b128a94ef"}
{"name":"worker","pid":937,"phase":"RUN_GRADLEW","buildId":"d816ad61-9dbf-4772-b852-09cb8227ab56","source":"stderr","level":30,"msg":"    at TypeScriptParserMixin.parseBlockOrModuleBlockBody (/home/expo/workingdir/build/mobile/node_modules/@babel/parser/lib/index.js:13316:61)","time":"2026-02-22T23:17:05.922Z","v":0,"logId":"019c87a4-6d02-7091-b97f-4a0c23a717c4"}
{"name":"worker","pid":937,"phase":"RUN_GRADLEW","buildId":"d816ad61-9dbf-4772-b852-09cb8227ab56","source":"stderr","level":30,"msg":"    at TypeScriptParserMixin.parseBlockBody (/home/expo/workingdir/build/mobile/node_modules/@babel/parser/lib/index.js:13309:10)","time":"2026-02-22T23:17:05.922Z","v":0,"logId":"019c87a4-6d02-7091-b97f-4a0d1e6c76c8"}
{"name":"worker","pid":937,"phase":"RUN_GRADLEW","buildId":"d816ad61-9dbf-4772-b852-09cb8227ab56","source":"stderr","level":30,"msg":"    at TypeScriptParserMixin.parseBlock (/home/expo/workingdir/build/mobile/node_modules/@babel/parser/lib/index.js:13297:10)","time":"2026-02-22T23:17:05.922Z","v":0,"logId":"019c87a4-6d02-7091-b97f-4a0e1d6e3268"}
{"name":"worker","pid":937,"phase":"RUN_GRADLEW","buildId":"d816ad61-9dbf-4772-b852-09cb8227ab56","source":"stderr","level":30,"msg":"    at TypeScriptParserMixin.parseStatementContent (/home/expo/workingdir/build/mobile/node_modules/@babel/parser/lib/index.js:12858:21)","time":"2026-02-22T23:17:05.922Z","v":0,"logId":"019c87a4-6d02-7091-b97f-4a0fafdeec6c"}
{"name":"worker","pid":937,"phase":"RUN_GRADLEW","buildId":"d816ad61-9dbf-4772-b852-09cb8227ab56","source":"stderr","level":30,"msg":"    at TypeScriptParserMixin.parseStatementContent (/home/expo/workingdir/build/mobile/node_modules/@babel/parser/lib/index.js:9508:18)","time":"2026-02-22T23:17:05.922Z","v":0,"logId":"019c87a4-6d02-7091-b97f-4a10d5aa9e37"}
{"name":"worker","pid":937,"phase":"RUN_GRADLEW","buildId":"d816ad61-9dbf-4772-b852-09cb8227ab56","source":"stderr","level":30,"msg":"    at TypeScriptParserMixin.parseStatementLike (/home/expo/workingdir/build/mobile/node_modules/@babel/parser/lib/index.js:12767:17)","time":"2026-02-22T23:17:05.922Z","v":0,"logId":"019c87a4-6d02-7091-b97f-4a11d150c0be"}
{"name":"worker","pid":937,"phase":"RUN_GRADLEW","buildId":"d816ad61-9dbf-4772-b852-09cb8227ab56","source":"stderr","level":30,"msg":"    at TypeScriptParserMixin.parseStatement (/home/expo/workingdir/build/mobile/node_modules/@babel/parser/lib/index.js:12760:17)","time":"2026-02-22T23:17:05.922Z","v":0,"logId":"019c87a4-6d02-7091-b97f-4a125a422f39"}
{"name":"worker","pid":937,"phase":"RUN_GRADLEW","buildId":"d816ad61-9dbf-4772-b852-09cb8227ab56","source":"stderr","level":30,"msg":"    at TypeScriptParserMixin.parseLabeledStatement (/home/expo/workingdir/build/mobile/node_modules/@babel/parser/lib/index.js:13278:95)","time":"2026-02-22T23:17:05.922Z","v":0,"logId":"019c87a4-6d02-7091-b97f-4a13c04f92f1"}
{"name":"worker","pid":937,"phase":"RUN_GRADLEW","buildId":"d816ad61-9dbf-4772-b852-09cb8227ab56","source":"stderr","level":30,"msg":"    at TypeScriptParserMixin.parseStatementContent (/home/expo/workingdir/build/mobile/node_modules/@babel/parser/lib/index.js:12897:19)","time":"2026-02-22T23:17:05.922Z","v":0,"logId":"019c87a4-6d02-7091-b97f-4a147dae7be6"}
{"name":"worker","pid":937,"phase":"RUN_GRADLEW","buildId":"d816ad61-9dbf-4772-b852-09cb8227ab56","source":"stderr","level":30,"msg":"    at TypeScriptParserMixin.parseStatementContent (/home/expo/workingdir/build/mobile/node_modules/@babel/parser/lib/index.js:9508:18)","time":"2026-02-22T23:17:05.922Z","v":0,"logId":"019c87a4-6d02-7091-b97f-4a15c83af197"}
{"name":"worker","pid":937,"phase":"RUN_GRADLEW","buildId":"d816ad61-9dbf-4772-b852-09cb8227ab56","source":"stderr","level":30,"msg":"    at TypeScriptParserMixin.parseStatementLike (/home/expo/workingdir/build/mobile/node_modules/@babel/parser/lib/index.js:12767:17)","time":"2026-02-22T23:17:05.922Z","v":0,"logId":"019c87a4-6d02-7091-b97f-4a160008ff10"}
{"name":"worker","pid":937,"phase":"RUN_GRADLEW","buildId":"d816ad61-9dbf-4772-b852-09cb8227ab56","source":"stderr","level":30,"msg":"    at TypeScriptParserMixin.parseStatementListItem (/home/expo/workingdir/build/mobile/node_modules/@babel/parser/lib/index.js:12747:17)","time":"2026-02-22T23:17:05.922Z","v":0,"logId":"019c87a4-6d02-7091-b97f-4a17d62de89c"}
{"name":"worker","pid":937,"phase":"RUN_GRADLEW","buildId":"d816ad61-9dbf-4772-b852-09cb8227ab56","source":"stderr","level":30,"msg":"    at TypeScriptParserMixin.parseBlockOrModuleBlockBody (/home/expo/workingdir/build/mobile/node_modules/@babel/parser/lib/index.js:13316:61)","time":"2026-02-22T23:17:05.922Z","v":0,"logId":"019c87a4-6d02-7091-b97f-4a18881e5f39"}
{"name":"worker","pid":937,"phase":"RUN_GRADLEW","buildId":"d816ad61-9dbf-4772-b852-09cb8227ab56","source":"stderr","level":30,"msg":"    at TypeScriptParserMixin.parseBlockBody (/home/expo/workingdir/build/mobile/node_modules/@babel/parser/lib/index.js:13309:10)","time":"2026-02-22T23:17:05.922Z","v":0,"logId":"019c87a4-6d02-7091-b97f-4a19158de262"}
{"name":"worker","pid":937,"phase":"RUN_GRADLEW","buildId":"d816ad61-9dbf-4772-b852-09cb8227ab56","source":"stderr","level":30,"msg":"    at TypeScriptParserMixin.parseBlock (/home/expo/workingdir/build/mobile/node_modules/@babel/parser/lib/index.js:13297:10)","time":"2026-02-22T23:17:05.922Z","v":0,"logId":"019c87a4-6d02-7091-b97f-4a1aa61cfe6c"}
{"name":"worker","pid":937,"phase":"RUN_GRADLEW","buildId":"d816ad61-9dbf-4772-b852-09cb8227ab56","source":"stderr","level":30,"msg":"    at TypeScriptParserMixin.parseFunctionBody (/home/expo/workingdir/build/mobile/node_modules/@babel/parser/lib/index.js:12100:24)","time":"2026-02-22T23:17:05.922Z","v":0,"logId":"019c87a4-6d02-7091-b97f-4a1bb17c120d"}
{"name":"worker","pid":937,"phase":"RUN_GRADLEW","buildId":"d816ad61-9dbf-4772-b852-09cb8227ab56","source":"stderr","level":30,"msg":"    at TypeScriptParserMixin.parseFunctionBodyAndFinish (/home/expo/workingdir/build/mobile/node_modules/@babel/parser/lib/index.js:12086:10)","time":"2026-02-22T23:17:05.922Z","v":0,"logId":"019c87a4-6d02-7091-b97f-4a1c77db1793"}
{"name":"worker","pid":937,"phase":"RUN_GRADLEW","buildId":"d816ad61-9dbf-4772-b852-09cb8227ab56","source":"stderr","level":30,"msg":"    at TypeScriptParserMixin.parseFunctionBodyAndFinish (/home/expo/workingdir/build/mobile/node_modules/@babel/parser/lib/index.js:9172:18)","time":"2026-02-22T23:17:05.922Z","v":0,"logId":"019c87a4-6d02-7091-b97f-4a1dc8895e12"}
{"name":"worker","pid":937,"phase":"RUN_GRADLEW","buildId":"d816ad61-9dbf-4772-b852-09cb8227ab56","source":"stderr","level":30,"msg":"    at /home/expo/workingdir/build/mobile/node_modules/@babel/parser/lib/index.js:13445:12","time":"2026-02-22T23:17:05.922Z","v":0,"logId":"019c87a4-6d02-7091-b97f-4a1ecae3014a"}
{"name":"worker","pid":937,"phase":"RUN_GRADLEW","buildId":"d816ad61-9dbf-4772-b852-09cb8227ab56","source":"stderr","level":30,"msg":"    at TypeScriptParserMixin.withSmartMixTopicForbiddingContext (/home/expo/workingdir/build/mobile/node_modules/@babel/parser/lib/index.js:12403:14)","time":"2026-02-22T23:17:05.922Z","v":0,"logId":"019c87a4-6d02-7091-b97f-4a1faf38a63e"}
{"name":"worker","pid":937,"phase":"RUN_GRADLEW","buildId":"d816ad61-9dbf-4772-b852-09cb8227ab56","source":"stderr","level":30,"msg":"    at TypeScriptParserMixin.parseFunction (/home/expo/workingdir/build/mobile/node_modules/@babel/parser/lib/index.js:13444:10)","time":"2026-02-22T23:17:05.922Z","v":0,"logId":"019c87a4-6d02-7091-b97f-4a202b59f0a0"}
{"name":"worker","pid":937,"phase":"RUN_GRADLEW","buildId":"d816ad61-9dbf-4772-b852-09cb8227ab56","source":"stderr","level":30,"msg":"    at TypeScriptParserMixin.parseFunctionStatement (/home/expo/workingdir/build/mobile/node_modules/@babel/parser/lib/index.js:13125:17)","time":"2026-02-22T23:17:05.922Z","v":0,"logId":"019c87a4-6d02-7091-b97f-4a21e658952c"}
{"name":"worker","pid":937,"phase":"RUN_GRADLEW","buildId":"d816ad61-9dbf-4772-b852-09cb8227ab56","source":"stderr","level":30,"msg":"    at TypeScriptParserMixin.parseStatementContent (/home/expo/workingdir/build/mobile/node_modules/@babel/parser/lib/index.js:12791:21)","time":"2026-02-22T23:17:05.922Z","v":0,"logId":"019c87a4-6d02-7091-b97f-4a22e349c4e3"}
{"name":"worker","pid":937,"phase":"RUN_GRADLEW","buildId":"d816ad61-9dbf-4772-b852-09cb8227ab56","source":"stderr","level":30,"msg":"    at TypeScriptParserMixin.parseStatementContent (/home/expo/workingdir/build/mobile/node_modules/@babel/parser/lib/index.js:9508:18)","time":"2026-02-22T23:17:05.922Z","v":0,"logId":"019c87a4-6d02-7091-b97f-4a23657571a9"}
{"name":"worker","pid":937,"phase":"RUN_GRADLEW","buildId":"d816ad61-9dbf-4772-b852-09cb8227ab56","source":"stderr","level":30,"msg":"    at TypeScriptParserMixin.parseStatementLike (/home/expo/workingdir/build/mobile/node_modules/@babel/parser/lib/index.js:12767:17)","time":"2026-02-22T23:17:05.922Z","v":0,"logId":"019c87a4-6d02-7091-b97f-4a244ea1e5d0"}
{"name":"worker","pid":937,"phase":"RUN_GRADLEW","buildId":"d816ad61-9dbf-4772-b852-09cb8227ab56","source":"stderr","level":30,"msg":"    at TypeScriptParserMixin.parseStatementListItem (/home/expo/workingdir/build/mobile/node_modules/@babel/parser/lib/index.js:12747:17)","time":"2026-02-22T23:17:05.922Z","v":0,"logId":"019c87a4-6d02-7091-b97f-4a25ca09e55e"}
{"name":"worker","pid":937,"phase":"RUN_GRADLEW","buildId":"d816ad61-9dbf-4772-b852-09cb8227ab56","source":"stderr","level":30,"msg":"    at TypeScriptParserMixin.parseExportDeclaration (/home/expo/workingdir/build/mobile/node_modules/@babel/parser/lib/index.js:13934:17)","time":"2026-02-22T23:17:05.922Z","v":0,"logId":"019c87a4-6d02-7091-b97f-4a266fec073d"}
{"name":"worker","pid":937,"phase":"RUN_GRADLEW","buildId":"d816ad61-9dbf-4772-b852-09cb8227ab56","source":"stderr","level":30,"msg":"    at TypeScriptParserMixin.parseExportDeclaration (/home/expo/workingdir/build/mobile/node_modules/@babel/parser/lib/index.js:9629:85)","time":"2026-02-22T23:17:05.922Z","v":0,"logId":"019c87a4-6d02-7091-b97f-4a27020c0348"}
{"name":"worker","pid":937,"phase":"RUN_GRADLEW","buildId":"d816ad61-9dbf-4772-b852-09cb8227ab56","source":"stderr","level":30,"msg":"    at TypeScriptParserMixin.maybeParseExportDeclaration (/home/expo/workingdir/build/mobile/node_modules/@babel/parser/lib/index.js:13893:31)","time":"2026-02-22T23:17:05.922Z","v":0,"logId":"019c87a4-6d02-7091-b97f-4a285101c001"}
{"name":"worker","pid":937,"phase":"RUN_GRADLEW","buildId":"d816ad61-9dbf-4772-b852-09cb8227ab56","source":"stderr","level":30,"msg":"    at TypeScriptParserMixin.parseExport (/home/expo/workingdir/build/mobile/node_modules/@babel/parser/lib/index.js:13812:29)","time":"2026-02-22T23:17:05.922Z","v":0,"logId":"019c87a4-6d02-7091-b97f-4a2946f0fc49"}
{"name":"worker","pid":937,"phase":"RUN_GRADLEW","buildId":"d816ad61-9dbf-4772-b852-09cb8227ab56","source":"stderr","level":30,"msg":"    at TypeScriptParserMixin.parseExport (/home/expo/workingdir/build/mobile/node_modules/@babel/parser/lib/index.js:9385:20)","time":"2026-02-22T23:17:05.922Z","v":0,"logId":"019c87a4-6d02-7091-b97f-4a2ac7d165bd"}
{"name":"worker","pid":937,"phase":"RUN_GRADLEW","buildId":"d816ad61-9dbf-4772-b852-09cb8227ab56","source":"stderr","level":30,"msg":"    at TypeScriptParserMixin.parseStatementContent (/home/expo/workingdir/build/mobile/node_modules/@babel/parser/lib/index.js:12878:27)","time":"2026-02-22T23:17:05.922Z","v":0,"logId":"019c87a4-6d02-7091-b97f-4a2b07f8cd1c"}
{"name":"worker","pid":937,"phase":"RUN_GRADLEW","buildId":"d816ad61-9dbf-4772-b852-09cb8227ab56","source":"stderr","level":30,"msg":"    at TypeScriptParserMixin.parseStatementContent (/home/expo/workingdir/build/mobile/node_modules/@babel/parser/lib/index.js:9508:18)","time":"2026-02-22T23:17:05.922Z","v":0,"logId":"019c87a4-6d02-7091-b97f-4a2cb0d7b370"}
{"name":"worker","pid":937,"phase":"RUN_GRADLEW","buildId":"d816ad61-9dbf-4772-b852-09cb8227ab56","source":"stderr","level":30,"msg":"    at TypeScriptParserMixin.parseStatementLike (/home/expo/workingdir/build/mobile/node_modules/@babel/parser/lib/index.js:12767:17)","time":"2026-02-22T23:17:05.923Z","v":0,"logId":"019c87a4-6d03-7d56-ba82-c318b041d7d3"}
{"name":"worker","pid":937,"phase":"RUN_GRADLEW","buildId":"d816ad61-9dbf-4772-b852-09cb8227ab56","source":"stderr","level":30,"msg":"    at TypeScriptParserMixin.parseModuleItem (/home/expo/workingdir/build/mobile/node_modules/@babel/parser/lib/index.js:12744:17)","time":"2026-02-22T23:17:05.923Z","v":0,"logId":"019c87a4-6d03-7d56-ba82-c31913703413"}
{"name":"worker","pid":937,"phase":"RUN_GRADLEW","buildId":"d816ad61-9dbf-4772-b852-09cb8227ab56","source":"stderr","level":30,"msg":"    at TypeScriptParserMixin.parseBlockOrModuleBlockBody (/home/expo/workingdir/build/mobile/node_modules/@babel/parser/lib/index.js:13316:36)","time":"2026-02-22T23:17:05.923Z","v":0,"logId":"019c87a4-6d03-7d56-ba82-c31a07af799a"}
{"name":"worker","pid":937,"phase":"RUN_GRADLEW","buildId":"d816ad61-9dbf-4772-b852-09cb8227ab56","source":"stderr","level":30,"msg":"    at TypeScriptParserMixin.parseBlockBody (/home/expo/workingdir/build/mobile/node_modules/@babel/parser/lib/index.js:13309:10)","time":"2026-02-22T23:17:05.923Z","v":0,"logId":"019c87a4-6d03-7d56-ba82-c31b779d3682"}
{"name":"worker","pid":937,"phase":"RUN_GRADLEW","buildId":"d816ad61-9dbf-4772-b852-09cb8227ab56","source":"stdout","level":30,"msg":"> Task :app:createBundleReleaseJsAndAssets FAILED","time":"2026-02-22T23:17:05.923Z","v":0,"logId":"019c87a4-6d03-7d56-ba82-c31ccacc5be6"}
{"name":"worker","pid":937,"phase":"RUN_GRADLEW","buildId":"d816ad61-9dbf-4772-b852-09cb8227ab56","source":"stdout","level":30,"msg":"> Task :expo-modules-core:buildCMakeRelWithDebInfo[arm64-v8a]","time":"2026-02-22T23:17:14.620Z","v":0,"logId":"019c87a4-8efc-7c83-b447-24a0efb0c188"}
{"name":"worker","pid":937,"phase":"RUN_GRADLEW","buildId":"d816ad61-9dbf-4772-b852-09cb8227ab56","source":"stdout","level":30,"msg":"> Task :expo-modules-core:compileReleaseKotlin","time":"2026-02-22T23:17:16.620Z","v":0,"logId":"019c87a4-96cc-7a4d-9a26-b677290ed0e4"}
{"name":"worker","pid":937,"phase":"RUN_GRADLEW","buildId":"d816ad61-9dbf-4772-b852-09cb8227ab56","source":"stdout","level":30,"msg":"w: file:///home/expo/workingdir/build/mobile/node_modules/expo-modules-core/android/src/main/java/expo/modules/core/utilities/EmulatorUtilities.kt:30:13 'SERIAL: String!' is deprecated. Deprecated in Java","time":"2026-02-22T23:17:16.620Z","v":0,"logId":"019c87a4-96cc-7a4d-9a26-b67859c237b3"}
{"name":"worker","pid":937,"phase":"RUN_GRADLEW","buildId":"d816ad61-9dbf-4772-b852-09cb8227ab56","source":"stdout","level":30,"msg":"w: file:///home/expo/workingdir/build/mobile/node_modules/expo-modules-core/android/src/main/java/expo/modules/kotlin/AppContext.kt:151:13 Variable 'catalystInstance' is never used","time":"2026-02-22T23:17:16.620Z","v":0,"logId":"019c87a4-96cc-7a4d-9a26-b679ae2096ad"}
{"name":"worker","pid":937,"phase":"RUN_GRADLEW","buildId":"d816ad61-9dbf-4772-b852-09cb8227ab56","source":"stdout","level":30,"msg":"w: file:///home/expo/workingdir/build/mobile/node_modules/expo-modules-core/android/src/main/java/expo/modules/kotlin/ExpoModulesHelper.kt:11:21 'newInstance(): T!' is deprecated. Deprecated in Java","time":"2026-02-22T23:17:16.620Z","v":0,"logId":"019c87a4-96cc-7a4d-9a26-b67adb234122"}
{"name":"worker","pid":937,"phase":"RUN_GRADLEW","buildId":"d816ad61-9dbf-4772-b852-09cb8227ab56","source":"stdout","level":30,"msg":"w: file:///home/expo/workingdir/build/mobile/node_modules/expo-modules-core/android/src/main/java/expo/modules/kotlin/Promise.kt:72:18 This declaration overrides deprecated member but not marked as deprecated itself. This deprecation won't be inherited in future releases. Please add @Deprecated annotation or suppress. See https://youtrack.jetbrains.com/issue/KT-47902 for details","time":"2026-02-22T23:17:16.620Z","v":0,"logId":"019c87a4-96cc-7a4d-9a26-b67bc1d71163"}
{"name":"worker","pid":937,"phase":"RUN_GRADLEW","buildId":"d816ad61-9dbf-4772-b852-09cb8227ab56","source":"stdout","level":30,"msg":"w: file:///home/expo/workingdir/build/mobile/node_modules/expo-modules-core/android/src/main/java/expo/modules/kotlin/Utils.kt:8:3 Expected performance impact from inlining is insignificant. Inlining works best for functions with parameters of functional types","time":"2026-02-22T23:17:16.620Z","v":0,"logId":"019c87a4-96cc-7a4d-9a26-b67c89b63f94"}
{"name":"worker","pid":937,"phase":"RUN_GRADLEW","buildId":"d816ad61-9dbf-4772-b852-09cb8227ab56","source":"stdout","level":30,"msg":"w: file:///home/expo/workingdir/build/mobile/node_modules/expo-modules-core/android/src/main/java/expo/modules/kotlin/activityresult/ActivityResultsManager.kt:51:24 Parameter 'activity' is never used","time":"2026-02-22T23:17:16.620Z","v":0,"logId":"019c87a4-96cc-7a4d-9a26-b67d6eca75d0"}
{"name":"worker","pid":937,"phase":"RUN_GRADLEW","buildId":"d816ad61-9dbf-4772-b852-09cb8227ab56","source":"stdout","level":30,"msg":"w: file:///home/expo/workingdir/build/mobile/node_modules/expo-modules-core/android/src/main/java/expo/modules/kotlin/activityresult/AppContextActivityResultRegistry.kt:119:51 'getParcelableExtra(String!): T?' is deprecated. Deprecated in Java","time":"2026-02-22T23:17:16.620Z","v":0,"logId":"019c87a4-96cc-7a4d-9a26-b67eb9144167"}
{"name":"worker","pid":937,"phase":"RUN_GRADLEW","buildId":"d816ad61-9dbf-4772-b852-09cb8227ab56","source":"stdout","level":30,"msg":"w: file:///home/expo/workingdir/build/mobile/node_modules/expo-modules-core/android/src/main/java/expo/modules/kotlin/activityresult/AppContextActivityResultRegistry.kt:186:26 'getParcelable(String?): T?' is deprecated. Deprecated in Java","time":"2026-02-22T23:17:16.621Z","v":0,"logId":"019c87a4-96cd-7d79-804d-bef80222eb33"}
{"name":"worker","pid":937,"phase":"RUN_GRADLEW","buildId":"d816ad61-9dbf-4772-b852-09cb8227ab56","source":"stdout","level":30,"msg":"w: file:///home/expo/workingdir/build/mobile/node_modules/expo-modules-core/android/src/main/java/expo/modules/kotlin/activityresult/AppContextActivityResultRegistry.kt:277:83 'getParcelable(String?): T?' is deprecated. Deprecated in Java","time":"2026-02-22T23:17:16.621Z","v":0,"logId":"019c87a4-96cd-7d79-804d-bef9d396ebe5"}
{"name":"worker","pid":937,"phase":"RUN_GRADLEW","buildId":"d816ad61-9dbf-4772-b852-09cb8227ab56","source":"stdout","level":30,"msg":"w: file:///home/expo/workingdir/build/mobile/node_modules/expo-modules-core/android/src/main/java/expo/modules/kotlin/activityresult/DataPersistor.kt:67:20 'getSerializable(String?): Serializable?' is deprecated. Deprecated in Java","time":"2026-02-22T23:17:16.621Z","v":0,"logId":"019c87a4-96cd-7d79-804d-befa1edeb40d"}
{"name":"worker","pid":937,"phase":"RUN_GRADLEW","buildId":"d816ad61-9dbf-4772-b852-09cb8227ab56","source":"stdout","level":30,"msg":"w: file:///home/expo/workingdir/build/mobile/node_modules/expo-modules-core/android/src/main/java/expo/modules/kotlin/activityresult/DataPersistor.kt:85:26 'getSerializable(String?): Serializable?' is deprecated. Deprecated in Java","time":"2026-02-22T23:17:16.621Z","v":0,"logId":"019c87a4-96cd-7d79-804d-befb82daa50b"}
{"name":"worker","pid":937,"phase":"RUN_GRADLEW","buildId":"d816ad61-9dbf-4772-b852-09cb8227ab56","source":"stdout","level":30,"msg":"w: file:///home/expo/workingdir/build/mobile/node_modules/expo-modules-core/android/src/main/java/expo/modules/kotlin/devtools/cdp/CdpNetworkTypes.kt:186:54 Parameter 'request' is never used","time":"2026-02-22T23:17:16.621Z","v":0,"logId":"019c87a4-96cd-7d79-804d-befc92e645ef"}
{"name":"worker","pid":937,"phase":"RUN_GRADLEW","buildId":"d816ad61-9dbf-4772-b852-09cb8227ab56","source":"stdout","level":30,"msg":"w: file:///home/expo/workingdir/build/mobile/node_modules/expo-modules-core/android/src/main/java/expo/modules/kotlin/devtools/cdp/CdpNetworkTypes.kt:210:54 Parameter 'request' is never used","time":"2026-02-22T23:17:16.621Z","v":0,"logId":"019c87a4-96cd-7d79-804d-befd729359d6"}
{"name":"worker","pid":937,"phase":"RUN_GRADLEW","buildId":"d816ad61-9dbf-4772-b852-09cb8227ab56","source":"stdout","level":30,"msg":"w: file:///home/expo/workingdir/build/mobile/node_modules/expo-modules-core/android/src/main/java/expo/modules/kotlin/devtools/cdp/CdpNetworkTypes.kt:230:15 Parameter 'now' is never used","time":"2026-02-22T23:17:16.621Z","v":0,"logId":"019c87a4-96cd-7d79-804d-befe886d083e"}
{"name":"worker","pid":937,"phase":"RUN_GRADLEW","buildId":"d816ad61-9dbf-4772-b852-09cb8227ab56","source":"stdout","level":30,"msg":"w: file:///home/expo/workingdir/build/mobile/node_modules/expo-modules-core/android/src/main/java/expo/modules/kotlin/devtools/cdp/CdpNetworkTypes.kt:230:54 Parameter 'request' is never used","time":"2026-02-22T23:17:16.621Z","v":0,"logId":"019c87a4-96cd-7d79-804d-beff985009d6"}
{"name":"worker","pid":937,"phase":"RUN_GRADLEW","buildId":"d816ad61-9dbf-4772-b852-09cb8227ab56","source":"stdout","level":30,"msg":"w: file:///home/expo/workingdir/build/mobile/node_modules/expo-modules-core/android/src/main/java/expo/modules/kotlin/events/KModuleEventEmitterWrapper.kt:90:7 'constructor Event<T : Event<(raw) Event<*>>!>(Int)' is deprecated. Deprecated in Java","time":"2026-02-22T23:17:16.621Z","v":0,"logId":"019c87a4-96cd-7d79-804d-bf00d9f8f3f2"}
{"name":"worker","pid":937,"phase":"RUN_GRADLEW","buildId":"d816ad61-9dbf-4772-b852-09cb8227ab56","source":"stdout","level":30,"msg":"w: file:///home/expo/workingdir/build/mobile/node_modules/expo-modules-core/android/src/main/java/expo/modules/kotlin/jni/JavaScriptObject.kt:90:33 Parameter 'null' is never used","time":"2026-02-22T23:17:16.621Z","v":0,"logId":"019c87a4-96cd-7d79-804d-bf01cb781b13"}
{"name":"worker","pid":937,"phase":"RUN_GRADLEW","buildId":"d816ad61-9dbf-4772-b852-09cb8227ab56","source":"stdout","level":30,"msg":"w: file:///home/expo/workingdir/build/mobile/node_modules/expo-modules-core/android/src/main/java/expo/modules/kotlin/jni/JavaScriptObject.kt:91:34 Parameter 'null' is never used","time":"2026-02-22T23:17:16.621Z","v":0,"logId":"019c87a4-96cd-7d79-804d-bf02f8fc9cee"}
{"name":"worker","pid":937,"phase":"RUN_GRADLEW","buildId":"d816ad61-9dbf-4772-b852-09cb8227ab56","source":"stdout","level":30,"msg":"w: file:///home/expo/workingdir/build/mobile/node_modules/expo-modules-core/android/src/main/java/expo/modules/kotlin/jni/JavaScriptObject.kt:132:5 Parameter 'null' is never used","time":"2026-02-22T23:17:16.621Z","v":0,"logId":"019c87a4-96ce-761e-8abe-ffb5b0a1c8d1"}
{"name":"worker","pid":937,"phase":"RUN_GRADLEW","buildId":"d816ad61-9dbf-4772-b852-09cb8227ab56","source":"stdout","level":30,"msg":"w: file:///home/expo/workingdir/build/mobile/node_modules/expo-modules-core/android/src/main/java/expo/modules/kotlin/sharedobjects/SharedObjectRegistry.kt:54:35 Destructured parameter 'js' is never used","time":"2026-02-22T23:17:16.622Z","v":0,"logId":"019c87a4-96ce-761e-8abe-ffb62aede96d"}
{"name":"worker","pid":937,"phase":"RUN_GRADLEW","buildId":"d816ad61-9dbf-4772-b852-09cb8227ab56","source":"stdout","level":30,"msg":"w: file:///home/expo/workingdir/build/mobile/node_modules/expo-modules-core/android/src/main/java/expo/modules/kotlin/tracing/ExpoTrace.kt:33:1 Expected performance impact from inlining is insignificant. Inlining works best for functions with parameters of functional types","time":"2026-02-22T23:17:16.622Z","v":0,"logId":"019c87a4-96ce-761e-8abe-ffb76da99138"}
{"name":"worker","pid":937,"phase":"RUN_GRADLEW","buildId":"d816ad61-9dbf-4772-b852-09cb8227ab56","source":"stdout","level":30,"msg":"w: file:///home/expo/workingdir/build/mobile/node_modules/expo-modules-core/android/src/main/java/expo/modules/kotlin/tracing/ExpoTrace.kt:40:1 Expected performance impact from inlining is insignificant. Inlining works best for functions with parameters of functional types","time":"2026-02-22T23:17:16.622Z","v":0,"logId":"019c87a4-96ce-761e-8abe-ffb899abc00a"}
{"name":"worker","pid":937,"phase":"RUN_GRADLEW","buildId":"d816ad61-9dbf-4772-b852-09cb8227ab56","source":"stdout","level":30,"msg":"w: file:///home/expo/workingdir/build/mobile/node_modules/expo-modules-core/android/src/main/java/expo/modules/kotlin/tracing/ExpoTrace.kt:50:1 Expected performance impact from inlining is insignificant. Inlining works best for functions with parameters of functional types","time":"2026-02-22T23:17:16.622Z","v":0,"logId":"019c87a4-96ce-761e-8abe-ffb9c3562bf9"}
{"name":"worker","pid":937,"phase":"RUN_GRADLEW","buildId":"d816ad61-9dbf-4772-b852-09cb8227ab56","source":"stdout","level":30,"msg":"w: file:///home/expo/workingdir/build/mobile/node_modules/expo-modules-core/android/src/main/java/expo/modules/kotlin/tracing/ExpoTrace.kt:56:1 Expected performance impact from inlining is insignificant. Inlining works best for functions with parameters of functional types","time":"2026-02-22T23:17:16.622Z","v":0,"logId":"019c87a4-96ce-761e-8abe-ffba5b25ab93"}
{"name":"worker","pid":937,"phase":"RUN_GRADLEW","buildId":"d816ad61-9dbf-4772-b852-09cb8227ab56","source":"stdout","level":30,"msg":"w: file:///home/expo/workingdir/build/mobile/node_modules/expo-modules-core/android/src/main/java/expo/modules/kotlin/types/Either.kt:76:12 Parameter 'type' is never used","time":"2026-02-22T23:17:16.622Z","v":0,"logId":"019c87a4-96ce-761e-8abe-ffbbc9c31f46"}
{"name":"worker","pid":937,"phase":"RUN_GRADLEW","buildId":"d816ad61-9dbf-4772-b852-09cb8227ab56","source":"stdout","level":30,"msg":"w: file:///home/expo/workingdir/build/mobile/node_modules/expo-modules-core/android/src/main/java/expo/modules/kotlin/types/Either.kt:79:12 Parameter 'type' is never used","time":"2026-02-22T23:17:16.622Z","v":0,"logId":"019c87a4-96ce-761e-8abe-ffbc3aec31aa"}
{"name":"worker","pid":937,"phase":"RUN_GRADLEW","buildId":"d816ad61-9dbf-4772-b852-09cb8227ab56","source":"stdout","level":30,"msg":"w: file:///home/expo/workingdir/build/mobile/node_modules/expo-modules-core/android/src/main/java/expo/modules/kotlin/types/Either.kt:82:11 Parameter 'type' is never used","time":"2026-02-22T23:17:16.622Z","v":0,"logId":"019c87a4-96ce-761e-8abe-ffbd14af5a86"}
{"name":"worker","pid":937,"phase":"RUN_GRADLEW","buildId":"d816ad61-9dbf-4772-b852-09cb8227ab56","source":"stdout","level":30,"msg":"w: file:///home/expo/workingdir/build/mobile/node_modules/expo-modules-core/android/src/main/java/expo/modules/kotlin/types/Either.kt:85:11 Parameter 'type' is never used","time":"2026-02-22T23:17:16.622Z","v":0,"logId":"019c87a4-96ce-761e-8abe-ffbe10e91b58"}
{"name":"worker","pid":937,"phase":"RUN_GRADLEW","buildId":"d816ad61-9dbf-4772-b852-09cb8227ab56","source":"stdout","level":30,"msg":"w: file:///home/expo/workingdir/build/mobile/node_modules/expo-modules-core/android/src/main/java/expo/modules/kotlin/types/Either.kt:99:12 Parameter 'type' is never used","time":"2026-02-22T23:17:16.622Z","v":0,"logId":"019c87a4-96ce-761e-8abe-ffbf03c6ec77"}
{"name":"worker","pid":937,"phase":"RUN_GRADLEW","buildId":"d816ad61-9dbf-4772-b852-09cb8227ab56","source":"stdout","level":30,"msg":"w: file:///home/expo/workingdir/build/mobile/node_modules/expo-modules-core/android/src/main/java/expo/modules/kotlin/types/Either.kt:102:11 Parameter 'type' is never used","time":"2026-02-22T23:17:16.622Z","v":0,"logId":"019c87a4-96ce-761e-8abe-ffc0efc24f98"}
{"name":"worker","pid":937,"phase":"RUN_GRADLEW","buildId":"d816ad61-9dbf-4772-b852-09cb8227ab56","source":"stdout","level":30,"msg":"w: file:///home/expo/workingdir/build/mobile/node_modules/expo-modules-core/android/src/main/java/expo/modules/kotlin/types/Either.kt:114:12 Parameter 'type' is never used","time":"2026-02-22T23:17:16.622Z","v":0,"logId":"019c87a4-96ce-761e-8abe-ffc196a07ae7"}
{"name":"worker","pid":937,"phase":"RUN_GRADLEW","buildId":"d816ad61-9dbf-4772-b852-09cb8227ab56","source":"stdout","level":30,"msg":"w: file:///home/expo/workingdir/build/mobile/node_modules/expo-modules-core/android/src/main/java/expo/modules/kotlin/types/Either.kt:117:11 Parameter 'type' is never used","time":"2026-02-22T23:17:16.622Z","v":0,"logId":"019c87a4-96ce-761e-8abe-ffc278bfcb23"}
{"name":"worker","pid":937,"phase":"RUN_GRADLEW","buildId":"d816ad61-9dbf-4772-b852-09cb8227ab56","source":"stdout","level":30,"msg":"w: file:///home/expo/workingdir/build/mobile/node_modules/expo-modules-core/android/src/main/java/expo/modules/kotlin/types/JSTypeConverterHelper.kt:44:17 'get(String!): Any?' is deprecated. Deprecated in Java","time":"2026-02-22T23:17:16.622Z","v":0,"logId":"019c87a4-96ce-761e-8abe-ffc3ac40dc4c"}
{"name":"worker","pid":937,"phase":"RUN_GRADLEW","buildId":"d816ad61-9dbf-4772-b852-09cb8227ab56","source":"stdout","level":30,"msg":"w: file:///home/expo/workingdir/build/mobile/node_modules/expo-modules-core/android/src/main/java/expo/modules/kotlin/types/TypeConverterProvider.kt:175:46 'newInstance(): T!' is deprecated. Deprecated in Java","time":"2026-02-22T23:17:16.622Z","v":0,"logId":"019c87a4-96ce-761e-8abe-ffc4ba355fd6"}
{"name":"worker","pid":937,"phase":"RUN_GRADLEW","buildId":"d816ad61-9dbf-4772-b852-09cb8227ab56","source":"stderr","level":30,"msg":"FAILURE: Build failed with an exception.","time":"2026-02-22T23:17:16.820Z","v":0,"logId":"019c87a4-9794-7ff9-a7af-5718ccf34b15"}
{"name":"worker","pid":937,"phase":"RUN_GRADLEW","buildId":"d816ad61-9dbf-4772-b852-09cb8227ab56","source":"stderr","level":30,"msg":"* What went wrong:","time":"2026-02-22T23:17:16.820Z","v":0,"logId":"019c87a4-9794-7ff9-a7af-5719dddd28f9"}
{"name":"worker","pid":937,"phase":"RUN_GRADLEW","buildId":"d816ad61-9dbf-4772-b852-09cb8227ab56","source":"stderr","level":30,"msg":"Execution failed for task ':app:createBundleReleaseJsAndAssets'.","time":"2026-02-22T23:17:16.820Z","v":0,"logId":"019c87a4-9795-724b-b3c5-8ba3b89b6795"}
{"name":"worker","pid":937,"phase":"RUN_GRADLEW","buildId":"d816ad61-9dbf-4772-b852-09cb8227ab56","source":"stderr","level":30,"msg":"> Process 'command 'node'' finished with non-zero exit value 1","time":"2026-02-22T23:17:16.821Z","v":0,"logId":"019c87a4-9795-724b-b3c5-8ba401655439"}
{"name":"worker","pid":937,"phase":"RUN_GRADLEW","buildId":"d816ad61-9dbf-4772-b852-09cb8227ab56","source":"stderr","level":30,"msg":"* Try:","time":"2026-02-22T23:17:16.821Z","v":0,"logId":"019c87a4-9795-724b-b3c5-8ba50781a5be"}
{"name":"worker","pid":937,"phase":"RUN_GRADLEW","buildId":"d816ad61-9dbf-4772-b852-09cb8227ab56","source":"stderr","level":30,"msg":"> Run with --stacktrace option to get the stack trace.","time":"2026-02-22T23:17:16.821Z","v":0,"logId":"019c87a4-9795-724b-b3c5-8ba66bd22640"}
{"name":"worker","pid":937,"phase":"RUN_GRADLEW","buildId":"d816ad61-9dbf-4772-b852-09cb8227ab56","source":"stderr","level":30,"msg":"> Run with --info or --debug option to get more log output.","time":"2026-02-22T23:17:16.821Z","v":0,"logId":"019c87a4-9795-724b-b3c5-8ba71d72a412"}
{"name":"worker","pid":937,"phase":"RUN_GRADLEW","buildId":"d816ad61-9dbf-4772-b852-09cb8227ab56","source":"stderr","level":30,"msg":"> Run with --scan to get full insights.","time":"2026-02-22T23:17:16.821Z","v":0,"logId":"019c87a4-9795-724b-b3c5-8ba83328f39f"}
{"name":"worker","pid":937,"phase":"RUN_GRADLEW","buildId":"d816ad61-9dbf-4772-b852-09cb8227ab56","source":"stderr","level":30,"msg":"> Get more help at https://help.gradle.org.","time":"2026-02-22T23:17:16.827Z","v":0,"logId":"019c87a4-979b-7f4c-9a86-e2de0d85315d"}
{"name":"worker","pid":937,"phase":"RUN_GRADLEW","buildId":"d816ad61-9dbf-4772-b852-09cb8227ab56","source":"stderr","level":30,"msg":"BUILD FAILED in 2m 47s","time":"2026-02-22T23:17:16.827Z","v":0,"logId":"019c87a4-979b-7f4c-9a86-e2df150ae047"}
{"name":"worker","pid":937,"phase":"RUN_GRADLEW","buildId":"d816ad61-9dbf-4772-b852-09cb8227ab56","source":"stdout","level":30,"msg":"309 actionable tasks: 309 executed","time":"2026-02-22T23:17:16.827Z","v":0,"logId":"019c87a4-979b-7f4c-9a86-e2e075820c53"}
{"name":"worker","pid":937,"phase":"RUN_GRADLEW","buildId":"d816ad61-9dbf-4772-b852-09cb8227ab56","level":50,"msg":"Error: Gradle build failed with unknown error. See logs for the \"Run gradlew\" phase for more information.","time":"2026-02-22T23:17:17.159Z","v":0,"logId":"019c87a4-98e7-7ced-93c6-ba5c528b7c20"}
{"name":"worker","pid":937,"phase":"RUN_GRADLEW","buildId":"d816ad61-9dbf-4772-b852-09cb8227ab56","level":30,"marker":"END_PHASE","result":"failed","durationMs":168156,"msg":"End phase: RUN_GRADLEW","time":"2026-02-22T23:17:17.160Z","v":0,"logId":"019c87a4-98e8-7ae2-82e2-5a35deeabdd6"}
{"name":"worker","pid":937,"phase":"ON_BUILD_ERROR_HOOK","buildId":"d816ad61-9dbf-4772-b852-09cb8227ab56","level":30,"marker":"START_PHASE","msg":"Start phase: ON_BUILD_ERROR_HOOK","time":"2026-02-22T23:17:17.160Z","v":0,"logId":"019c87a4-98e8-7ae2-82e2-5a36647e9533"}
{"name":"worker","pid":937,"phase":"ON_BUILD_ERROR_HOOK","buildId":"d816ad61-9dbf-4772-b852-09cb8227ab56","level":30,"marker":"END_PHASE","result":"success","durationMs":0,"msg":"End phase: ON_BUILD_ERROR_HOOK","time":"2026-02-22T23:17:17.161Z","v":0,"logId":"019c87a4-98e9-78f2-b49e-cfeed19a66ed"}
{"name":"worker","pid":937,"phase":"ON_BUILD_COMPLETE_HOOK","buildId":"d816ad61-9dbf-4772-b852-09cb8227ab56","level":30,"marker":"START_PHASE","msg":"Start phase: ON_BUILD_COMPLETE_HOOK","time":"2026-02-22T23:17:17.161Z","v":0,"logId":"019c87a4-98e9-78f2-b49e-cfef98d81c44"}
{"name":"worker","pid":937,"phase":"ON_BUILD_COMPLETE_HOOK","buildId":"d816ad61-9dbf-4772-b852-09cb8227ab56","level":30,"marker":"END_PHASE","result":"success","durationMs":0,"msg":"End phase: ON_BUILD_COMPLETE_HOOK","time":"2026-02-22T23:17:17.161Z","v":0,"logId":"019c87a4-98e9-78f2-b49e-cff0e6139a5c"}
{"name":"worker","pid":937,"phase":"UPLOAD_BUILD_ARTIFACTS","buildId":"d816ad61-9dbf-4772-b852-09cb8227ab56","level":30,"marker":"START_PHASE","msg":"Start phase: UPLOAD_BUILD_ARTIFACTS","time":"2026-02-22T23:17:17.161Z","v":0,"logId":"019c87a4-98e9-78f2-b49e-cff1fa60bcf3"}
{"name":"worker","pid":937,"phase":"UPLOAD_BUILD_ARTIFACTS","buildId":"d816ad61-9dbf-4772-b852-09cb8227ab56","level":30,"marker":"END_PHASE","result":"success","durationMs":0,"msg":"End phase: UPLOAD_BUILD_ARTIFACTS","time":"2026-02-22T23:17:17.161Z","v":0,"logId":"019c87a4-98e9-78f2-b49e-cff2b21bce26"}
{"name":"worker","pid":937,"phase":"FAIL_BUILD","buildId":"d816ad61-9dbf-4772-b852-09cb8227ab56","level":30,"marker":"START_PHASE","msg":"Start phase: FAIL_BUILD","time":"2026-02-22T23:17:17.162Z","v":0,"logId":"019c87a4-98ea-722a-956b-00c7f4b36f07"}
{"name":"worker","pid":937,"phase":"FAIL_BUILD","buildId":"d816ad61-9dbf-4772-b852-09cb8227ab56","level":50,"msg":"Build failed: Gradle build failed with unknown error. See logs for the \"Run gradlew\" phase for more information.","time":"2026-02-22T23:17:17.162Z","v":0,"logId":"019c87a4-98ea-722a-956b-00c8779d958b"}
{"name":"worker","pid":937,"phase":"FAIL_BUILD","buildId":"d816ad61-9dbf-4772-b852-09cb8227ab56","level":30,"marker":"END_PHASE","result":"failed","msg":"End phase: FAIL_BUILD","time":"2026-02-22T23:17:17.162Z","v":0,"logId":"019c87a4-98ea-722a-956b-00c95556fe13"}
