{"name":"worker","pid":1039,"phase":"SPIN_UP_BUILDER","buildId":"d34559e7-5aef-408c-957f-09a8febd42b4","level":30,"msg":"AMD, 8 vCPUs, 32 GB RAM","time":"2026-02-22T23:32:25.041Z","v":0,"logId":"019c87b2-7351-76cc-9fab-ac5864a6a77d"}
{"name":"worker","pid":1039,"phase":"SPIN_UP_BUILDER","buildId":"d34559e7-5aef-408c-957f-09a8febd42b4","level":30,"msg":"","time":"2026-02-22T23:32:25.042Z","v":0,"logId":"019c87b2-7352-7163-9d64-94b0deeca16b"}
{"name":"worker","pid":1039,"phase":"SPIN_UP_BUILDER","buildId":"d34559e7-5aef-408c-957f-09a8febd42b4","level":30,"msg":"Using image \"ubuntu-22.04-jdk-17-ndk-25.1.8937393\" based on \"ubuntu-2204-jammy-v20220810\"","time":"2026-02-22T23:32:25.043Z","v":0,"logId":"019c87b2-7353-79b5-9efc-db3647d79d60"}
{"name":"worker","pid":1039,"phase":"SPIN_UP_BUILDER","buildId":"d34559e7-5aef-408c-957f-09a8febd42b4","level":30,"msg":"","time":"2026-02-22T23:32:25.043Z","v":0,"logId":"019c87b2-7353-79b5-9efc-db37e3f68cc3"}
{"name":"worker","pid":1039,"phase":"SPIN_UP_BUILDER","buildId":"d34559e7-5aef-408c-957f-09a8febd42b4","level":30,"msg":"Installed software:","time":"2026-02-22T23:32:25.043Z","v":0,"logId":"019c87b2-7353-79b5-9efc-db3801798d8f"}
{"name":"worker","pid":1039,"phase":"SPIN_UP_BUILDER","buildId":"d34559e7-5aef-408c-957f-09a8febd42b4","level":30,"msg":"- NDK 25.1.8937393","time":"2026-02-22T23:32:25.043Z","v":0,"logId":"019c87b2-7353-79b5-9efc-db39135c6dc4"}
{"name":"worker","pid":1039,"phase":"SPIN_UP_BUILDER","buildId":"d34559e7-5aef-408c-957f-09a8febd42b4","level":30,"msg":"- Node.js 18.18.0","time":"2026-02-22T23:32:25.043Z","v":0,"logId":"019c87b2-7353-79b5-9efc-db3a690d811b"}
{"name":"worker","pid":1039,"phase":"SPIN_UP_BUILDER","buildId":"d34559e7-5aef-408c-957f-09a8febd42b4","level":30,"msg":"- Bun 1.0.14","time":"2026-02-22T23:32:25.043Z","v":0,"logId":"019c87b2-7353-79b5-9efc-db3bc7db4576"}
{"name":"worker","pid":1039,"phase":"SPIN_UP_BUILDER","buildId":"d34559e7-5aef-408c-957f-09a8febd42b4","level":30,"msg":"- Yarn 1.22.19","time":"2026-02-22T23:32:25.043Z","v":0,"logId":"019c87b2-7353-79b5-9efc-db3c024434d5"}
{"name":"worker","pid":1039,"phase":"SPIN_UP_BUILDER","buildId":"d34559e7-5aef-408c-957f-09a8febd42b4","level":30,"msg":"- pnpm 8.9.2","time":"2026-02-22T23:32:25.043Z","v":0,"logId":"019c87b2-7353-79b5-9efc-db3d20c475cb"}
{"name":"worker","pid":1039,"phase":"SPIN_UP_BUILDER","buildId":"d34559e7-5aef-408c-957f-09a8febd42b4","level":30,"msg":"- npm 9.8.1","time":"2026-02-22T23:32:25.043Z","v":0,"logId":"019c87b2-7353-79b5-9efc-db3e123f19bf"}
{"name":"worker","pid":1039,"phase":"SPIN_UP_BUILDER","buildId":"d34559e7-5aef-408c-957f-09a8febd42b4","level":30,"msg":"- Java 17","time":"2026-02-22T23:32:25.043Z","v":0,"logId":"019c87b2-7353-79b5-9efc-db3f1499b98a"}
{"name":"worker","pid":1039,"phase":"SPIN_UP_BUILDER","buildId":"d34559e7-5aef-408c-957f-09a8febd42b4","level":30,"msg":"- node-gyp 10.0.1","time":"2026-02-22T23:32:25.043Z","v":0,"logId":"019c87b2-7353-79b5-9efc-db40e044fbb0"}
{"name":"worker","pid":1039,"phase":"SPIN_UP_BUILDER","buildId":"d34559e7-5aef-408c-957f-09a8febd42b4","level":30,"msg":"","time":"2026-02-22T23:32:25.044Z","v":0,"logId":"019c87b2-7354-7b81-bb55-71e073760963"}
{"name":"worker","pid":1039,"phase":"SPIN_UP_BUILDER","buildId":"d34559e7-5aef-408c-957f-09a8febd42b4","level":30,"msg":"Project environment variables:","time":"2026-02-22T23:32:25.044Z","v":0,"logId":"019c87b2-7354-7b81-bb55-71e14396805e"}
{"name":"worker","pid":1039,"phase":"SPIN_UP_BUILDER","buildId":"d34559e7-5aef-408c-957f-09a8febd42b4","level":30,"msg":"  EAS_USE_CACHE=1","time":"2026-02-22T23:32:25.044Z","v":0,"logId":"019c87b2-7354-7b81-bb55-71e25eea245b"}
{"name":"worker","pid":1039,"phase":"SPIN_UP_BUILDER","buildId":"d34559e7-5aef-408c-957f-09a8febd42b4","level":30,"msg":"  __API_SERVER_URL=https://api.expo.dev/","time":"2026-02-22T23:32:25.044Z","v":0,"logId":"019c87b2-7354-7b81-bb55-71e306deb917"}
{"name":"worker","pid":1039,"phase":"SPIN_UP_BUILDER","buildId":"d34559e7-5aef-408c-957f-09a8febd42b4","level":30,"msg":"","time":"2026-02-22T23:32:25.044Z","v":0,"logId":"019c87b2-7354-7b81-bb55-71e4616c22f3"}
{"name":"worker","pid":1039,"phase":"SPIN_UP_BUILDER","buildId":"d34559e7-5aef-408c-957f-09a8febd42b4","level":30,"msg":"Environment secrets:","time":"2026-02-22T23:32:25.044Z","v":0,"logId":"019c87b2-7354-7b81-bb55-71e522dae4d7"}
{"name":"worker","pid":1039,"phase":"SPIN_UP_BUILDER","buildId":"d34559e7-5aef-408c-957f-09a8febd42b4","level":30,"msg":"  EXPO_TOKEN=********","time":"2026-02-22T23:32:25.044Z","v":0,"logId":"019c87b2-7354-7b81-bb55-71e620cc00f2"}
{"name":"worker","pid":1039,"phase":"SPIN_UP_BUILDER","buildId":"d34559e7-5aef-408c-957f-09a8febd42b4","level":30,"msg":"","time":"2026-02-22T23:32:25.044Z","v":0,"logId":"019c87b2-7354-7b81-bb55-71e72928055e"}
{"name":"worker","pid":1039,"phase":"SPIN_UP_BUILDER","buildId":"d34559e7-5aef-408c-957f-09a8febd42b4","level":30,"msg":"EAS Build environment variables:","time":"2026-02-22T23:32:25.044Z","v":0,"logId":"019c87b2-7354-7b81-bb55-71e8a2f78523"}
{"name":"worker","pid":1039,"phase":"SPIN_UP_BUILDER","buildId":"d34559e7-5aef-408c-957f-09a8febd42b4","level":30,"msg":"  SHELL=/bin/sh","time":"2026-02-22T23:32:25.044Z","v":0,"logId":"019c87b2-7354-7b81-bb55-71e94eb5b69e"}
{"name":"worker","pid":1039,"phase":"SPIN_UP_BUILDER","buildId":"d34559e7-5aef-408c-957f-09a8febd42b4","level":30,"msg":"  NVM_INC=/home/expo/.nvm/versions/node/v18.18.0/include/node","time":"2026-02-22T23:32:25.044Z","v":0,"logId":"019c87b2-7354-7b81-bb55-71ea38a4116e"}
{"name":"worker","pid":1039,"phase":"SPIN_UP_BUILDER","buildId":"d34559e7-5aef-408c-957f-09a8febd42b4","level":30,"msg":"  JAVA_HOME=/usr/lib/jvm/java-17-openjdk-amd64","time":"2026-02-22T23:32:25.044Z","v":0,"logId":"019c87b2-7354-7b81-bb55-71eb001058dc"}
{"name":"worker","pid":1039,"phase":"SPIN_UP_BUILDER","buildId":"d34559e7-5aef-408c-957f-09a8febd42b4","level":30,"msg":"  PWD=/usr/local/eas-build-worker","time":"2026-02-22T23:32:25.044Z","v":0,"logId":"019c87b2-7354-7b81-bb55-71ecbffdd909"}
{"name":"worker","pid":1039,"phase":"SPIN_UP_BUILDER","buildId":"d34559e7-5aef-408c-957f-09a8febd42b4","level":30,"msg":"  LOGNAME=expo","time":"2026-02-22T23:32:25.044Z","v":0,"logId":"019c87b2-7354-7b81-bb55-71ed46128c6e"}
{"name":"worker","pid":1039,"phase":"SPIN_UP_BUILDER","buildId":"d34559e7-5aef-408c-957f-09a8febd42b4","level":30,"msg":"  SYSTEMD_EXEC_PID=1039","time":"2026-02-22T23:32:25.044Z","v":0,"logId":"019c87b2-7354-7b81-bb55-71ee22f65acd"}
{"name":"worker","pid":1039,"phase":"SPIN_UP_BUILDER","buildId":"d34559e7-5aef-408c-957f-09a8febd42b4","level":30,"msg":"  HOME=/home/expo","time":"2026-02-22T23:32:25.044Z","v":0,"logId":"019c87b2-7354-7b81-bb55-71ef9af2c315"}
{"name":"worker","pid":1039,"phase":"SPIN_UP_BUILDER","buildId":"d34559e7-5aef-408c-957f-09a8febd42b4","level":30,"msg":"  LANG=en_US.UTF-8","time":"2026-02-22T23:32:25.044Z","v":0,"logId":"019c87b2-7354-7b81-bb55-71f0fad5120e"}
{"name":"worker","pid":1039,"phase":"SPIN_UP_BUILDER","buildId":"d34559e7-5aef-408c-957f-09a8febd42b4","level":30,"msg":"  INVOCATION_ID=992448bd25c14d84b87dfa95755d86dd","time":"2026-02-22T23:32:25.044Z","v":0,"logId":"019c87b2-7354-7b81-bb55-71f18719562b"}
{"name":"worker","pid":1039,"phase":"SPIN_UP_BUILDER","buildId":"d34559e7-5aef-408c-957f-09a8febd42b4","level":30,"msg":"  ANDROID_NDK_HOME=/home/expo/Android/Sdk/ndk/25.1.8937393","time":"2026-02-22T23:32:25.044Z","v":0,"logId":"019c87b2-7354-7b81-bb55-71f2c5fa0161"}
{"name":"worker","pid":1039,"phase":"SPIN_UP_BUILDER","buildId":"d34559e7-5aef-408c-957f-09a8febd42b4","level":30,"msg":"  NVM_DIR=/home/expo/.nvm","time":"2026-02-22T23:32:25.044Z","v":0,"logId":"019c87b2-7354-7b81-bb55-71f3c332b294"}
{"name":"worker","pid":1039,"phase":"SPIN_UP_BUILDER","buildId":"d34559e7-5aef-408c-957f-09a8febd42b4","level":30,"msg":"  ANDROID_HOME=/home/expo/Android/Sdk","time":"2026-02-22T23:32:25.044Z","v":0,"logId":"019c87b2-7354-7b81-bb55-71f47d0ce6a2"}
{"name":"worker","pid":1039,"phase":"SPIN_UP_BUILDER","buildId":"d34559e7-5aef-408c-957f-09a8febd42b4","level":30,"msg":"  USER=expo","time":"2026-02-22T23:32:25.045Z","v":0,"logId":"019c87b2-7355-78c1-90f9-c40dca42cc57"}
{"name":"worker","pid":1039,"phase":"SPIN_UP_BUILDER","buildId":"d34559e7-5aef-408c-957f-09a8febd42b4","level":30,"msg":"  SHLVL=0","time":"2026-02-22T23:32:25.045Z","v":0,"logId":"019c87b2-7355-78c1-90f9-c40e15a92d20"}
{"name":"worker","pid":1039,"phase":"SPIN_UP_BUILDER","buildId":"d34559e7-5aef-408c-957f-09a8febd42b4","level":30,"msg":"  ANDROID_SDK_ROOT=/home/expo/Android/Sdk","time":"2026-02-22T23:32:25.045Z","v":0,"logId":"019c87b2-7355-78c1-90f9-c40f4895dae8"}
{"name":"worker","pid":1039,"phase":"SPIN_UP_BUILDER","buildId":"d34559e7-5aef-408c-957f-09a8febd42b4","level":30,"msg":"  JOURNAL_STREAM=8:18102","time":"2026-02-22T23:32:25.045Z","v":0,"logId":"019c87b2-7355-78c1-90f9-c41038871a3e"}
{"name":"worker","pid":1039,"phase":"SPIN_UP_BUILDER","buildId":"d34559e7-5aef-408c-957f-09a8febd42b4","level":30,"msg":"  PATH=/home/expo/workingdir/bin:/home/expo/.nvm/versions/node/v18.18.0/bin:/opt/bundletool:/home/expo/Android/Sdk/build-tools/29.0.3:/home/expo/Android/Sdk/ndk/25.1.8937393:/home/expo/Android/Sdk/cmdline-tools/tools/bin:/home/expo/Android/Sdk/tools:/home/expo/Android/Sdk/tools/bin:/home/expo/Android/Sdk/platform-tools:/usr/local/sbin:/usr/local/bin:/usr/sbin:/usr/bin:/sbin:/bin:/snap/bin:/home/expo/.bun/bin","time":"2026-02-22T23:32:25.045Z","v":0,"logId":"019c87b2-7355-78c1-90f9-c411c95e77e0"}
{"name":"worker","pid":1039,"phase":"SPIN_UP_BUILDER","buildId":"d34559e7-5aef-408c-957f-09a8febd42b4","level":30,"msg":"  LOGGER_LEVEL=info","time":"2026-02-22T23:32:25.045Z","v":0,"logId":"019c87b2-7355-78c1-90f9-c4122367695b"}
{"name":"worker","pid":1039,"phase":"SPIN_UP_BUILDER","buildId":"d34559e7-5aef-408c-957f-09a8febd42b4","level":30,"msg":"  NVM_BIN=/home/expo/.nvm/versions/node/v18.18.0/bin","time":"2026-02-22T23:32:25.045Z","v":0,"logId":"019c87b2-7355-78c1-90f9-c413d7120813"}
{"name":"worker","pid":1039,"phase":"SPIN_UP_BUILDER","buildId":"d34559e7-5aef-408c-957f-09a8febd42b4","level":30,"msg":"  EAS_BUILD_WORKER_DIR=/home/expo/eas-build-worker","time":"2026-02-22T23:32:25.045Z","v":0,"logId":"019c87b2-7355-78c1-90f9-c4148e8f977a"}
{"name":"worker","pid":1039,"phase":"SPIN_UP_BUILDER","buildId":"d34559e7-5aef-408c-957f-09a8febd42b4","level":30,"msg":"  _=/home/expo/.nvm/versions/node/v18.18.0/bin/node","time":"2026-02-22T23:32:25.045Z","v":0,"logId":"019c87b2-7355-78c1-90f9-c41578220adf"}
{"name":"worker","pid":1039,"phase":"SPIN_UP_BUILDER","buildId":"d34559e7-5aef-408c-957f-09a8febd42b4","level":30,"msg":"  CI=1","time":"2026-02-22T23:32:25.045Z","v":0,"logId":"019c87b2-7355-78c1-90f9-c4168b905f71"}
{"name":"worker","pid":1039,"phase":"SPIN_UP_BUILDER","buildId":"d34559e7-5aef-408c-957f-09a8febd42b4","level":30,"msg":"  MAESTRO_DRIVER_STARTUP_TIMEOUT=120000","time":"2026-02-22T23:32:25.045Z","v":0,"logId":"019c87b2-7355-78c1-90f9-c417a2ee45d6"}
{"name":"worker","pid":1039,"phase":"SPIN_UP_BUILDER","buildId":"d34559e7-5aef-408c-957f-09a8febd42b4","level":30,"msg":"  MAESTRO_CLI_NO_ANALYTICS=1","time":"2026-02-22T23:32:25.045Z","v":0,"logId":"019c87b2-7355-78c1-90f9-c418067050aa"}
{"name":"worker","pid":1039,"phase":"SPIN_UP_BUILDER","buildId":"d34559e7-5aef-408c-957f-09a8febd42b4","level":30,"msg":"  EAS_BUILD=true","time":"2026-02-22T23:32:25.045Z","v":0,"logId":"019c87b2-7355-78c1-90f9-c41903a9be17"}
{"name":"worker","pid":1039,"phase":"SPIN_UP_BUILDER","buildId":"d34559e7-5aef-408c-957f-09a8febd42b4","level":30,"msg":"  EAS_BUILD_RUNNER=eas-build","time":"2026-02-22T23:32:25.045Z","v":0,"logId":"019c87b2-7355-78c1-90f9-c41ad276bfd6"}
{"name":"worker","pid":1039,"phase":"SPIN_UP_BUILDER","buildId":"d34559e7-5aef-408c-957f-09a8febd42b4","level":30,"msg":"  EAS_BUILD_PLATFORM=android","time":"2026-02-22T23:32:25.045Z","v":0,"logId":"019c87b2-7355-78c1-90f9-c41b05db3546"}
{"name":"worker","pid":1039,"phase":"SPIN_UP_BUILDER","buildId":"d34559e7-5aef-408c-957f-09a8febd42b4","level":30,"msg":"  NVM_NODEJS_ORG_MIRROR=http://nodejs.production.caches.eas-build.internal","time":"2026-02-22T23:32:25.045Z","v":0,"logId":"019c87b2-7355-78c1-90f9-c41c098201fb"}
{"name":"worker","pid":1039,"phase":"SPIN_UP_BUILDER","buildId":"d34559e7-5aef-408c-957f-09a8febd42b4","level":30,"msg":"  EAS_BUILD_PROFILE=preview","time":"2026-02-22T23:32:25.045Z","v":0,"logId":"019c87b2-7355-78c1-90f9-c41da984872d"}
{"name":"worker","pid":1039,"phase":"SPIN_UP_BUILDER","buildId":"d34559e7-5aef-408c-957f-09a8febd42b4","level":30,"msg":"  EAS_BUILD_GIT_COMMIT_HASH=3efc4feaea0c2b9d6f2fd4aa3a7f37bd882798f4","time":"2026-02-22T23:32:25.045Z","v":0,"logId":"019c87b2-7355-78c1-90f9-c41e1a63d7a5"}
{"name":"worker","pid":1039,"phase":"SPIN_UP_BUILDER","buildId":"d34559e7-5aef-408c-957f-09a8febd42b4","level":30,"msg":"  EAS_BUILD_ID=d34559e7-5aef-408c-957f-09a8febd42b4","time":"2026-02-22T23:32:25.045Z","v":0,"logId":"019c87b2-7355-78c1-90f9-c41f6226d668"}
{"name":"worker","pid":1039,"phase":"SPIN_UP_BUILDER","buildId":"d34559e7-5aef-408c-957f-09a8febd42b4","level":30,"msg":"  EAS_BUILD_WORKINGDIR=/home/expo/workingdir/build","time":"2026-02-22T23:32:25.045Z","v":0,"logId":"019c87b2-7355-78c1-90f9-c420924ad6b4"}
{"name":"worker","pid":1039,"phase":"SPIN_UP_BUILDER","buildId":"d34559e7-5aef-408c-957f-09a8febd42b4","level":30,"msg":"  EAS_BUILD_PROJECT_ID=cafdcb5d-4be3-464e-a79e-d9776cf124cc","time":"2026-02-22T23:32:25.045Z","v":0,"logId":"019c87b2-7355-78c1-90f9-c4213120d573"}
{"name":"worker","pid":1039,"phase":"SPIN_UP_BUILDER","buildId":"d34559e7-5aef-408c-957f-09a8febd42b4","level":30,"msg":"  EAS_BUILD_MAVEN_CACHE_URL=http://maven.production.caches.eas-build.internal","time":"2026-02-22T23:32:25.045Z","v":0,"logId":"019c87b2-7355-78c1-90f9-c422ccc1d8c3"}
{"name":"worker","pid":1039,"phase":"SPIN_UP_BUILDER","buildId":"d34559e7-5aef-408c-957f-09a8febd42b4","level":30,"msg":"  GRADLE_OPTS=-Dorg.gradle.jvmargs=\"-XX:MaxMetaspaceSize=1g -Xmx8g -XX:+HeapDumpOnOutOfMemoryError -Dfile.encoding=UTF-8\" -Dorg.gradle.parallel=true -Dorg.gradle.daemon=false","time":"2026-02-22T23:32:25.045Z","v":0,"logId":"019c87b2-7355-78c1-90f9-c423e88fefc3"}
{"name":"worker","pid":1039,"phase":"SPIN_UP_BUILDER","buildId":"d34559e7-5aef-408c-957f-09a8febd42b4","level":30,"msg":"  EAS_BUILD_ANDROID_VERSION_CODE=1","time":"2026-02-22T23:32:25.045Z","v":0,"logId":"019c87b2-7355-78c1-90f9-c424c0713a3f"}
{"name":"worker","pid":1039,"phase":"SPIN_UP_BUILDER","buildId":"d34559e7-5aef-408c-957f-09a8febd42b4","level":30,"msg":"  EAS_BUILD_USERNAME=plainboy_1","time":"2026-02-22T23:32:25.045Z","v":0,"logId":"019c87b2-7355-78c1-90f9-c4255d574ed1"}
{"name":"worker","pid":1039,"phase":"SPIN_UP_BUILDER","buildId":"d34559e7-5aef-408c-957f-09a8febd42b4","level":30,"msg":"  __EAS_BUILD_ENVS_DIR=/home/expo/workingdir/env","time":"2026-02-22T23:32:25.045Z","v":0,"logId":"019c87b2-7355-78c1-90f9-c4260d4330c8"}
{"name":"worker","pid":1039,"phase":"SPIN_UP_BUILDER","buildId":"d34559e7-5aef-408c-957f-09a8febd42b4","level":30,"msg":"","time":"2026-02-22T23:32:25.045Z","v":0,"logId":"019c87b2-7355-78c1-90f9-c4275d12124d"}
{"name":"worker","pid":1039,"phase":"SPIN_UP_BUILDER","buildId":"d34559e7-5aef-408c-957f-09a8febd42b4","level":30,"job":{"mode":"build","type":"generic","appId":"cafdcb5d-4be3-464e-a79e-d9776cf124cc","cache":{"clear":false,"paths":[],"disabled":false},"updates":{},"version":{"versionCode":"1"},"platform":"android","username":"plainboy_1","buildType":"apk","environment":"preview","triggeredBy":"EAS_CLI","experimental":{},"expoBuildUrl":"https://expo.dev/accounts/plainboy_1/projects/tradeaid/builds/d34559e7-5aef-408c-957f-09a8febd42b4","initiatingUserId":"e6cf8585-cf2d-414a-9b63-982e4c9df0c2","builderEnvironment":{"env":{"EAS_USE_CACHE":"1","__API_SERVER_URL":"https://api.expo.dev/"},"image":"sdk-50"},"projectRootDirectory":"mobile"},"msg":"Builder is ready, starting build","time":"2026-02-22T23:32:25.046Z","v":0,"logId":"019c87b2-7356-7361-b29c-6bcd64a444be"}
{"name":"worker","pid":1039,"phase":"SPIN_UP_BUILDER","buildId":"d34559e7-5aef-408c-957f-09a8febd42b4","level":30,"marker":"END_PHASE","result":"success","durationMs":5,"msg":"End phase: SPIN_UP_BUILDER","time":"2026-02-22T23:32:25.047Z","v":0,"logId":"019c87b2-7357-700d-9bc8-cc38cba2cde9"}
{"name":"worker","pid":1039,"phase":"INSTALL_CUSTOM_TOOLS","buildId":"d34559e7-5aef-408c-957f-09a8febd42b4","level":30,"marker":"START_PHASE","msg":"Start phase: INSTALL_CUSTOM_TOOLS","time":"2026-02-22T23:32:25.047Z","v":0,"logId":"019c87b2-7357-700d-9bc8-cc39f2caf4fb"}
{"name":"worker","pid":1039,"phase":"INSTALL_CUSTOM_TOOLS","buildId":"d34559e7-5aef-408c-957f-09a8febd42b4","level":30,"marker":"END_PHASE","result":"success","durationMs":391,"msg":"End phase: INSTALL_CUSTOM_TOOLS","time":"2026-02-22T23:32:25.439Z","v":0,"logId":"019c87b2-74df-7ad0-abe0-1b6b182d4a01"}
{"name":"worker","pid":1039,"phase":"PREPARE_PROJECT","buildId":"d34559e7-5aef-408c-957f-09a8febd42b4","level":30,"marker":"START_PHASE","msg":"Start phase: PREPARE_PROJECT","time":"2026-02-22T23:32:25.441Z","v":0,"logId":"019c87b2-74e1-7b6e-b9a9-c155893c46eb"}
{"name":"worker","pid":1039,"phase":"PREPARE_PROJECT","buildId":"d34559e7-5aef-408c-957f-09a8febd42b4","level":30,"marker":"END_PHASE","result":"success","durationMs":346,"msg":"End phase: PREPARE_PROJECT","time":"2026-02-22T23:32:25.787Z","v":0,"logId":"019c87b2-763b-7471-b6a6-7502697c7ee5"}
{"name":"worker","pid":1039,"phase":"PRE_INSTALL_HOOK","buildId":"d34559e7-5aef-408c-957f-09a8febd42b4","level":30,"marker":"START_PHASE","msg":"Start phase: PRE_INSTALL_HOOK","time":"2026-02-22T23:32:25.787Z","v":0,"logId":"019c87b2-763b-7471-b6a6-750357c02926"}
{"name":"worker","pid":1039,"phase":"PRE_INSTALL_HOOK","buildId":"d34559e7-5aef-408c-957f-09a8febd42b4","level":30,"marker":"END_PHASE","result":"success","durationMs":0,"msg":"End phase: PRE_INSTALL_HOOK","time":"2026-02-22T23:32:25.788Z","v":0,"logId":"019c87b2-763c-7abe-82b5-19acfbd41c4e"}
{"name":"worker","pid":1039,"phase":"READ_EAS_JSON","buildId":"d34559e7-5aef-408c-957f-09a8febd42b4","level":30,"marker":"START_PHASE","msg":"Start phase: READ_EAS_JSON","time":"2026-02-22T23:32:25.788Z","v":0,"logId":"019c87b2-763c-7abe-82b5-19ad95a671b6"}
{"name":"worker","pid":1039,"phase":"READ_EAS_JSON","buildId":"d34559e7-5aef-408c-957f-09a8febd42b4","level":30,"msg":"Using eas.json:","time":"2026-02-22T23:32:25.788Z","v":0,"logId":"019c87b2-763c-7abe-82b5-19ae9d28ff1a"}
{"name":"worker","pid":1039,"phase":"READ_EAS_JSON","buildId":"d34559e7-5aef-408c-957f-09a8febd42b4","level":30,"msg":"{\r\n  \"cli\": {\r\n    \"appVersionSource\": \"remote\"\r\n  },\r\n  \"build\": {\r\n    \"development\": {\r\n      \"developmentClient\": true,\r\n      \"distribution\": \"internal\",\r\n      \"android\": {\r\n        \"buildType\": \"apk\"\r\n      }\r\n    },\r\n    \"preview\": {\r\n      \"distribution\": \"internal\",\r\n      \"android\": {\r\n        \"buildType\": \"apk\"\r\n      }\r\n    },\r\n    \"production\": {\r\n      \"distribution\": \"store\",\r\n      \"android\": {\r\n        \"buildType\": \"app-bundle\"\r\n      }\r\n    }\r\n  }\r\n}\r\n","time":"2026-02-22T23:32:25.789Z","v":0,"logId":"019c87b2-763d-7f15-8cf3-b32d485661d1"}
{"name":"worker","pid":1039,"phase":"READ_EAS_JSON","buildId":"d34559e7-5aef-408c-957f-09a8febd42b4","level":30,"marker":"END_PHASE","result":"success","durationMs":1,"msg":"End phase: READ_EAS_JSON","time":"2026-02-22T23:32:25.789Z","v":0,"logId":"019c87b2-763d-7f15-8cf3-b32ef897b9d6"}
{"name":"worker","pid":1039,"phase":"READ_PACKAGE_JSON","buildId":"d34559e7-5aef-408c-957f-09a8febd42b4","level":30,"marker":"START_PHASE","msg":"Start phase: READ_PACKAGE_JSON","time":"2026-02-22T23:32:25.789Z","v":0,"logId":"019c87b2-763d-7f15-8cf3-b32fbf41c2ae"}
{"name":"worker","pid":1039,"phase":"READ_PACKAGE_JSON","buildId":"d34559e7-5aef-408c-957f-09a8febd42b4","level":30,"msg":"Using package.json:","time":"2026-02-22T23:32:25.789Z","v":0,"logId":"019c87b2-763d-7f15-8cf3-b330f34e0dbe"}
{"name":"worker","pid":1039,"phase":"READ_PACKAGE_JSON","buildId":"d34559e7-5aef-408c-957f-09a8febd42b4","level":30,"msg":"{\n  \"name\": \"memescannerai-mobile\",\n  \"version\": \"1.0.0\",\n  \"main\": \"index.js\",\n  \"scripts\": {\n    \"start\": \"expo start\",\n    \"android\": \"expo run:android\",\n    \"ios\": \"expo run:ios\",\n    \"web\": \"expo start --web\"\n  },\n  \"dependencies\": {\n    \"@react-navigation/bottom-tabs\": \"^6.5.11\",\n    \"@react-navigation/native\": \"^6.1.9\",\n    \"@react-navigation/native-stack\": \"^6.9.17\",\n    \"@tanstack/react-query\": \"^5.17.0\",\n    \"axios\": \"^1.6.3\",\n    \"expo\": \"~50.0.0\",\n    \"expo-auth-session\": \"~5.4.0\",\n    \"expo-linear-gradient\": \"~12.7.0\",\n    \"expo-secure-store\": \"~12.8.0\",\n    \"expo-status-bar\": \"~1.11.1\",\n    \"expo-web-browser\": \"~12.8.0\",\n    \"react\": \"18.2.0\",\n    \"react-native\": \"0.73.2\",\n    \"react-native-safe-area-context\": \"4.8.2\",\n    \"react-native-screens\": \"~3.29.0\",\n    \"react-native-svg\": \"14.1.0\"\n  },\n  \"devDependencies\": {\n    \"@babel/core\": \"^7.20.0\",\n    \"@types/react\": \"~18.2.45\",\n    \"typescript\": \"^5.1.3\"\n  },\n  \"private\": true\n}","time":"2026-02-22T23:32:25.789Z","v":0,"logId":"019c87b2-763d-7f15-8cf3-b331c53ba6a4"}
{"name":"worker","pid":1039,"phase":"READ_PACKAGE_JSON","buildId":"d34559e7-5aef-408c-957f-09a8febd42b4","level":30,"marker":"END_PHASE","result":"success","durationMs":0,"msg":"End phase: READ_PACKAGE_JSON","time":"2026-02-22T23:32:25.790Z","v":0,"logId":"019c87b2-763e-7b18-b55c-df89346bd9cf"}
{"name":"worker","pid":1039,"phase":"INSTALL_DEPENDENCIES","buildId":"d34559e7-5aef-408c-957f-09a8febd42b4","level":30,"marker":"START_PHASE","msg":"Start phase: INSTALL_DEPENDENCIES","time":"2026-02-22T23:32:25.790Z","v":0,"logId":"019c87b2-763e-7b18-b55c-df8acf7b6330"}
{"name":"worker","pid":1039,"phase":"INSTALL_DEPENDENCIES","buildId":"d34559e7-5aef-408c-957f-09a8febd42b4","level":30,"msg":"Running \"npm install\" in /home/expo/workingdir/build/mobile directory","time":"2026-02-22T23:32:25.791Z","v":0,"logId":"019c87b2-763f-7f1e-b153-c608527c7979"}
{"name":"worker","pid":1039,"phase":"INSTALL_DEPENDENCIES","buildId":"d34559e7-5aef-408c-957f-09a8febd42b4","source":"stderr","level":30,"msg":"npm","time":"2026-02-22T23:32:26.853Z","v":0,"logId":"019c87b2-7a65-74d2-af9c-4053e093aea6"}
{"name":"worker","pid":1039,"phase":"INSTALL_DEPENDENCIES","buildId":"d34559e7-5aef-408c-957f-09a8febd42b4","source":"stderr","level":30,"msg":"WARN EBADENGINE Unsupported engine {","time":"2026-02-22T23:32:26.853Z","v":0,"logId":"019c87b2-7a65-74d2-af9c-4054b09ac313"}
{"name":"worker","pid":1039,"phase":"INSTALL_DEPENDENCIES","buildId":"d34559e7-5aef-408c-957f-09a8febd42b4","source":"stderr","level":30,"msg":"npm WARN EBADENGINE   package: '@react-native/babel-plugin-codegen@0.84.0',","time":"2026-02-22T23:32:26.853Z","v":0,"logId":"019c87b2-7a65-74d2-af9c-4055a9714f1b"}
{"name":"worker","pid":1039,"phase":"INSTALL_DEPENDENCIES","buildId":"d34559e7-5aef-408c-957f-09a8febd42b4","source":"stderr","level":30,"msg":"npm WARN EBADENGINE   required: { node: '>= 20.19.4' },","time":"2026-02-22T23:32:26.853Z","v":0,"logId":"019c87b2-7a65-74d2-af9c-4056ddf0115c"}
{"name":"worker","pid":1039,"phase":"INSTALL_DEPENDENCIES","buildId":"d34559e7-5aef-408c-957f-09a8febd42b4","source":"stderr","level":30,"msg":"npm WARN EBADENGINE   current: { node: 'v18.18.0', npm: '9.8.1' }","time":"2026-02-22T23:32:26.853Z","v":0,"logId":"019c87b2-7a65-74d2-af9c-4057aba403ca"}
{"name":"worker","pid":1039,"phase":"INSTALL_DEPENDENCIES","buildId":"d34559e7-5aef-408c-957f-09a8febd42b4","source":"stderr","level":30,"msg":"npm WARN EBADENGINE }","time":"2026-02-22T23:32:26.853Z","v":0,"logId":"019c87b2-7a65-74d2-af9c-4058edc2ffce"}
{"name":"worker","pid":1039,"phase":"INSTALL_DEPENDENCIES","buildId":"d34559e7-5aef-408c-957f-09a8febd42b4","source":"stderr","level":30,"msg":"npm WARN EBADENGINE Unsupported engine {","time":"2026-02-22T23:32:26.854Z","v":0,"logId":"019c87b2-7a66-76ae-8dff-5b9769448f56"}
{"name":"worker","pid":1039,"phase":"INSTALL_DEPENDENCIES","buildId":"d34559e7-5aef-408c-957f-09a8febd42b4","source":"stderr","level":30,"msg":"npm WARN EBADENGINE   package: '@react-native/babel-preset@0.84.0',","time":"2026-02-22T23:32:26.854Z","v":0,"logId":"019c87b2-7a66-76ae-8dff-5b989fdd2376"}
{"name":"worker","pid":1039,"phase":"INSTALL_DEPENDENCIES","buildId":"d34559e7-5aef-408c-957f-09a8febd42b4","source":"stderr","level":30,"msg":"npm WARN EBADENGINE   required: { node: '>= 20.19.4' },","time":"2026-02-22T23:32:26.854Z","v":0,"logId":"019c87b2-7a66-76ae-8dff-5b9975a54426"}
{"name":"worker","pid":1039,"phase":"INSTALL_DEPENDENCIES","buildId":"d34559e7-5aef-408c-957f-09a8febd42b4","source":"stderr","level":30,"msg":"npm WARN EBADENGINE   current: { node: 'v18.18.0', npm: '9.8.1' }","time":"2026-02-22T23:32:26.854Z","v":0,"logId":"019c87b2-7a66-76ae-8dff-5b9ab841a26c"}
{"name":"worker","pid":1039,"phase":"INSTALL_DEPENDENCIES","buildId":"d34559e7-5aef-408c-957f-09a8febd42b4","source":"stderr","level":30,"msg":"npm WARN EBADENGINE }","time":"2026-02-22T23:32:26.854Z","v":0,"logId":"019c87b2-7a66-76ae-8dff-5b9bd0c9edd8"}
{"name":"worker","pid":1039,"phase":"INSTALL_DEPENDENCIES","buildId":"d34559e7-5aef-408c-957f-09a8febd42b4","source":"stderr","level":30,"msg":"npm WARN EBADENGINE Unsupported engine {","time":"2026-02-22T23:32:26.854Z","v":0,"logId":"019c87b2-7a66-76ae-8dff-5b9c8e97ad92"}
{"name":"worker","pid":1039,"phase":"INSTALL_DEPENDENCIES","buildId":"d34559e7-5aef-408c-957f-09a8febd42b4","source":"stderr","level":30,"msg":"npm WARN EBADENGINE   package: '@react-native/codegen@0.84.0',","time":"2026-02-22T23:32:26.854Z","v":0,"logId":"019c87b2-7a66-76ae-8dff-5b9d262407a5"}
{"name":"worker","pid":1039,"phase":"INSTALL_DEPENDENCIES","buildId":"d34559e7-5aef-408c-957f-09a8febd42b4","source":"stderr","level":30,"msg":"npm WARN EBADENGINE   required: { node: '>= 20.19.4' },","time":"2026-02-22T23:32:26.854Z","v":0,"logId":"019c87b2-7a66-76ae-8dff-5b9e91b4ae1a"}
{"name":"worker","pid":1039,"phase":"INSTALL_DEPENDENCIES","buildId":"d34559e7-5aef-408c-957f-09a8febd42b4","source":"stderr","level":30,"msg":"npm WARN EBADENGINE   current: { node: 'v18.18.0', npm: '9.8.1' }","time":"2026-02-22T23:32:26.854Z","v":0,"logId":"019c87b2-7a66-76ae-8dff-5b9f512460ee"}
{"name":"worker","pid":1039,"phase":"INSTALL_DEPENDENCIES","buildId":"d34559e7-5aef-408c-957f-09a8febd42b4","source":"stderr","level":30,"msg":"npm WARN EBADENGINE }","time":"2026-02-22T23:32:26.854Z","v":0,"logId":"019c87b2-7a66-76ae-8dff-5ba060f37a62"}
{"name":"worker","pid":1039,"phase":"INSTALL_DEPENDENCIES","buildId":"d34559e7-5aef-408c-957f-09a8febd42b4","source":"stderr","level":30,"msg":"npm","time":"2026-02-22T23:32:28.695Z","v":0,"logId":"019c87b2-8197-7c5c-91d6-4fc2b15cac01"}
{"name":"worker","pid":1039,"phase":"INSTALL_DEPENDENCIES","buildId":"d34559e7-5aef-408c-957f-09a8febd42b4","source":"stderr","level":30,"msg":"WARN deprecated inflight@1.0.6: This module is not supported, and leaks memory. Do not use it. Check out lru-cache if you want a good and tested way to coalesce async requests by a key value, which is much more comprehensive and powerful.","time":"2026-02-22T23:32:28.695Z","v":0,"logId":"019c87b2-8197-7c5c-91d6-4fc3801de8d1"}
{"name":"worker","pid":1039,"phase":"INSTALL_DEPENDENCIES","buildId":"d34559e7-5aef-408c-957f-09a8febd42b4","source":"stderr","level":30,"msg":"npm WARN deprecated glob@7.2.3: Old versions of glob are not supported, and contain widely publicized security vulnerabilities, which have been fixed in the current version. Please update. Support for old versions may be purchased (at exorbitant rates) by contacting i@izs.me","time":"2026-02-22T23:32:28.883Z","v":0,"logId":"019c87b2-8253-7ef7-b0ba-926b37ba9a87"}
{"name":"worker","pid":1039,"phase":"INSTALL_DEPENDENCIES","buildId":"d34559e7-5aef-408c-957f-09a8febd42b4","source":"stderr","level":30,"msg":"npm WARN deprecated rimraf@3.0.2: Rimraf versions prior to v4 are no longer supported","time":"2026-02-22T23:32:28.965Z","v":0,"logId":"019c87b2-82a5-7697-8309-bbbd1f95e2a8"}
{"name":"worker","pid":1039,"phase":"INSTALL_DEPENDENCIES","buildId":"d34559e7-5aef-408c-957f-09a8febd42b4","source":"stderr","level":30,"msg":"npm WARN deprecated @npmcli/move-file@1.1.2: This functionality has been moved to @npmcli/fs","time":"2026-02-22T23:32:29.096Z","v":0,"logId":"019c87b2-8328-7234-86a1-e9813b9b4919"}
{"name":"worker","pid":1039,"phase":"INSTALL_DEPENDENCIES","buildId":"d34559e7-5aef-408c-957f-09a8febd42b4","source":"stderr","level":30,"msg":"npm WARN deprecated @xmldom/xmldom@0.7.13: this version is no longer supported, please update to at least 0.8.*","time":"2026-02-22T23:32:29.330Z","v":0,"logId":"019c87b2-8412-77b2-afdd-6d819387829d"}
{"name":"worker","pid":1039,"phase":"INSTALL_DEPENDENCIES","buildId":"d34559e7-5aef-408c-957f-09a8febd42b4","source":"stderr","level":30,"msg":"npm WARN deprecated @babel/plugin-proposal-optional-catch-binding@7.18.6: This proposal has been merged to the ECMAScript standard and thus this plugin is no longer maintained. Please use @babel/plugin-transform-optional-catch-binding instead.","time":"2026-02-22T23:32:29.377Z","v":0,"logId":"019c87b2-8441-748f-8f6a-33d0f126cff5"}
{"name":"worker","pid":1039,"phase":"INSTALL_DEPENDENCIES","buildId":"d34559e7-5aef-408c-957f-09a8febd42b4","source":"stderr","level":30,"msg":"npm WARN","time":"2026-02-22T23:32:29.378Z","v":0,"logId":"019c87b2-8442-7945-8bc3-ba8bbf36c733"}
{"name":"worker","pid":1039,"phase":"INSTALL_DEPENDENCIES","buildId":"d34559e7-5aef-408c-957f-09a8febd42b4","source":"stderr","level":30,"msg":"deprecated @babel/plugin-proposal-numeric-separator@7.18.6: This proposal has been merged to the ECMAScript standard and thus this plugin is no longer maintained. Please use @babel/plugin-transform-numeric-separator instead.","time":"2026-02-22T23:32:29.378Z","v":0,"logId":"019c87b2-8442-7945-8bc3-ba8c5ee9aa8a"}
{"name":"worker","pid":1039,"phase":"INSTALL_DEPENDENCIES","buildId":"d34559e7-5aef-408c-957f-09a8febd42b4","source":"stderr","level":30,"msg":"npm WARN","time":"2026-02-22T23:32:29.390Z","v":0,"logId":"019c87b2-844e-75e1-a7a3-313bbea73e42"}
{"name":"worker","pid":1039,"phase":"INSTALL_DEPENDENCIES","buildId":"d34559e7-5aef-408c-957f-09a8febd42b4","source":"stderr","level":30,"msg":"deprecated @babel/plugin-proposal-class-properties@7.18.6: This proposal has been merged to the ECMAScript standard and thus this plugin is no longer maintained. Please use @babel/plugin-transform-class-properties instead.","time":"2026-02-22T23:32:29.390Z","v":0,"logId":"019c87b2-844e-75e1-a7a3-313c9650f230"}
{"name":"worker","pid":1039,"phase":"INSTALL_DEPENDENCIES","buildId":"d34559e7-5aef-408c-957f-09a8febd42b4","source":"stderr","level":30,"msg":"npm WARN","time":"2026-02-22T23:32:29.400Z","v":0,"logId":"019c87b2-8458-76b5-aa3d-d1dd50143ddf"}
{"name":"worker","pid":1039,"phase":"INSTALL_DEPENDENCIES","buildId":"d34559e7-5aef-408c-957f-09a8febd42b4","source":"stderr","level":30,"msg":"deprecated @babel/plugin-proposal-optional-chaining@7.21.0: This proposal has been merged to the ECMAScript standard and thus this plugin is no longer maintained. Please use @babel/plugin-transform-optional-chaining instead.","time":"2026-02-22T23:32:29.400Z","v":0,"logId":"019c87b2-8458-76b5-aa3d-d1de6f4a9eb1"}
{"name":"worker","pid":1039,"phase":"INSTALL_DEPENDENCIES","buildId":"d34559e7-5aef-408c-957f-09a8febd42b4","source":"stderr","level":30,"msg":"npm WARN deprecated @babel/plugin-proposal-async-generator-functions@7.20.7: This proposal has been merged to the ECMAScript standard and thus this plugin is no longer maintained. Please use @babel/plugin-transform-async-generator-functions instead.","time":"2026-02-22T23:32:29.455Z","v":0,"logId":"019c87b2-848f-78da-af6b-eb663d4b96bb"}
{"name":"worker","pid":1039,"phase":"INSTALL_DEPENDENCIES","buildId":"d34559e7-5aef-408c-957f-09a8febd42b4","source":"stderr","level":30,"msg":"npm WARN","time":"2026-02-22T23:32:29.456Z","v":0,"logId":"019c87b2-8490-7d84-a539-ab003c97c1e5"}
{"name":"worker","pid":1039,"phase":"INSTALL_DEPENDENCIES","buildId":"d34559e7-5aef-408c-957f-09a8febd42b4","source":"stderr","level":30,"msg":"deprecated @babel/plugin-proposal-nullish-coalescing-operator@7.18.6: This proposal has been merged to the ECMAScript standard and thus this plugin is no longer maintained. Please use @babel/plugin-transform-nullish-coalescing-operator instead.","time":"2026-02-22T23:32:29.456Z","v":0,"logId":"019c87b2-8490-7d84-a539-ab011ee1a241"}
{"name":"worker","pid":1039,"phase":"INSTALL_DEPENDENCIES","buildId":"d34559e7-5aef-408c-957f-09a8febd42b4","source":"stderr","level":30,"msg":"npm WARN deprecated @babel/plugin-proposal-object-rest-spread@7.20.7: This proposal has been merged to the ECMAScript standard and thus this plugin is no longer maintained. Please use @babel/plugin-transform-object-rest-spread instead.","time":"2026-02-22T23:32:29.468Z","v":0,"logId":"019c87b2-849c-73d6-a420-8901fd7149f2"}
{"name":"worker","pid":1039,"phase":"INSTALL_DEPENDENCIES","buildId":"d34559e7-5aef-408c-957f-09a8febd42b4","source":"stderr","level":30,"msg":"npm WARN deprecated tar@6.2.1: Old versions of tar are not supported, and contain widely publicized security vulnerabilities, which have been fixed in the current version. Please update. Support for old versions may be purchased (at exorbitant rates) by contacting i@izs.me","time":"2026-02-22T23:32:29.500Z","v":0,"logId":"019c87b2-84bc-783f-b83a-8e3a01875a9b"}
{"name":"worker","pid":1039,"phase":"INSTALL_DEPENDENCIES","buildId":"d34559e7-5aef-408c-957f-09a8febd42b4","source":"stderr","level":30,"msg":"npm WARN deprecated sudo-prompt@9.2.1: Package no longer supported. Contact Support at https://www.npmjs.com/support for more info.","time":"2026-02-22T23:32:29.954Z","v":0,"logId":"019c87b2-8682-739b-8812-95c1d90e3d55"}
{"name":"worker","pid":1039,"phase":"INSTALL_DEPENDENCIES","buildId":"d34559e7-5aef-408c-957f-09a8febd42b4","source":"stderr","level":30,"msg":"npm WARN deprecated osenv@0.1.5: This package is no longer supported.","time":"2026-02-22T23:32:30.187Z","v":0,"logId":"019c87b2-876c-703d-8981-652c8598f9df"}
{"name":"worker","pid":1039,"phase":"INSTALL_DEPENDENCIES","buildId":"d34559e7-5aef-408c-957f-09a8febd42b4","source":"stderr","level":30,"msg":"npm WARN deprecated rimraf@2.6.3: Rimraf versions prior to v4 are no longer supported","time":"2026-02-22T23:32:31.528Z","v":0,"logId":"019c87b2-8ca8-75d3-bec8-de1d183cee58"}
{"name":"worker","pid":1039,"phase":"INSTALL_DEPENDENCIES","buildId":"d34559e7-5aef-408c-957f-09a8febd42b4","source":"stderr","level":30,"msg":"npm WARN deprecated glob@7.1.6: Old versions of glob are not supported, and contain widely publicized security vulnerabilities, which have been fixed in the current version. Please update. Support for old versions may be purchased (at exorbitant rates) by contacting i@izs.me","time":"2026-02-22T23:32:31.571Z","v":0,"logId":"019c87b2-8cd3-7f9d-86b4-58fb73aeba85"}
{"name":"worker","pid":1039,"phase":"INSTALL_DEPENDENCIES","buildId":"d34559e7-5aef-408c-957f-09a8febd42b4","source":"stderr","level":30,"msg":"npm WARN deprecated glob@7.1.6: Old versions of glob are not supported, and contain widely publicized security vulnerabilities, which have been fixed in the current version. Please update. Support for old versions may be purchased (at exorbitant rates) by contacting i@izs.me","time":"2026-02-22T23:32:32.040Z","v":0,"logId":"019c87b2-8ea8-707b-8d46-c8fa54488599"}
{"name":"worker","pid":1039,"phase":"INSTALL_DEPENDENCIES","buildId":"d34559e7-5aef-408c-957f-09a8febd42b4","source":"stderr","level":30,"msg":"npm WARN deprecated","time":"2026-02-22T23:32:32.040Z","v":0,"logId":"019c87b2-8ea8-707b-8d46-c8fbe48a5b37"}
{"name":"worker","pid":1039,"phase":"INSTALL_DEPENDENCIES","buildId":"d34559e7-5aef-408c-957f-09a8febd42b4","source":"stderr","level":30,"msg":"glob@7.1.6: Old versions of glob are not supported, and contain widely publicized security vulnerabilities, which have been fixed in the current version. Please update. Support for old versions may be purchased (at exorbitant rates) by contacting i@izs.me","time":"2026-02-22T23:32:32.040Z","v":0,"logId":"019c87b2-8ea8-707b-8d46-c8fcba4732f2"}
{"name":"worker","pid":1039,"phase":"INSTALL_DEPENDENCIES","buildId":"d34559e7-5aef-408c-957f-09a8febd42b4","source":"stdout","level":30,"msg":"added 1166 packages, and audited 1167 packages in 12s","time":"2026-02-22T23:32:38.593Z","v":0,"logId":"019c87b2-a841-7468-af10-7be84f743f2c"}
{"name":"worker","pid":1039,"phase":"INSTALL_DEPENDENCIES","buildId":"d34559e7-5aef-408c-957f-09a8febd42b4","source":"stdout","level":30,"msg":"157 packages are looking for funding","time":"2026-02-22T23:32:38.593Z","v":0,"logId":"019c87b2-a841-7468-af10-7be9bbc8351c"}
{"name":"worker","pid":1039,"phase":"INSTALL_DEPENDENCIES","buildId":"d34559e7-5aef-408c-957f-09a8febd42b4","source":"stdout","level":30,"msg":"  run `npm fund` for details","time":"2026-02-22T23:32:38.593Z","v":0,"logId":"019c87b2-a841-7468-af10-7bea26a1e8e0"}
{"name":"worker","pid":1039,"phase":"INSTALL_DEPENDENCIES","buildId":"d34559e7-5aef-408c-957f-09a8febd42b4","source":"stdout","level":30,"msg":"43 vulnerabilities (1 low, 41 high, 1 critical)","time":"2026-02-22T23:32:38.787Z","v":0,"logId":"019c87b2-a904-7db4-922f-88af807c1793"}
{"name":"worker","pid":1039,"phase":"INSTALL_DEPENDENCIES","buildId":"d34559e7-5aef-408c-957f-09a8febd42b4","source":"stdout","level":30,"msg":"","time":"2026-02-22T23:32:38.788Z","v":0,"logId":"019c87b2-a904-7db4-922f-88b0f114d8c0"}
{"name":"worker","pid":1039,"phase":"INSTALL_DEPENDENCIES","buildId":"d34559e7-5aef-408c-957f-09a8febd42b4","source":"stdout","level":30,"msg":"To address issues that do not require attention, run:","time":"2026-02-22T23:32:38.788Z","v":0,"logId":"019c87b2-a904-7db4-922f-88b10d0112ff"}
{"name":"worker","pid":1039,"phase":"INSTALL_DEPENDENCIES","buildId":"d34559e7-5aef-408c-957f-09a8febd42b4","source":"stdout","level":30,"msg":"  npm audit fix","time":"2026-02-22T23:32:38.788Z","v":0,"logId":"019c87b2-a904-7db4-922f-88b2638aa2ef"}
{"name":"worker","pid":1039,"phase":"INSTALL_DEPENDENCIES","buildId":"d34559e7-5aef-408c-957f-09a8febd42b4","source":"stdout","level":30,"msg":"","time":"2026-02-22T23:32:38.788Z","v":0,"logId":"019c87b2-a904-7db4-922f-88b3bab9d2e8"}
{"name":"worker","pid":1039,"phase":"INSTALL_DEPENDENCIES","buildId":"d34559e7-5aef-408c-957f-09a8febd42b4","source":"stdout","level":30,"msg":"To address all issues (including breaking changes), run:","time":"2026-02-22T23:32:38.788Z","v":0,"logId":"019c87b2-a904-7db4-922f-88b4c7a14000"}
{"name":"worker","pid":1039,"phase":"INSTALL_DEPENDENCIES","buildId":"d34559e7-5aef-408c-957f-09a8febd42b4","source":"stdout","level":30,"msg":"  npm audit fix --force","time":"2026-02-22T23:32:38.788Z","v":0,"logId":"019c87b2-a904-7db4-922f-88b5e1ff25af"}
{"name":"worker","pid":1039,"phase":"INSTALL_DEPENDENCIES","buildId":"d34559e7-5aef-408c-957f-09a8febd42b4","source":"stdout","level":30,"msg":"","time":"2026-02-22T23:32:38.788Z","v":0,"logId":"019c87b2-a904-7db4-922f-88b6ea878afb"}
{"name":"worker","pid":1039,"phase":"INSTALL_DEPENDENCIES","buildId":"d34559e7-5aef-408c-957f-09a8febd42b4","source":"stdout","level":30,"msg":"Run `npm audit` for details.","time":"2026-02-22T23:32:38.788Z","v":0,"logId":"019c87b2-a904-7db4-922f-88b778abb489"}
{"name":"worker","pid":1039,"phase":"INSTALL_DEPENDENCIES","buildId":"d34559e7-5aef-408c-957f-09a8febd42b4","level":30,"marker":"END_PHASE","result":"success","durationMs":13014,"msg":"End phase: INSTALL_DEPENDENCIES","time":"2026-02-22T23:32:38.805Z","v":0,"logId":"019c87b2-a915-794b-a705-5d6fff3c0670"}
{"name":"worker","pid":1039,"phase":"READ_APP_CONFIG","buildId":"d34559e7-5aef-408c-957f-09a8febd42b4","level":30,"marker":"START_PHASE","msg":"Start phase: READ_APP_CONFIG","time":"2026-02-22T23:32:38.805Z","v":0,"logId":"019c87b2-a915-794b-a705-5d70842d9d2d"}
{"name":"worker","pid":1039,"phase":"READ_APP_CONFIG","buildId":"d34559e7-5aef-408c-957f-09a8febd42b4","level":30,"msg":"Using app configuration:","time":"2026-02-22T23:32:38.866Z","v":0,"logId":"019c87b2-a952-7a43-955e-7a582db25d56"}
{"name":"worker","pid":1039,"phase":"READ_APP_CONFIG","buildId":"d34559e7-5aef-408c-957f-09a8febd42b4","level":30,"msg":"{\n  \"name\": \"TradeAid\",\n  \"slug\": \"tradeaid\",\n  \"version\": \"1.0.0\",\n  \"orientation\": \"portrait\",\n  \"icon\": \"./assets/icon.png\",\n  \"userInterfaceStyle\": \"dark\",\n  \"splash\": {\n    \"image\": \"./assets/splash.png\",\n    \"resizeMode\": \"contain\",\n    \"backgroundColor\": \"#0a0f0a\"\n  },\n  \"assetBundlePatterns\": [\n    \"**/*\"\n  ],\n  \"ios\": {\n    \"supportsTablet\": true,\n    \"bundleIdentifier\": \"com.tradeaid.app\",\n    \"buildNumber\": \"1\"\n  },\n  \"android\": {\n    \"adaptiveIcon\": {\n      \"foregroundImage\": \"./assets/adaptive-icon.png\",\n      \"backgroundColor\": \"#0a0f0a\"\n    },\n    \"package\": \"com.tradeaid.app\",\n    \"versionCode\": 1\n  },\n  \"web\": {\n    \"favicon\": \"./assets/favicon.png\"\n  },\n  \"extra\": {\n    \"apiUrl\": \"http://localhost:8000\",\n    \"eas\": {\n      \"projectId\": \"cafdcb5d-4be3-464e-a79e-d9776cf124cc\"\n    }\n  },\n  \"plugins\": [\n    \"expo-secure-store\"\n  ],\n  \"sdkVersion\": \"50.0.0\",\n  \"platforms\": [\n    \"ios\",\n    \"android\"\n  ]\n}","time":"2026-02-22T23:32:38.866Z","v":0,"logId":"019c87b2-a952-7a43-955e-7a59aba82856"}
{"name":"worker","pid":1039,"phase":"READ_APP_CONFIG","buildId":"d34559e7-5aef-408c-957f-09a8febd42b4","level":30,"marker":"END_PHASE","result":"success","durationMs":61,"msg":"End phase: READ_APP_CONFIG","time":"2026-02-22T23:32:38.866Z","v":0,"logId":"019c87b2-a952-7a43-955e-7a5a87483a44"}
{"name":"worker","pid":1039,"phase":"RUN_EXPO_DOCTOR","buildId":"d34559e7-5aef-408c-957f-09a8febd42b4","level":30,"marker":"START_PHASE","msg":"Start phase: RUN_EXPO_DOCTOR","time":"2026-02-22T23:32:38.867Z","v":0,"logId":"019c87b2-a953-71c7-a32f-712f9853b6db"}
{"name":"worker","pid":1039,"phase":"RUN_EXPO_DOCTOR","buildId":"d34559e7-5aef-408c-957f-09a8febd42b4","level":30,"msg":"Running \"expo doctor\"","time":"2026-02-22T23:32:38.867Z","v":0,"logId":"019c87b2-a953-71c7-a32f-7130389e7d1b"}
{"name":"worker","pid":1039,"phase":"RUN_EXPO_DOCTOR","buildId":"d34559e7-5aef-408c-957f-09a8febd42b4","source":"stdout","level":30,"msg":"Running 15 checks on your project...","time":"2026-02-22T23:32:40.274Z","v":0,"logId":"019c87b2-aed2-7fec-9697-36dd8a91abca"}
{"name":"worker","pid":1039,"phase":"RUN_EXPO_DOCTOR","buildId":"d34559e7-5aef-408c-957f-09a8febd42b4","source":"stdout","level":30,"msg":"13/15 checks passed. 2 checks failed. Possible issues detected:","time":"2026-02-22T23:32:42.577Z","v":0,"logId":"019c87b2-b7d1-73dc-a559-17760be6705a"}
{"name":"worker","pid":1039,"phase":"RUN_EXPO_DOCTOR","buildId":"d34559e7-5aef-408c-957f-09a8febd42b4","source":"stdout","level":30,"msg":"Use the --verbose flag to see more details about passed checks.","time":"2026-02-22T23:32:42.578Z","v":0,"logId":"019c87b2-b7d2-7c51-ab25-2942c8520684"}
{"name":"worker","pid":1039,"phase":"RUN_EXPO_DOCTOR","buildId":"d34559e7-5aef-408c-957f-09a8febd42b4","source":"stdout","level":30,"msg":"","time":"2026-02-22T23:32:42.578Z","v":0,"logId":"019c87b2-b7d2-7c51-ab25-2943822711b5"}
{"name":"worker","pid":1039,"phase":"RUN_EXPO_DOCTOR","buildId":"d34559e7-5aef-408c-957f-09a8febd42b4","source":"stdout","level":30,"msg":"✖ Check for app config fields that may not be synced in a non-CNG project","time":"2026-02-22T23:32:42.578Z","v":0,"logId":"019c87b2-b7d2-7c51-ab25-2944792124fe"}
{"name":"worker","pid":1039,"phase":"RUN_EXPO_DOCTOR","buildId":"d34559e7-5aef-408c-957f-09a8febd42b4","source":"stdout","level":30,"msg":"This project contains native project folders but also has native configuration properties in app.config.js, indicating it is configured to use Prebuild. When the android/ios folders are present, EAS Build will not sync the following properties: orientation, icon, userInterfaceStyle, splash, ios, android, plugins. ","time":"2026-02-22T23:32:42.578Z","v":0,"logId":"019c87b2-b7d2-7c51-ab25-29454f9bddba"}
{"name":"worker","pid":1039,"phase":"RUN_EXPO_DOCTOR","buildId":"d34559e7-5aef-408c-957f-09a8febd42b4","source":"stdout","level":30,"msg":"","time":"2026-02-22T23:32:42.578Z","v":0,"logId":"019c87b2-b7d2-7c51-ab25-29465416bf9a"}
{"name":"worker","pid":1039,"phase":"RUN_EXPO_DOCTOR","buildId":"d34559e7-5aef-408c-957f-09a8febd42b4","source":"stdout","level":30,"msg":"Advice:","time":"2026-02-22T23:32:42.578Z","v":0,"logId":"019c87b2-b7d2-7c51-ab25-2947a070fc10"}
{"name":"worker","pid":1039,"phase":"RUN_EXPO_DOCTOR","buildId":"d34559e7-5aef-408c-957f-09a8febd42b4","source":"stdout","level":30,"msg":"Add '/android' to your .gitignore file if you intend to use CNG / Prebuild. Learn more: https://docs.expo.dev/workflow/prebuild/#usage-with-eas-build","time":"2026-02-22T23:32:42.578Z","v":0,"logId":"019c87b2-b7d2-7c51-ab25-2948b892ddd2"}
{"name":"worker","pid":1039,"phase":"RUN_EXPO_DOCTOR","buildId":"d34559e7-5aef-408c-957f-09a8febd42b4","source":"stdout","level":30,"msg":"","time":"2026-02-22T23:32:42.578Z","v":0,"logId":"019c87b2-b7d2-7c51-ab25-29490871b269"}
{"name":"worker","pid":1039,"phase":"RUN_EXPO_DOCTOR","buildId":"d34559e7-5aef-408c-957f-09a8febd42b4","source":"stdout","level":30,"msg":"✖ Check that packages match versions required by installed Expo SDK","time":"2026-02-22T23:32:42.578Z","v":0,"logId":"019c87b2-b7d2-7c51-ab25-294a8797579c"}
{"name":"worker","pid":1039,"phase":"RUN_EXPO_DOCTOR","buildId":"d34559e7-5aef-408c-957f-09a8febd42b4","source":"stdout","level":30,"msg":"The following packages should be updated for best compatibility with the installed expo version:","time":"2026-02-22T23:32:42.578Z","v":0,"logId":"019c87b2-b7d2-7c51-ab25-294b4c4650c4"}
{"name":"worker","pid":1039,"phase":"RUN_EXPO_DOCTOR","buildId":"d34559e7-5aef-408c-957f-09a8febd42b4","source":"stdout","level":30,"msg":"  react-native@0.73.2 - expected version: 0.73.6","time":"2026-02-22T23:32:42.578Z","v":0,"logId":"019c87b2-b7d2-7c51-ab25-294cfdfaa53b"}
{"name":"worker","pid":1039,"phase":"RUN_EXPO_DOCTOR","buildId":"d34559e7-5aef-408c-957f-09a8febd42b4","source":"stdout","level":30,"msg":"Your project may not work correctly until you install the correct versions of the packages.","time":"2026-02-22T23:32:42.578Z","v":0,"logId":"019c87b2-b7d2-7c51-ab25-294d7cbc0fce"}
{"name":"worker","pid":1039,"phase":"RUN_EXPO_DOCTOR","buildId":"d34559e7-5aef-408c-957f-09a8febd42b4","source":"stdout","level":30,"msg":"Found outdated dependencies","time":"2026-02-22T23:32:42.578Z","v":0,"logId":"019c87b2-b7d2-7c51-ab25-294e472bf003"}
{"name":"worker","pid":1039,"phase":"RUN_EXPO_DOCTOR","buildId":"d34559e7-5aef-408c-957f-09a8febd42b4","source":"stdout","level":30,"msg":"Advice:","time":"2026-02-22T23:32:42.578Z","v":0,"logId":"019c87b2-b7d2-7c51-ab25-294f848bb1e2"}
{"name":"worker","pid":1039,"phase":"RUN_EXPO_DOCTOR","buildId":"d34559e7-5aef-408c-957f-09a8febd42b4","source":"stdout","level":30,"msg":"Use 'npx expo install --check' to review and upgrade your dependencies.","time":"2026-02-22T23:32:42.578Z","v":0,"logId":"019c87b2-b7d2-7c51-ab25-29500c16ad4f"}
{"name":"worker","pid":1039,"phase":"RUN_EXPO_DOCTOR","buildId":"d34559e7-5aef-408c-957f-09a8febd42b4","source":"stdout","level":30,"msg":"To ignore specific packages, add them to \"expo.install.exclude\" in package.json. Learn more: https://expo.fyi/dependency-validation","time":"2026-02-22T23:32:42.578Z","v":0,"logId":"019c87b2-b7d2-7c51-ab25-29519665dbe9"}
{"name":"worker","pid":1039,"phase":"RUN_EXPO_DOCTOR","buildId":"d34559e7-5aef-408c-957f-09a8febd42b4","source":"stderr","level":30,"msg":"2 checks failed, indicating possible issues with the project.","time":"2026-02-22T23:32:42.578Z","v":0,"logId":"019c87b2-b7d2-7c51-ab25-2952fc7843d8"}
{"name":"worker","pid":1039,"phase":"RUN_EXPO_DOCTOR","buildId":"d34559e7-5aef-408c-957f-09a8febd42b4","level":50,"err":{"message":"npx -y expo-doctor exited with non-zero code: 1","name":"Error","stack":"Error: npx -y expo-doctor exited with non-zero code: 1\n    at ChildProcess.completionListener (/usr/local/eas-build-worker/node_modules/@expo/spawn-async/build/spawnAsync.js:42:23)\n    at Object.onceWrapper (node:events:632:26)\n    at ChildProcess.emit (node:events:517:28)\n    at ChildProcess.emit (node:domain:489:12)\n    at maybeClose (node:internal/child_process:1098:16)\n    at ChildProcess._handle.onexit (node:internal/child_process:303:5)\n    ...\n    at spawnAsync (/usr/local/eas-build-worker/node_modules/@expo/spawn-async/build/spawnAsync.js:7:23)\n    at spawn (/usr/local/eas-build-worker/packages/turtle-spawn/dist/index.js:16:47)\n    at runExpoDoctor (/usr/local/eas-build-worker/packages/build-tools/dist/common/setup.js:143:52)\n    at process.processTicksAndRejections (node:internal/process/task_queues:95:5)\n    at async /usr/local/eas-build-worker/packages/build-tools/dist/common/setup.js:122:17\n    at async BuildContext.runBuildPhase (/usr/local/eas-build-worker/packages/build-tools/dist/context.js:123:28)\n    at async setupAsync (/usr/local/eas-build-worker/packages/build-tools/dist/common/setup.js:120:9)\n    at async buildAsync (/usr/local/eas-build-worker/packages/build-tools/dist/builders/android.js:41:5)\n    at async runBuilderWithHooksAsync (/usr/local/eas-build-worker/packages/build-tools/dist/builders/common.js:12:13)\n    at async Object.androidBuilder (/usr/local/eas-build-worker/packages/build-tools/dist/builders/android.js:28:16)","signal":null},"msg":"Command \"expo doctor\" failed.","time":"2026-02-22T23:32:42.590Z","v":0,"logId":"019c87b2-b7df-70ef-ba88-c3599f2884b7"}
{"name":"worker","pid":1039,"phase":"RUN_EXPO_DOCTOR","buildId":"d34559e7-5aef-408c-957f-09a8febd42b4","level":30,"marker":"END_PHASE","result":"warning","durationMs":3724,"msg":"End phase: RUN_EXPO_DOCTOR","time":"2026-02-22T23:32:42.591Z","v":0,"logId":"019c87b2-b7df-70ef-ba88-c35a6640e0aa"}
{"name":"worker","pid":1039,"phase":"FIX_GRADLEW","buildId":"d34559e7-5aef-408c-957f-09a8febd42b4","level":30,"marker":"START_PHASE","msg":"Start phase: FIX_GRADLEW","time":"2026-02-22T23:32:42.591Z","v":0,"logId":"019c87b2-b7df-70ef-ba88-c35baabcd774"}
{"name":"worker","pid":1039,"phase":"FIX_GRADLEW","buildId":"d34559e7-5aef-408c-957f-09a8febd42b4","level":30,"marker":"END_PHASE","result":"success","durationMs":1,"msg":"End phase: FIX_GRADLEW","time":"2026-02-22T23:32:42.592Z","v":0,"logId":"019c87b2-b7e0-71c3-99cd-cb262475a3fb"}
{"name":"worker","pid":1039,"phase":"PREBUILD","buildId":"d34559e7-5aef-408c-957f-09a8febd42b4","level":30,"marker":"START_PHASE","msg":"Start phase: PREBUILD","time":"2026-02-22T23:32:42.592Z","v":0,"logId":"019c87b2-b7e0-71c3-99cd-cb278a648448"}
{"name":"worker","pid":1039,"phase":"PREBUILD","buildId":"d34559e7-5aef-408c-957f-09a8febd42b4","level":30,"msg":"Skipped running \"expo prebuild\" because the \"android\" directory already exists. Learn more about the build process: https://docs.expo.dev/build-reference/android-builds/","time":"2026-02-22T23:32:42.592Z","v":0,"logId":"019c87b2-b7e0-71c3-99cd-cb2847233335"}
{"name":"worker","pid":1039,"phase":"PREBUILD","buildId":"d34559e7-5aef-408c-957f-09a8febd42b4","level":30,"marker":"END_PHASE","result":"skipped","durationMs":0,"msg":"End phase: PREBUILD","time":"2026-02-22T23:32:42.593Z","v":0,"logId":"019c87b2-b7e1-76a0-97d9-22bb8b3ab3fc"}
{"name":"worker","pid":1039,"phase":"RESTORE_CACHE","buildId":"d34559e7-5aef-408c-957f-09a8febd42b4","level":30,"marker":"START_PHASE","msg":"Start phase: RESTORE_CACHE","time":"2026-02-22T23:32:42.593Z","v":0,"logId":"019c87b2-b7e1-76a0-97d9-22bc732f08c4"}
{"name":"worker","pid":1039,"phase":"RESTORE_CACHE","buildId":"d34559e7-5aef-408c-957f-09a8febd42b4","level":30,"marker":"END_PHASE","result":"success","durationMs":4,"msg":"End phase: RESTORE_CACHE","time":"2026-02-22T23:32:42.597Z","v":0,"logId":"019c87b2-b7e5-72dd-81d6-8ae0010d327e"}
{"name":"worker","pid":1039,"phase":"POST_INSTALL_HOOK","buildId":"d34559e7-5aef-408c-957f-09a8febd42b4","level":30,"marker":"START_PHASE","msg":"Start phase: POST_INSTALL_HOOK","time":"2026-02-22T23:32:42.597Z","v":0,"logId":"019c87b2-b7e5-72dd-81d6-8ae1d40a64fa"}
{"name":"worker","pid":1039,"phase":"POST_INSTALL_HOOK","buildId":"d34559e7-5aef-408c-957f-09a8febd42b4","level":30,"marker":"END_PHASE","result":"success","durationMs":0,"msg":"End phase: POST_INSTALL_HOOK","time":"2026-02-22T23:32:42.598Z","v":0,"logId":"019c87b2-b7e6-7a9b-8654-6f464ce1d810"}
{"name":"worker","pid":1039,"phase":"CALCULATE_EXPO_UPDATES_RUNTIME_VERSION","buildId":"d34559e7-5aef-408c-957f-09a8febd42b4","level":30,"marker":"START_PHASE","msg":"Start phase: CALCULATE_EXPO_UPDATES_RUNTIME_VERSION","time":"2026-02-22T23:32:42.598Z","v":0,"logId":"019c87b2-b7e6-7a9b-8654-6f47e8218cd3"}
{"name":"worker","pid":1039,"phase":"CALCULATE_EXPO_UPDATES_RUNTIME_VERSION","buildId":"d34559e7-5aef-408c-957f-09a8febd42b4","level":30,"marker":"END_PHASE","result":"success","durationMs":0,"msg":"End phase: CALCULATE_EXPO_UPDATES_RUNTIME_VERSION","time":"2026-02-22T23:32:42.598Z","v":0,"logId":"019c87b2-b7e6-7a9b-8654-6f48e00d7e2e"}
{"name":"worker","pid":1039,"phase":"PREPARE_CREDENTIALS","buildId":"d34559e7-5aef-408c-957f-09a8febd42b4","level":30,"marker":"START_PHASE","msg":"Start phase: PREPARE_CREDENTIALS","time":"2026-02-22T23:32:42.598Z","v":0,"logId":"019c87b2-b7e6-7a9b-8654-6f49e6ed5d46"}
{"name":"worker","pid":1039,"phase":"PREPARE_CREDENTIALS","buildId":"d34559e7-5aef-408c-957f-09a8febd42b4","level":30,"msg":"Writing secrets to the project's directory","time":"2026-02-22T23:32:42.598Z","v":0,"logId":"019c87b2-b7e6-7a9b-8654-6f4abdb05343"}
{"name":"worker","pid":1039,"phase":"PREPARE_CREDENTIALS","buildId":"d34559e7-5aef-408c-957f-09a8febd42b4","level":30,"msg":"Injecting signing config into build.gradle","time":"2026-02-22T23:32:42.599Z","v":0,"logId":"019c87b2-b7e7-7fa6-8624-ccc9cb046825"}
{"name":"worker","pid":1039,"phase":"PREPARE_CREDENTIALS","buildId":"d34559e7-5aef-408c-957f-09a8febd42b4","level":30,"marker":"END_PHASE","result":"success","durationMs":3,"msg":"End phase: PREPARE_CREDENTIALS","time":"2026-02-22T23:32:42.602Z","v":0,"logId":"019c87b2-b7ea-7ad5-a3f1-0e287ed64dfe"}
{"name":"worker","pid":1039,"phase":"CONFIGURE_EXPO_UPDATES","buildId":"d34559e7-5aef-408c-957f-09a8febd42b4","level":30,"marker":"START_PHASE","msg":"Start phase: CONFIGURE_EXPO_UPDATES","time":"2026-02-22T23:32:42.602Z","v":0,"logId":"019c87b2-b7ea-7ad5-a3f1-0e2918b7c085"}
{"name":"worker","pid":1039,"phase":"CONFIGURE_EXPO_UPDATES","buildId":"d34559e7-5aef-408c-957f-09a8febd42b4","level":30,"marker":"END_PHASE","result":"success","durationMs":0,"msg":"End phase: CONFIGURE_EXPO_UPDATES","time":"2026-02-22T23:32:42.602Z","v":0,"logId":"019c87b2-b7ea-7ad5-a3f1-0e2ab47a346b"}
{"name":"worker","pid":1039,"phase":"RUN_GRADLEW","buildId":"d34559e7-5aef-408c-957f-09a8febd42b4","level":30,"marker":"START_PHASE","msg":"Start phase: RUN_GRADLEW","time":"2026-02-22T23:32:42.602Z","v":0,"logId":"019c87b2-b7eb-7da8-8d86-afa311980523"}
{"name":"worker","pid":1039,"phase":"RUN_GRADLEW","buildId":"d34559e7-5aef-408c-957f-09a8febd42b4","level":30,"msg":"Running 'gradlew :app:assembleRelease' in /home/expo/workingdir/build/mobile/android","time":"2026-02-22T23:32:42.603Z","v":0,"logId":"019c87b2-b7eb-7da8-8d86-afa4f21db3b5"}
{"name":"worker","pid":1039,"phase":"RUN_GRADLEW","buildId":"d34559e7-5aef-408c-957f-09a8febd42b4","source":"stdout","level":30,"msg":"Welcome to Gradle 8.3!","time":"2026-02-22T23:32:43.429Z","v":0,"logId":"019c87b2-bb25-7164-a08d-d0efeec38215"}
{"name":"worker","pid":1039,"phase":"RUN_GRADLEW","buildId":"d34559e7-5aef-408c-957f-09a8febd42b4","source":"stdout","level":30,"msg":"Here are the highlights of this release:","time":"2026-02-22T23:32:43.430Z","v":0,"logId":"019c87b2-bb27-749f-b755-2f529f02856e"}
{"name":"worker","pid":1039,"phase":"RUN_GRADLEW","buildId":"d34559e7-5aef-408c-957f-09a8febd42b4","source":"stdout","level":30,"msg":"- Faster Java compilation","time":"2026-02-22T23:32:43.431Z","v":0,"logId":"019c87b2-bb27-749f-b755-2f53557fe492"}
{"name":"worker","pid":1039,"phase":"RUN_GRADLEW","buildId":"d34559e7-5aef-408c-957f-09a8febd42b4","source":"stdout","level":30,"msg":" - Reduced memory usage","time":"2026-02-22T23:32:43.431Z","v":0,"logId":"019c87b2-bb27-749f-b755-2f54743ed489"}
{"name":"worker","pid":1039,"phase":"RUN_GRADLEW","buildId":"d34559e7-5aef-408c-957f-09a8febd42b4","source":"stdout","level":30,"msg":" - Support for running on Java 20","time":"2026-02-22T23:32:43.431Z","v":0,"logId":"019c87b2-bb27-749f-b755-2f55979b09b4"}
{"name":"worker","pid":1039,"phase":"RUN_GRADLEW","buildId":"d34559e7-5aef-408c-957f-09a8febd42b4","source":"stdout","level":30,"msg":"For more details see https://docs.gradle.org/8.3/release-notes.html","time":"2026-02-22T23:32:43.431Z","v":0,"logId":"019c87b2-bb27-749f-b755-2f5634d94030"}
{"name":"worker","pid":1039,"phase":"RUN_GRADLEW","buildId":"d34559e7-5aef-408c-957f-09a8febd42b4","source":"stdout","level":30,"msg":"To honour the JVM settings for this build a single-use Daemon process will be forked. For more on this, please refer to https://docs.gradle.org/8.3/userguide/gradle_daemon.html#sec:disabling_the_daemon in the Gradle documentation.","time":"2026-02-22T23:32:43.528Z","v":0,"logId":"019c87b2-bb88-7bac-9f36-3b8986585979"}
{"name":"worker","pid":1039,"phase":"RUN_GRADLEW","buildId":"d34559e7-5aef-408c-957f-09a8febd42b4","source":"stdout","level":30,"msg":"Daemon will be stopped at the end of the build","time":"2026-02-22T23:32:44.427Z","v":0,"logId":"019c87b2-bf0b-7a2b-ab95-26fd586ae587"}
{"name":"worker","pid":1039,"phase":"RUN_GRADLEW","buildId":"d34559e7-5aef-408c-957f-09a8febd42b4","source":"stdout","level":30,"msg":"Path for java installation '/usr/lib/jvm/openjdk-17' (Common Linux Locations) does not contain a java executable","time":"2026-02-22T23:33:17.427Z","v":0,"logId":"019c87b3-3ff4-7a68-addc-b59a918f0f15"}
{"name":"worker","pid":1039,"phase":"RUN_GRADLEW","buildId":"d34559e7-5aef-408c-957f-09a8febd42b4","source":"stdout","level":30,"msg":"> Task :gradle-plugin:pluginDescriptors","time":"2026-02-22T23:33:20.229Z","v":0,"logId":"019c87b3-4ae5-7151-864b-10d06dbe1a9a"}
{"name":"worker","pid":1039,"phase":"RUN_GRADLEW","buildId":"d34559e7-5aef-408c-957f-09a8febd42b4","source":"stdout","level":30,"msg":"> Task :gradle-plugin:processResources","time":"2026-02-22T23:33:20.229Z","v":0,"logId":"019c87b3-4ae5-7151-864b-10d1dffde06f"}
{"name":"worker","pid":1039,"phase":"RUN_GRADLEW","buildId":"d34559e7-5aef-408c-957f-09a8febd42b4","source":"stdout","level":30,"msg":"> Task :gradle-plugin:compileKotlin","time":"2026-02-22T23:33:27.928Z","v":0,"logId":"019c87b3-68f8-796f-b7ac-f01dfefbd278"}
{"name":"worker","pid":1039,"phase":"RUN_GRADLEW","buildId":"d34559e7-5aef-408c-957f-09a8febd42b4","source":"stdout","level":30,"msg":"> Task :gradle-plugin:compileJava NO-SOURCE","time":"2026-02-22T23:33:27.928Z","v":0,"logId":"019c87b3-68f8-796f-b7ac-f01eb2f5daa2"}
{"name":"worker","pid":1039,"phase":"RUN_GRADLEW","buildId":"d34559e7-5aef-408c-957f-09a8febd42b4","source":"stdout","level":30,"msg":"> Task :gradle-plugin:classes","time":"2026-02-22T23:33:27.928Z","v":0,"logId":"019c87b3-68f8-796f-b7ac-f01fca07f9cc"}
{"name":"worker","pid":1039,"phase":"RUN_GRADLEW","buildId":"d34559e7-5aef-408c-957f-09a8febd42b4","source":"stdout","level":30,"msg":"> Task :gradle-plugin:jar","time":"2026-02-22T23:33:27.928Z","v":0,"logId":"019c87b3-68f8-796f-b7ac-f02093c46a40"}
{"name":"worker","pid":1039,"phase":"RUN_GRADLEW","buildId":"d34559e7-5aef-408c-957f-09a8febd42b4","source":"stdout","level":30,"msg":"> Task :gradle-plugin:inspectClassesForKotlinIC","time":"2026-02-22T23:33:28.027Z","v":0,"logId":"019c87b3-695b-7dad-b5d8-c2116fa6a194"}
{"name":"worker","pid":1039,"phase":"RUN_GRADLEW","buildId":"d34559e7-5aef-408c-957f-09a8febd42b4","source":"stdout","level":30,"msg":"Path for java installation '/usr/lib/jvm/openjdk-17' (Common Linux Locations) does not contain a java executable","time":"2026-02-22T23:33:42.927Z","v":0,"logId":"019c87b3-a38f-7571-95dc-95a528443f2e"}
{"name":"worker","pid":1039,"phase":"RUN_GRADLEW","buildId":"d34559e7-5aef-408c-957f-09a8febd42b4","source":"stdout","level":30,"msg":"> Configure project :expo","time":"2026-02-22T23:33:43.428Z","v":0,"logId":"019c87b3-a584-7ffb-89be-9b0fe7500d21"}
{"name":"worker","pid":1039,"phase":"RUN_GRADLEW","buildId":"d34559e7-5aef-408c-957f-09a8febd42b4","source":"stdout","level":30,"msg":"Using expo modules","time":"2026-02-22T23:33:43.428Z","v":0,"logId":"019c87b3-a584-7ffb-89be-9b1077049345"}
{"name":"worker","pid":1039,"phase":"RUN_GRADLEW","buildId":"d34559e7-5aef-408c-957f-09a8febd42b4","source":"stdout","level":30,"msg":"  - \u001b[32mexpo-application\u001b[0m (5.8.4)","time":"2026-02-22T23:33:43.428Z","v":0,"logId":"019c87b3-a584-7ffb-89be-9b11e6ad7787"}
{"name":"worker","pid":1039,"phase":"RUN_GRADLEW","buildId":"d34559e7-5aef-408c-957f-09a8febd42b4","source":"stdout","level":30,"msg":"  - \u001b[32mexpo-constants\u001b[0m (15.4.6)","time":"2026-02-22T23:33:43.428Z","v":0,"logId":"019c87b3-a584-7ffb-89be-9b1212551767"}
{"name":"worker","pid":1039,"phase":"RUN_GRADLEW","buildId":"d34559e7-5aef-408c-957f-09a8febd42b4","source":"stdout","level":30,"msg":"- \u001b[32mexpo-crypto\u001b[0m (12.8.1)","time":"2026-02-22T23:33:43.428Z","v":0,"logId":"019c87b3-a584-7ffb-89be-9b1377ea504c"}
{"name":"worker","pid":1039,"phase":"RUN_GRADLEW","buildId":"d34559e7-5aef-408c-957f-09a8febd42b4","source":"stdout","level":30,"msg":"  - \u001b[32mexpo-file-system\u001b[0m (16.0.9)","time":"2026-02-22T23:33:43.428Z","v":0,"logId":"019c87b3-a584-7ffb-89be-9b1491d1f1e2"}
{"name":"worker","pid":1039,"phase":"RUN_GRADLEW","buildId":"d34559e7-5aef-408c-957f-09a8febd42b4","source":"stdout","level":30,"msg":"  - \u001b[32mexpo-font\u001b[0m (11.10.3)","time":"2026-02-22T23:33:43.429Z","v":0,"logId":"019c87b3-a585-71fb-91dc-a5c9653461f6"}
{"name":"worker","pid":1039,"phase":"RUN_GRADLEW","buildId":"d34559e7-5aef-408c-957f-09a8febd42b4","source":"stdout","level":30,"msg":"  - \u001b[32mexpo-keep-awake\u001b[0m (12.8.2)","time":"2026-02-22T23:33:43.429Z","v":0,"logId":"019c87b3-a585-71fb-91dc-a5cadcb9c4c5"}
{"name":"worker","pid":1039,"phase":"RUN_GRADLEW","buildId":"d34559e7-5aef-408c-957f-09a8febd42b4","source":"stdout","level":30,"msg":"  - \u001b[32mexpo-linear-gradient\u001b[0m (12.7.2)","time":"2026-02-22T23:33:43.429Z","v":0,"logId":"019c87b3-a585-71fb-91dc-a5cbcd351083"}
{"name":"worker","pid":1039,"phase":"RUN_GRADLEW","buildId":"d34559e7-5aef-408c-957f-09a8febd42b4","source":"stdout","level":30,"msg":"  - \u001b[32mexpo-modules-core\u001b[0m (1.11.14)","time":"2026-02-22T23:33:43.429Z","v":0,"logId":"019c87b3-a585-71fb-91dc-a5cc3f775972"}
{"name":"worker","pid":1039,"phase":"RUN_GRADLEW","buildId":"d34559e7-5aef-408c-957f-09a8febd42b4","source":"stdout","level":30,"msg":"  - \u001b[32mexpo-modules-core$android-annotation\u001b[0m (1.11.14)","time":"2026-02-22T23:33:43.429Z","v":0,"logId":"019c87b3-a585-71fb-91dc-a5cdacf213c6"}
{"name":"worker","pid":1039,"phase":"RUN_GRADLEW","buildId":"d34559e7-5aef-408c-957f-09a8febd42b4","source":"stdout","level":30,"msg":"  - \u001b[32mexpo-modules-core$android-annotation-processor\u001b[0m (1.11.14)","time":"2026-02-22T23:33:43.429Z","v":0,"logId":"019c87b3-a585-71fb-91dc-a5cea2da3ba8"}
{"name":"worker","pid":1039,"phase":"RUN_GRADLEW","buildId":"d34559e7-5aef-408c-957f-09a8febd42b4","source":"stdout","level":30,"msg":"  - \u001b[32mexpo-secure-store\u001b[0m (12.8.1)","time":"2026-02-22T23:33:43.429Z","v":0,"logId":"019c87b3-a585-71fb-91dc-a5cf75e71353"}
{"name":"worker","pid":1039,"phase":"RUN_GRADLEW","buildId":"d34559e7-5aef-408c-957f-09a8febd42b4","source":"stdout","level":30,"msg":"- \u001b[32mexpo-web-browser\u001b[0m (12.8.2)","time":"2026-02-22T23:33:43.429Z","v":0,"logId":"019c87b3-a585-71fb-91dc-a5d083dee0f6"}
{"name":"worker","pid":1039,"phase":"RUN_GRADLEW","buildId":"d34559e7-5aef-408c-957f-09a8febd42b4","source":"stdout","level":30,"msg":"Checking the license for package Android SDK Build-Tools 34 in /home/expo/Android/Sdk/licenses","time":"2026-02-22T23:33:51.827Z","v":0,"logId":"019c87b3-c653-7d15-a48c-51bd45aa1395"}
{"name":"worker","pid":1039,"phase":"RUN_GRADLEW","buildId":"d34559e7-5aef-408c-957f-09a8febd42b4","source":"stdout","level":30,"msg":"License for package Android SDK Build-Tools 34 accepted.","time":"2026-02-22T23:33:51.827Z","v":0,"logId":"019c87b3-c653-7d15-a48c-51be8ac68634"}
{"name":"worker","pid":1039,"phase":"RUN_GRADLEW","buildId":"d34559e7-5aef-408c-957f-09a8febd42b4","source":"stdout","level":30,"msg":"Preparing \"Install Android SDK Build-Tools 34 v.34.0.0\".","time":"2026-02-22T23:33:51.828Z","v":0,"logId":"019c87b3-c654-7683-b5ec-9fd4b3416dde"}
{"name":"worker","pid":1039,"phase":"RUN_GRADLEW","buildId":"d34559e7-5aef-408c-957f-09a8febd42b4","source":"stdout","level":30,"msg":"\"Install Android SDK Build-Tools 34 v.34.0.0\" ready.","time":"2026-02-22T23:33:53.027Z","v":0,"logId":"019c87b3-cb03-75fb-a169-5f5f866d5101"}
{"name":"worker","pid":1039,"phase":"RUN_GRADLEW","buildId":"d34559e7-5aef-408c-957f-09a8febd42b4","source":"stdout","level":30,"msg":"Installing Android SDK Build-Tools 34 in /home/expo/Android/Sdk/build-tools/34.0.0","time":"2026-02-22T23:33:53.027Z","v":0,"logId":"019c87b3-cb04-7f32-8049-33f7cce9f8f1"}
{"name":"worker","pid":1039,"phase":"RUN_GRADLEW","buildId":"d34559e7-5aef-408c-957f-09a8febd42b4","source":"stdout","level":30,"msg":"\"Install Android SDK Build-Tools 34 v.34.0.0\" complete.","time":"2026-02-22T23:33:53.028Z","v":0,"logId":"019c87b3-cb04-7f32-8049-33f860021e07"}
{"name":"worker","pid":1039,"phase":"RUN_GRADLEW","buildId":"d34559e7-5aef-408c-957f-09a8febd42b4","source":"stdout","level":30,"msg":"\"Install Android SDK Build-Tools 34 v.34.0.0\" finished.","time":"2026-02-22T23:33:53.127Z","v":0,"logId":"019c87b3-cb67-7c9c-876e-caaf14e6a4e9"}
{"name":"worker","pid":1039,"phase":"RUN_GRADLEW","buildId":"d34559e7-5aef-408c-957f-09a8febd42b4","source":"stdout","level":30,"msg":"Checking the license for package Android SDK Platform 34 in /home/expo/Android/Sdk/licenses","time":"2026-02-22T23:33:53.127Z","v":0,"logId":"019c87b3-cb68-7444-a020-e57b9cc1904b"}
{"name":"worker","pid":1039,"phase":"RUN_GRADLEW","buildId":"d34559e7-5aef-408c-957f-09a8febd42b4","source":"stdout","level":30,"msg":"License for package Android SDK Platform 34 accepted.","time":"2026-02-22T23:33:53.128Z","v":0,"logId":"019c87b3-cb68-7444-a020-e57c4a461f25"}
{"name":"worker","pid":1039,"phase":"RUN_GRADLEW","buildId":"d34559e7-5aef-408c-957f-09a8febd42b4","source":"stdout","level":30,"msg":"Preparing \"Install Android SDK Platform 34 (revision 3)\".","time":"2026-02-22T23:33:53.128Z","v":0,"logId":"019c87b3-cb68-7444-a020-e57df78b6fbf"}
{"name":"worker","pid":1039,"phase":"RUN_GRADLEW","buildId":"d34559e7-5aef-408c-957f-09a8febd42b4","source":"stdout","level":30,"msg":"\"Install Android SDK Platform 34 (revision 3)\" ready.","time":"2026-02-22T23:33:55.127Z","v":0,"logId":"019c87b3-d337-7722-8c00-a2f78ed61179"}
{"name":"worker","pid":1039,"phase":"RUN_GRADLEW","buildId":"d34559e7-5aef-408c-957f-09a8febd42b4","source":"stdout","level":30,"msg":"Installing Android SDK Platform 34 in /home/expo/Android/Sdk/platforms/android-34","time":"2026-02-22T23:33:55.127Z","v":0,"logId":"019c87b3-d337-7722-8c00-a2f86bb0bbf1"}
{"name":"worker","pid":1039,"phase":"RUN_GRADLEW","buildId":"d34559e7-5aef-408c-957f-09a8febd42b4","source":"stdout","level":30,"msg":"\"Install Android SDK Platform 34 (revision 3)\" complete.","time":"2026-02-22T23:33:55.128Z","v":0,"logId":"019c87b3-d338-7c3b-83b8-d5ade711b0ca"}
{"name":"worker","pid":1039,"phase":"RUN_GRADLEW","buildId":"d34559e7-5aef-408c-957f-09a8febd42b4","source":"stdout","level":30,"msg":"\"Install Android SDK Platform 34 (revision 3)\" finished.","time":"2026-02-22T23:33:55.128Z","v":0,"logId":"019c87b3-d338-7c3b-83b8-d5aef378b06e"}
{"name":"worker","pid":1039,"phase":"RUN_GRADLEW","buildId":"d34559e7-5aef-408c-957f-09a8febd42b4","source":"stdout","level":30,"msg":"Checking the license for package Android SDK Build-Tools 33.0.1 in /home/expo/Android/Sdk/licenses","time":"2026-02-22T23:33:55.327Z","v":0,"logId":"019c87b3-d3ff-7076-a6b8-7f7c7c612723"}
{"name":"worker","pid":1039,"phase":"RUN_GRADLEW","buildId":"d34559e7-5aef-408c-957f-09a8febd42b4","source":"stdout","level":30,"msg":"License for package Android SDK Build-Tools 33.0.1 accepted.","time":"2026-02-22T23:33:55.327Z","v":0,"logId":"019c87b3-d3ff-7076-a6b8-7f7d6bc7ba07"}
{"name":"worker","pid":1039,"phase":"RUN_GRADLEW","buildId":"d34559e7-5aef-408c-957f-09a8febd42b4","source":"stdout","level":30,"msg":"Preparing \"Install Android SDK Build-Tools 33.0.1 v.33.0.1\".","time":"2026-02-22T23:33:55.328Z","v":0,"logId":"019c87b3-d400-78f2-b92f-74be591c4b0f"}
{"name":"worker","pid":1039,"phase":"RUN_GRADLEW","buildId":"d34559e7-5aef-408c-957f-09a8febd42b4","source":"stdout","level":30,"msg":"\"Install Android SDK Build-Tools 33.0.1 v.33.0.1\" ready.","time":"2026-02-22T23:33:56.327Z","v":0,"logId":"019c87b3-d7e7-7354-a434-9c0147357404"}
{"name":"worker","pid":1039,"phase":"RUN_GRADLEW","buildId":"d34559e7-5aef-408c-957f-09a8febd42b4","source":"stdout","level":30,"msg":"Installing Android SDK Build-Tools 33.0.1 in /home/expo/Android/Sdk/build-tools/33.0.1","time":"2026-02-22T23:33:56.328Z","v":0,"logId":"019c87b3-d7e8-7b00-9ee7-0b306cd598f9"}
{"name":"worker","pid":1039,"phase":"RUN_GRADLEW","buildId":"d34559e7-5aef-408c-957f-09a8febd42b4","source":"stdout","level":30,"msg":"\"Install Android SDK Build-Tools 33.0.1 v.33.0.1\" complete.","time":"2026-02-22T23:33:56.328Z","v":0,"logId":"019c87b3-d7e8-7b00-9ee7-0b311f15356f"}
{"name":"worker","pid":1039,"phase":"RUN_GRADLEW","buildId":"d34559e7-5aef-408c-957f-09a8febd42b4","source":"stdout","level":30,"msg":"\"Install Android SDK Build-Tools 33.0.1 v.33.0.1\" finished.","time":"2026-02-22T23:33:56.328Z","v":0,"logId":"019c87b3-d7e8-7b00-9ee7-0b32c94889a9"}
{"name":"worker","pid":1039,"phase":"RUN_GRADLEW","buildId":"d34559e7-5aef-408c-957f-09a8febd42b4","source":"stdout","level":30,"msg":"> Task :expo-application:preBuild UP-TO-DATE","time":"2026-02-22T23:33:57.327Z","v":0,"logId":"019c87b3-dbcf-734b-a99e-431b1a59604b"}
{"name":"worker","pid":1039,"phase":"RUN_GRADLEW","buildId":"d34559e7-5aef-408c-957f-09a8febd42b4","source":"stdout","level":30,"msg":"> Task :expo-application:preReleaseBuild UP-TO-DATE","time":"2026-02-22T23:33:57.328Z","v":0,"logId":"019c87b3-dbd0-74a4-9744-5dd9d707b469"}
{"name":"worker","pid":1039,"phase":"RUN_GRADLEW","buildId":"d34559e7-5aef-408c-957f-09a8febd42b4","source":"stdout","level":30,"msg":"> Task :expo-crypto:preBuild","time":"2026-02-22T23:33:57.328Z","v":0,"logId":"019c87b3-dbd0-74a4-9744-5ddafe7ca27d"}
{"name":"worker","pid":1039,"phase":"RUN_GRADLEW","buildId":"d34559e7-5aef-408c-957f-09a8febd42b4","source":"stdout","level":30,"msg":"UP-TO-DATE","time":"2026-02-22T23:33:57.328Z","v":0,"logId":"019c87b3-dbd0-74a4-9744-5ddb722dd9a0"}
{"name":"worker","pid":1039,"phase":"RUN_GRADLEW","buildId":"d34559e7-5aef-408c-957f-09a8febd42b4","source":"stdout","level":30,"msg":"> Task :expo-crypto:preReleaseBuild UP-TO-DATE","time":"2026-02-22T23:33:57.328Z","v":0,"logId":"019c87b3-dbd0-74a4-9744-5ddc2d3dcc05"}
{"name":"worker","pid":1039,"phase":"RUN_GRADLEW","buildId":"d34559e7-5aef-408c-957f-09a8febd42b4","source":"stdout","level":30,"msg":"> Task :expo-modules-core:preBuild UP-TO-DATE","time":"2026-02-22T23:33:57.328Z","v":0,"logId":"019c87b3-dbd0-74a4-9744-5ddd43081fdd"}
{"name":"worker","pid":1039,"phase":"RUN_GRADLEW","buildId":"d34559e7-5aef-408c-957f-09a8febd42b4","source":"stdout","level":30,"msg":"> Task :expo-modules-core:preReleaseBuild UP-TO-DATE","time":"2026-02-22T23:33:57.328Z","v":0,"logId":"019c87b3-dbd0-74a4-9744-5ddebb5285ac"}
{"name":"worker","pid":1039,"phase":"RUN_GRADLEW","buildId":"d34559e7-5aef-408c-957f-09a8febd42b4","source":"stdout","level":30,"msg":"> Task :expo-modules-core$android-annotation-processor:processResources","time":"2026-02-22T23:33:57.328Z","v":0,"logId":"019c87b3-dbd0-74a4-9744-5ddf5b82c127"}
{"name":"worker","pid":1039,"phase":"RUN_GRADLEW","buildId":"d34559e7-5aef-408c-957f-09a8febd42b4","source":"stdout","level":30,"msg":"> Task :expo-file-system:preBuild UP-TO-DATE","time":"2026-02-22T23:33:57.328Z","v":0,"logId":"019c87b3-dbd0-74a4-9744-5de0a300cfc8"}
{"name":"worker","pid":1039,"phase":"RUN_GRADLEW","buildId":"d34559e7-5aef-408c-957f-09a8febd42b4","source":"stdout","level":30,"msg":"> Task :expo-file-system:preReleaseBuild UP-TO-DATE","time":"2026-02-22T23:33:57.328Z","v":0,"logId":"019c87b3-dbd0-74a4-9744-5de143e72a70"}
{"name":"worker","pid":1039,"phase":"RUN_GRADLEW","buildId":"d34559e7-5aef-408c-957f-09a8febd42b4","source":"stdout","level":30,"msg":"> Task :expo-crypto:generateReleaseBuildConfig","time":"2026-02-22T23:33:57.427Z","v":0,"logId":"019c87b3-dc33-7692-a90e-fdeb5e6d6964"}
{"name":"worker","pid":1039,"phase":"RUN_GRADLEW","buildId":"d34559e7-5aef-408c-957f-09a8febd42b4","source":"stdout","level":30,"msg":"> Task :expo-file-system:generateReleaseBuildConfig","time":"2026-02-22T23:33:57.428Z","v":0,"logId":"019c87b3-dc34-71ce-ba3e-1f895307fc20"}
{"name":"worker","pid":1039,"phase":"RUN_GRADLEW","buildId":"d34559e7-5aef-408c-957f-09a8febd42b4","source":"stdout","level":30,"msg":"> Task :expo-modules-core:generateReleaseBuildConfig","time":"2026-02-22T23:33:57.428Z","v":0,"logId":"019c87b3-dc34-71ce-ba3e-1f8a8711b65b"}
{"name":"worker","pid":1039,"phase":"RUN_GRADLEW","buildId":"d34559e7-5aef-408c-957f-09a8febd42b4","source":"stdout","level":30,"msg":"> Task :expo-application:generateReleaseBuildConfig","time":"2026-02-22T23:33:57.428Z","v":0,"logId":"019c87b3-dc34-71ce-ba3e-1f8b4770ed2f"}
{"name":"worker","pid":1039,"phase":"RUN_GRADLEW","buildId":"d34559e7-5aef-408c-957f-09a8febd42b4","source":"stdout","level":30,"msg":"> Task :expo-crypto:generateReleaseResValues","time":"2026-02-22T23:33:57.429Z","v":0,"logId":"019c87b3-dc35-767c-91c5-7b825cbb217c"}
{"name":"worker","pid":1039,"phase":"RUN_GRADLEW","buildId":"d34559e7-5aef-408c-957f-09a8febd42b4","source":"stdout","level":30,"msg":"> Task :expo-file-system:generateReleaseResValues","time":"2026-02-22T23:33:57.430Z","v":0,"logId":"019c87b3-dc36-7c07-a0a7-d25d745446d0"}
{"name":"worker","pid":1039,"phase":"RUN_GRADLEW","buildId":"d34559e7-5aef-408c-957f-09a8febd42b4","source":"stdout","level":30,"msg":"> Task :expo-modules-core:generateReleaseResValues","time":"2026-02-22T23:33:57.430Z","v":0,"logId":"019c87b3-dc36-7c07-a0a7-d25e3cfa8240"}
{"name":"worker","pid":1039,"phase":"RUN_GRADLEW","buildId":"d34559e7-5aef-408c-957f-09a8febd42b4","source":"stdout","level":30,"msg":"> Task :expo-crypto:generateReleaseResources","time":"2026-02-22T23:33:57.430Z","v":0,"logId":"019c87b3-dc36-7c07-a0a7-d25fda7ffa4d"}
{"name":"worker","pid":1039,"phase":"RUN_GRADLEW","buildId":"d34559e7-5aef-408c-957f-09a8febd42b4","source":"stdout","level":30,"msg":"> Task :expo-application:generateReleaseResValues","time":"2026-02-22T23:33:57.430Z","v":0,"logId":"019c87b3-dc36-7c07-a0a7-d260b05886d4"}
{"name":"worker","pid":1039,"phase":"RUN_GRADLEW","buildId":"d34559e7-5aef-408c-957f-09a8febd42b4","source":"stdout","level":30,"msg":"> Task :expo-file-system:generateReleaseResources","time":"2026-02-22T23:33:57.430Z","v":0,"logId":"019c87b3-dc36-7c07-a0a7-d261f2bfbcc8"}
{"name":"worker","pid":1039,"phase":"RUN_GRADLEW","buildId":"d34559e7-5aef-408c-957f-09a8febd42b4","source":"stdout","level":30,"msg":"> Task :expo-application:generateReleaseResources","time":"2026-02-22T23:33:57.430Z","v":0,"logId":"019c87b3-dc36-7c07-a0a7-d2628f908e60"}
{"name":"worker","pid":1039,"phase":"RUN_GRADLEW","buildId":"d34559e7-5aef-408c-957f-09a8febd42b4","source":"stdout","level":30,"msg":"> Task :expo-modules-core:generateReleaseResources","time":"2026-02-22T23:33:57.430Z","v":0,"logId":"019c87b3-dc36-7c07-a0a7-d263d7c34dab"}
{"name":"worker","pid":1039,"phase":"RUN_GRADLEW","buildId":"d34559e7-5aef-408c-957f-09a8febd42b4","source":"stdout","level":30,"msg":"> Task :expo-file-system:packageReleaseResources","time":"2026-02-22T23:33:57.628Z","v":0,"logId":"019c87b3-dcfc-7a21-b4df-283a6481cca8"}
{"name":"worker","pid":1039,"phase":"RUN_GRADLEW","buildId":"d34559e7-5aef-408c-957f-09a8febd42b4","source":"stdout","level":30,"msg":"> Task :expo-modules-core:packageReleaseResources","time":"2026-02-22T23:33:57.628Z","v":0,"logId":"019c87b3-dcfc-7a21-b4df-283b00728860"}
{"name":"worker","pid":1039,"phase":"RUN_GRADLEW","buildId":"d34559e7-5aef-408c-957f-09a8febd42b4","source":"stdout","level":30,"msg":"> Task :expo-application:packageReleaseResources","time":"2026-02-22T23:33:57.628Z","v":0,"logId":"019c87b3-dcfc-7a21-b4df-283c751c5856"}
{"name":"worker","pid":1039,"phase":"RUN_GRADLEW","buildId":"d34559e7-5aef-408c-957f-09a8febd42b4","source":"stdout","level":30,"msg":"> Task :expo-crypto:packageReleaseResources","time":"2026-02-22T23:33:57.628Z","v":0,"logId":"019c87b3-dcfc-7a21-b4df-283dd78d6783"}
{"name":"worker","pid":1039,"phase":"RUN_GRADLEW","buildId":"d34559e7-5aef-408c-957f-09a8febd42b4","source":"stdout","level":30,"msg":"> Task :expo-constants:createExpoConfig","time":"2026-02-22T23:33:57.628Z","v":0,"logId":"019c87b3-dcfc-7a21-b4df-283e2f0dbfb0"}
{"name":"worker","pid":1039,"phase":"RUN_GRADLEW","buildId":"d34559e7-5aef-408c-957f-09a8febd42b4","source":"stdout","level":30,"msg":"> Task :expo-constants:preBuild","time":"2026-02-22T23:33:57.628Z","v":0,"logId":"019c87b3-dcfc-7a21-b4df-283fbc26be83"}
{"name":"worker","pid":1039,"phase":"RUN_GRADLEW","buildId":"d34559e7-5aef-408c-957f-09a8febd42b4","source":"stdout","level":30,"msg":"> Task :expo-constants:preReleaseBuild","time":"2026-02-22T23:33:57.628Z","v":0,"logId":"019c87b3-dcfc-7a21-b4df-28401205b447"}
{"name":"worker","pid":1039,"phase":"RUN_GRADLEW","buildId":"d34559e7-5aef-408c-957f-09a8febd42b4","source":"stdout","level":30,"msg":"> Task :expo-constants:generateReleaseBuildConfig","time":"2026-02-22T23:33:57.628Z","v":0,"logId":"019c87b3-dcfc-7a21-b4df-2841de0396d4"}
{"name":"worker","pid":1039,"phase":"RUN_GRADLEW","buildId":"d34559e7-5aef-408c-957f-09a8febd42b4","source":"stdout","level":30,"msg":"> Task :expo-constants:generateReleaseResValues","time":"2026-02-22T23:33:57.628Z","v":0,"logId":"019c87b3-dcfc-7a21-b4df-28426c6c67fe"}
{"name":"worker","pid":1039,"phase":"RUN_GRADLEW","buildId":"d34559e7-5aef-408c-957f-09a8febd42b4","source":"stdout","level":30,"msg":"> Task :expo-constants:generateReleaseResources","time":"2026-02-22T23:33:57.628Z","v":0,"logId":"019c87b3-dcfc-7a21-b4df-2843577fa5d3"}
{"name":"worker","pid":1039,"phase":"RUN_GRADLEW","buildId":"d34559e7-5aef-408c-957f-09a8febd42b4","source":"stdout","level":30,"msg":"> Task :expo-constants:packageReleaseResources","time":"2026-02-22T23:33:57.628Z","v":0,"logId":"019c87b3-dcfc-7a21-b4df-2844cc8520f8"}
{"name":"worker","pid":1039,"phase":"RUN_GRADLEW","buildId":"d34559e7-5aef-408c-957f-09a8febd42b4","source":"stdout","level":30,"msg":"> Task :expo:generateExpoModulesPackageList","time":"2026-02-22T23:33:57.927Z","v":0,"logId":"019c87b3-de28-79d8-acf9-bc3b56c23b20"}
{"name":"worker","pid":1039,"phase":"RUN_GRADLEW","buildId":"d34559e7-5aef-408c-957f-09a8febd42b4","source":"stdout","level":30,"msg":"> Task :expo:preBuild","time":"2026-02-22T23:33:57.928Z","v":0,"logId":"019c87b3-de28-79d8-acf9-bc3cfbdd042c"}
{"name":"worker","pid":1039,"phase":"RUN_GRADLEW","buildId":"d34559e7-5aef-408c-957f-09a8febd42b4","source":"stdout","level":30,"msg":"> Task :expo:preReleaseBuild","time":"2026-02-22T23:33:57.928Z","v":0,"logId":"019c87b3-de28-79d8-acf9-bc3d08885a68"}
{"name":"worker","pid":1039,"phase":"RUN_GRADLEW","buildId":"d34559e7-5aef-408c-957f-09a8febd42b4","source":"stdout","level":30,"msg":"> Task :expo:mergeReleaseJniLibFolders","time":"2026-02-22T23:33:58.028Z","v":0,"logId":"019c87b3-de8c-785c-af77-ccfd083dce38"}
{"name":"worker","pid":1039,"phase":"RUN_GRADLEW","buildId":"d34559e7-5aef-408c-957f-09a8febd42b4","source":"stdout","level":30,"msg":"> Task :expo:mergeReleaseNativeLibs NO-SOURCE","time":"2026-02-22T23:33:58.028Z","v":0,"logId":"019c87b3-de8c-785c-af77-ccfeb115c840"}
{"name":"worker","pid":1039,"phase":"RUN_GRADLEW","buildId":"d34559e7-5aef-408c-957f-09a8febd42b4","source":"stdout","level":30,"msg":"> Task :expo:stripReleaseDebugSymbols NO-SOURCE","time":"2026-02-22T23:33:58.028Z","v":0,"logId":"019c87b3-de8c-785c-af77-ccff4f1ff608"}
{"name":"worker","pid":1039,"phase":"RUN_GRADLEW","buildId":"d34559e7-5aef-408c-957f-09a8febd42b4","source":"stdout","level":30,"msg":"> Task :expo-constants:parseReleaseLocalResources","time":"2026-02-22T23:33:58.128Z","v":0,"logId":"019c87b3-def0-714f-b12a-731b6edd4779"}
{"name":"worker","pid":1039,"phase":"RUN_GRADLEW","buildId":"d34559e7-5aef-408c-957f-09a8febd42b4","source":"stdout","level":30,"msg":"> Task :expo-modules-core:parseReleaseLocalResources","time":"2026-02-22T23:33:58.128Z","v":0,"logId":"019c87b3-def0-714f-b12a-731c35f380af"}
{"name":"worker","pid":1039,"phase":"RUN_GRADLEW","buildId":"d34559e7-5aef-408c-957f-09a8febd42b4","source":"stdout","level":30,"msg":"> Task :expo:generateReleaseResValues","time":"2026-02-22T23:33:58.130Z","v":0,"logId":"019c87b3-def2-7802-b794-2c157a19a11e"}
{"name":"worker","pid":1039,"phase":"RUN_GRADLEW","buildId":"d34559e7-5aef-408c-957f-09a8febd42b4","source":"stdout","level":30,"msg":"> Task :expo:extractDeepLinksForAarRelease","time":"2026-02-22T23:33:58.130Z","v":0,"logId":"019c87b3-def2-7802-b794-2c1651f46bd4"}
{"name":"worker","pid":1039,"phase":"RUN_GRADLEW","buildId":"d34559e7-5aef-408c-957f-09a8febd42b4","source":"stdout","level":30,"msg":"> Task :expo:generateReleaseBuildConfig","time":"2026-02-22T23:33:58.130Z","v":0,"logId":"019c87b3-def2-7802-b794-2c175649f6eb"}
{"name":"worker","pid":1039,"phase":"RUN_GRADLEW","buildId":"d34559e7-5aef-408c-957f-09a8febd42b4","source":"stdout","level":30,"msg":"> Task :expo:generateReleaseResources","time":"2026-02-22T23:33:58.130Z","v":0,"logId":"019c87b3-def2-7802-b794-2c18d681a9f8"}
{"name":"worker","pid":1039,"phase":"RUN_GRADLEW","buildId":"d34559e7-5aef-408c-957f-09a8febd42b4","source":"stdout","level":30,"msg":"> Task :expo:packageReleaseResources","time":"2026-02-22T23:33:58.130Z","v":0,"logId":"019c87b3-def2-7802-b794-2c19ff980259"}
{"name":"worker","pid":1039,"phase":"RUN_GRADLEW","buildId":"d34559e7-5aef-408c-957f-09a8febd42b4","source":"stdout","level":30,"msg":"> Task :expo-crypto:parseReleaseLocalResources","time":"2026-02-22T23:33:58.230Z","v":0,"logId":"019c87b3-df56-7e92-95c6-4de19325ed86"}
{"name":"worker","pid":1039,"phase":"RUN_GRADLEW","buildId":"d34559e7-5aef-408c-957f-09a8febd42b4","source":"stdout","level":30,"msg":"> Task :expo:parseReleaseLocalResources","time":"2026-02-22T23:33:58.230Z","v":0,"logId":"019c87b3-df56-7e92-95c6-4de24203c460"}
{"name":"worker","pid":1039,"phase":"RUN_GRADLEW","buildId":"d34559e7-5aef-408c-957f-09a8febd42b4","source":"stdout","level":30,"msg":"> Task :expo-application:parseReleaseLocalResources","time":"2026-02-22T23:33:58.230Z","v":0,"logId":"019c87b3-df56-7e92-95c6-4de39745caf4"}
{"name":"worker","pid":1039,"phase":"RUN_GRADLEW","buildId":"d34559e7-5aef-408c-957f-09a8febd42b4","source":"stdout","level":30,"msg":"> Task :expo-application:processReleaseManifest","time":"2026-02-22T23:33:58.230Z","v":0,"logId":"019c87b3-df56-7e92-95c6-4de4342338ed"}
{"name":"worker","pid":1039,"phase":"RUN_GRADLEW","buildId":"d34559e7-5aef-408c-957f-09a8febd42b4","source":"stdout","level":30,"msg":"> Task :expo-application:generateReleaseRFile","time":"2026-02-22T23:33:58.327Z","v":0,"logId":"019c87b3-dfb7-733e-85a2-a6a4f4d7998f"}
{"name":"worker","pid":1039,"phase":"RUN_GRADLEW","buildId":"d34559e7-5aef-408c-957f-09a8febd42b4","source":"stdout","level":30,"msg":"> Task :expo-application:javaPreCompileRelease","time":"2026-02-22T23:33:58.328Z","v":0,"logId":"019c87b3-dfb8-72ef-a65f-cb97874f3f81"}
{"name":"worker","pid":1039,"phase":"RUN_GRADLEW","buildId":"d34559e7-5aef-408c-957f-09a8febd42b4","source":"stdout","level":30,"msg":"> Task :expo-constants:processReleaseManifest","time":"2026-02-22T23:33:58.427Z","v":0,"logId":"019c87b3-e01b-7ad5-9ace-ea7e06603f9b"}
{"name":"worker","pid":1039,"phase":"RUN_GRADLEW","buildId":"d34559e7-5aef-408c-957f-09a8febd42b4","source":"stdout","level":30,"msg":"> Task :expo-modules-core:processReleaseManifest","time":"2026-02-22T23:33:58.428Z","v":0,"logId":"019c87b3-e01c-71df-874f-beca041cb676"}
{"name":"worker","pid":1039,"phase":"RUN_GRADLEW","buildId":"d34559e7-5aef-408c-957f-09a8febd42b4","source":"stdout","level":30,"msg":"/home/expo/workingdir/build/mobile/node_modules/expo-modules-core/android/src/main/AndroidManifest.xml:8:9-11:45 Warning:","time":"2026-02-22T23:33:58.428Z","v":0,"logId":"019c87b3-e01c-71df-874f-becb01b08ec0"}
{"name":"worker","pid":1039,"phase":"RUN_GRADLEW","buildId":"d34559e7-5aef-408c-957f-09a8febd42b4","source":"stdout","level":30,"msg":"\tmeta-data#com.facebook.soloader.enabled@android:value was tagged at AndroidManifest.xml:8 to replace other declarations but no other declaration present","time":"2026-02-22T23:33:58.428Z","v":0,"logId":"019c87b3-e01c-71df-874f-beccdee88c4d"}
{"name":"worker","pid":1039,"phase":"RUN_GRADLEW","buildId":"d34559e7-5aef-408c-957f-09a8febd42b4","source":"stdout","level":30,"msg":"> Task :expo-modules-core:javaPreCompileRelease","time":"2026-02-22T23:33:58.428Z","v":0,"logId":"019c87b3-e01c-71df-874f-becdcf420a04"}
{"name":"worker","pid":1039,"phase":"RUN_GRADLEW","buildId":"d34559e7-5aef-408c-957f-09a8febd42b4","source":"stdout","level":30,"msg":"> Task :expo-constants:javaPreCompileRelease","time":"2026-02-22T23:33:58.428Z","v":0,"logId":"019c87b3-e01c-71df-874f-bece5d73574f"}
{"name":"worker","pid":1039,"phase":"RUN_GRADLEW","buildId":"d34559e7-5aef-408c-957f-09a8febd42b4","source":"stdout","level":30,"msg":"> Task :expo-modules-core:generateReleaseRFile","time":"2026-02-22T23:33:58.527Z","v":0,"logId":"019c87b3-e080-7db7-9dd6-782b46876ae9"}
{"name":"worker","pid":1039,"phase":"RUN_GRADLEW","buildId":"d34559e7-5aef-408c-957f-09a8febd42b4","source":"stdout","level":30,"msg":"> Task :expo-crypto:javaPreCompileRelease","time":"2026-02-22T23:33:58.528Z","v":0,"logId":"019c87b3-e080-7db7-9dd6-782c4858facf"}
{"name":"worker","pid":1039,"phase":"RUN_GRADLEW","buildId":"d34559e7-5aef-408c-957f-09a8febd42b4","source":"stdout","level":30,"msg":"> Task :expo:copyReleaseJniLibsProjectAndLocalJars","time":"2026-02-22T23:33:58.528Z","v":0,"logId":"019c87b3-e080-7db7-9dd6-782db0a16e9a"}
{"name":"worker","pid":1039,"phase":"RUN_GRADLEW","buildId":"d34559e7-5aef-408c-957f-09a8febd42b4","source":"stdout","level":30,"msg":"> Task :expo-constants:generateReleaseRFile","time":"2026-02-22T23:33:58.629Z","v":0,"logId":"019c87b3-e0e5-7184-87ee-6373d814937a"}
{"name":"worker","pid":1039,"phase":"RUN_GRADLEW","buildId":"d34559e7-5aef-408c-957f-09a8febd42b4","source":"stdout","level":30,"msg":"> Task :expo-font:preBuild UP-TO-DATE","time":"2026-02-22T23:33:58.629Z","v":0,"logId":"019c87b3-e0e5-7184-87ee-6374b24e899a"}
{"name":"worker","pid":1039,"phase":"RUN_GRADLEW","buildId":"d34559e7-5aef-408c-957f-09a8febd42b4","source":"stdout","level":30,"msg":"> Task :expo-font:preReleaseBuild UP-TO-DATE","time":"2026-02-22T23:33:58.629Z","v":0,"logId":"019c87b3-e0e5-7184-87ee-63750849ec87"}
{"name":"worker","pid":1039,"phase":"RUN_GRADLEW","buildId":"d34559e7-5aef-408c-957f-09a8febd42b4","source":"stdout","level":30,"msg":"> Task :expo-font:generateReleaseBuildConfig","time":"2026-02-22T23:33:58.629Z","v":0,"logId":"019c87b3-e0e5-7184-87ee-63766f3a44e3"}
{"name":"worker","pid":1039,"phase":"RUN_GRADLEW","buildId":"d34559e7-5aef-408c-957f-09a8febd42b4","source":"stdout","level":30,"msg":"> Task :expo-font:generateReleaseResValues","time":"2026-02-22T23:33:58.629Z","v":0,"logId":"019c87b3-e0e5-7184-87ee-6377ef9a4f8c"}
{"name":"worker","pid":1039,"phase":"RUN_GRADLEW","buildId":"d34559e7-5aef-408c-957f-09a8febd42b4","source":"stdout","level":30,"msg":"> Task :expo-font:generateReleaseResources","time":"2026-02-22T23:33:58.629Z","v":0,"logId":"019c87b3-e0e5-7184-87ee-637871f1452f"}
{"name":"worker","pid":1039,"phase":"RUN_GRADLEW","buildId":"d34559e7-5aef-408c-957f-09a8febd42b4","source":"stdout","level":30,"msg":"> Task :expo-font:packageReleaseResources","time":"2026-02-22T23:33:58.629Z","v":0,"logId":"019c87b3-e0e5-7184-87ee-63798ed7a8dc"}
{"name":"worker","pid":1039,"phase":"RUN_GRADLEW","buildId":"d34559e7-5aef-408c-957f-09a8febd42b4","source":"stdout","level":30,"msg":"> Task :expo:processReleaseManifest","time":"2026-02-22T23:33:58.629Z","v":0,"logId":"019c87b3-e0e5-7184-87ee-637af16aa204"}
{"name":"worker","pid":1039,"phase":"RUN_GRADLEW","buildId":"d34559e7-5aef-408c-957f-09a8febd42b4","source":"stdout","level":30,"msg":"> Task :expo-file-system:parseReleaseLocalResources","time":"2026-02-22T23:33:58.629Z","v":0,"logId":"019c87b3-e0e5-7184-87ee-637b86f22053"}
{"name":"worker","pid":1039,"phase":"RUN_GRADLEW","buildId":"d34559e7-5aef-408c-957f-09a8febd42b4","source":"stdout","level":30,"msg":"> Task :expo-file-system:javaPreCompileRelease","time":"2026-02-22T23:33:58.629Z","v":0,"logId":"019c87b3-e0e5-7184-87ee-637c34bb64b1"}
{"name":"worker","pid":1039,"phase":"RUN_GRADLEW","buildId":"d34559e7-5aef-408c-957f-09a8febd42b4","source":"stdout","level":30,"msg":"> Task :expo-keep-awake:preBuild UP-TO-DATE","time":"2026-02-22T23:33:58.629Z","v":0,"logId":"019c87b3-e0e5-7184-87ee-637dfc54013f"}
{"name":"worker","pid":1039,"phase":"RUN_GRADLEW","buildId":"d34559e7-5aef-408c-957f-09a8febd42b4","source":"stdout","level":30,"msg":"> Task :expo-keep-awake:preReleaseBuild UP-TO-DATE","time":"2026-02-22T23:33:58.629Z","v":0,"logId":"019c87b3-e0e5-7184-87ee-637efdb615f0"}
{"name":"worker","pid":1039,"phase":"RUN_GRADLEW","buildId":"d34559e7-5aef-408c-957f-09a8febd42b4","source":"stdout","level":30,"msg":"> Task :expo-font:parseReleaseLocalResources","time":"2026-02-22T23:33:58.629Z","v":0,"logId":"019c87b3-e0e5-7184-87ee-637fd4422ff2"}
{"name":"worker","pid":1039,"phase":"RUN_GRADLEW","buildId":"d34559e7-5aef-408c-957f-09a8febd42b4","source":"stdout","level":30,"msg":"> Task :expo-keep-awake:generateReleaseBuildConfig","time":"2026-02-22T23:33:58.629Z","v":0,"logId":"019c87b3-e0e5-7184-87ee-6380e7e7a7b3"}
{"name":"worker","pid":1039,"phase":"RUN_GRADLEW","buildId":"d34559e7-5aef-408c-957f-09a8febd42b4","source":"stdout","level":30,"msg":"> Task :expo:generateReleaseRFile","time":"2026-02-22T23:33:58.629Z","v":0,"logId":"019c87b3-e0e5-7184-87ee-63817bf81ad9"}
{"name":"worker","pid":1039,"phase":"RUN_GRADLEW","buildId":"d34559e7-5aef-408c-957f-09a8febd42b4","source":"stdout","level":30,"msg":"> Task :expo-linear-gradient:preBuild UP-TO-DATE","time":"2026-02-22T23:33:58.629Z","v":0,"logId":"019c87b3-e0e5-7184-87ee-63826bca53e8"}
{"name":"worker","pid":1039,"phase":"RUN_GRADLEW","buildId":"d34559e7-5aef-408c-957f-09a8febd42b4","source":"stdout","level":30,"msg":"> Task :expo-linear-gradient:preReleaseBuild UP-TO-DATE","time":"2026-02-22T23:33:58.629Z","v":0,"logId":"019c87b3-e0e5-7184-87ee-638335871f45"}
{"name":"worker","pid":1039,"phase":"RUN_GRADLEW","buildId":"d34559e7-5aef-408c-957f-09a8febd42b4","source":"stdout","level":30,"msg":"> Task :expo-keep-awake:generateReleaseResValues","time":"2026-02-22T23:33:58.629Z","v":0,"logId":"019c87b3-e0e5-7184-87ee-638432fa757b"}
{"name":"worker","pid":1039,"phase":"RUN_GRADLEW","buildId":"d34559e7-5aef-408c-957f-09a8febd42b4","source":"stdout","level":30,"msg":"> Task :expo-keep-awake:generateReleaseResources","time":"2026-02-22T23:33:58.629Z","v":0,"logId":"019c87b3-e0e5-7184-87ee-63858dfbdc79"}
{"name":"worker","pid":1039,"phase":"RUN_GRADLEW","buildId":"d34559e7-5aef-408c-957f-09a8febd42b4","source":"stdout","level":30,"msg":"> Task :expo-linear-gradient:generateReleaseBuildConfig","time":"2026-02-22T23:33:58.629Z","v":0,"logId":"019c87b3-e0e5-7184-87ee-638663d4ea1c"}
{"name":"worker","pid":1039,"phase":"RUN_GRADLEW","buildId":"d34559e7-5aef-408c-957f-09a8febd42b4","source":"stdout","level":30,"msg":"> Task :expo-font:processReleaseManifest","time":"2026-02-22T23:33:58.629Z","v":0,"logId":"019c87b3-e0e5-7184-87ee-6387a8b7ee6c"}
{"name":"worker","pid":1039,"phase":"RUN_GRADLEW","buildId":"d34559e7-5aef-408c-957f-09a8febd42b4","source":"stdout","level":30,"msg":"> Task :expo-font:javaPreCompileRelease","time":"2026-02-22T23:33:58.629Z","v":0,"logId":"019c87b3-e0e5-7184-87ee-6388d1da830f"}
{"name":"worker","pid":1039,"phase":"RUN_GRADLEW","buildId":"d34559e7-5aef-408c-957f-09a8febd42b4","source":"stdout","level":30,"msg":"> Task :expo-linear-gradient:generateReleaseResValues","time":"2026-02-22T23:33:58.629Z","v":0,"logId":"019c87b3-e0e5-7184-87ee-63892d680c01"}
{"name":"worker","pid":1039,"phase":"RUN_GRADLEW","buildId":"d34559e7-5aef-408c-957f-09a8febd42b4","source":"stdout","level":30,"msg":"> Task :expo-linear-gradient:generateReleaseResources","time":"2026-02-22T23:33:58.629Z","v":0,"logId":"019c87b3-e0e5-7184-87ee-638a90cbef5d"}
{"name":"worker","pid":1039,"phase":"RUN_GRADLEW","buildId":"d34559e7-5aef-408c-957f-09a8febd42b4","source":"stdout","level":30,"msg":"> Task :expo-crypto:processReleaseManifest","time":"2026-02-22T23:33:58.630Z","v":0,"logId":"019c87b3-e0e6-7e98-b399-2ba2fdd95b1c"}
{"name":"worker","pid":1039,"phase":"RUN_GRADLEW","buildId":"d34559e7-5aef-408c-957f-09a8febd42b4","source":"stdout","level":30,"msg":"> Task :expo-secure-store:preBuild UP-TO-DATE","time":"2026-02-22T23:33:58.630Z","v":0,"logId":"019c87b3-e0e6-7e98-b399-2ba3b67778a9"}
{"name":"worker","pid":1039,"phase":"RUN_GRADLEW","buildId":"d34559e7-5aef-408c-957f-09a8febd42b4","source":"stdout","level":30,"msg":"> Task :expo-secure-store:preReleaseBuild UP-TO-DATE","time":"2026-02-22T23:33:58.630Z","v":0,"logId":"019c87b3-e0e6-7e98-b399-2ba49c7c6912"}
{"name":"worker","pid":1039,"phase":"RUN_GRADLEW","buildId":"d34559e7-5aef-408c-957f-09a8febd42b4","source":"stdout","level":30,"msg":"> Task :expo-secure-store:generateReleaseBuildConfig","time":"2026-02-22T23:33:58.630Z","v":0,"logId":"019c87b3-e0e6-7e98-b399-2ba55664b1ac"}
{"name":"worker","pid":1039,"phase":"RUN_GRADLEW","buildId":"d34559e7-5aef-408c-957f-09a8febd42b4","source":"stdout","level":30,"msg":"> Task :expo-file-system:processReleaseManifest","time":"2026-02-22T23:33:58.630Z","v":0,"logId":"019c87b3-e0e6-7e98-b399-2ba6dfa3eb20"}
{"name":"worker","pid":1039,"phase":"RUN_GRADLEW","buildId":"d34559e7-5aef-408c-957f-09a8febd42b4","source":"stdout","level":30,"msg":"/home/expo/workingdir/build/mobile/node_modules/expo-file-system/android/src/main/AndroidManifest.xml:6:9-8:20 Warning:","time":"2026-02-22T23:33:58.630Z","v":0,"logId":"019c87b3-e0e6-7e98-b399-2ba70214b2e0"}
{"name":"worker","pid":1039,"phase":"RUN_GRADLEW","buildId":"d34559e7-5aef-408c-957f-09a8febd42b4","source":"stdout","level":30,"msg":"\tprovider#expo.modules.filesystem.FileSystemFileProvider@android:authorities was tagged at AndroidManifest.xml:6 to replace other declarations but no other declaration present","time":"2026-02-22T23:33:58.630Z","v":0,"logId":"019c87b3-e0e6-7e98-b399-2ba8c531b293"}
{"name":"worker","pid":1039,"phase":"RUN_GRADLEW","buildId":"d34559e7-5aef-408c-957f-09a8febd42b4","source":"stdout","level":30,"msg":"> Task :expo-linear-gradient:packageReleaseResources","time":"2026-02-22T23:33:58.630Z","v":0,"logId":"019c87b3-e0e6-7e98-b399-2ba94328cb23"}
{"name":"worker","pid":1039,"phase":"RUN_GRADLEW","buildId":"d34559e7-5aef-408c-957f-09a8febd42b4","source":"stdout","level":30,"msg":"> Task :expo-keep-awake:packageReleaseResources","time":"2026-02-22T23:33:58.630Z","v":0,"logId":"019c87b3-e0e6-7e98-b399-2baae2cebb60"}
{"name":"worker","pid":1039,"phase":"RUN_GRADLEW","buildId":"d34559e7-5aef-408c-957f-09a8febd42b4","source":"stdout","level":30,"msg":"> Task :expo-secure-store:generateReleaseResValues","time":"2026-02-22T23:33:58.630Z","v":0,"logId":"019c87b3-e0e6-7e98-b399-2bab14bb1a41"}
{"name":"worker","pid":1039,"phase":"RUN_GRADLEW","buildId":"d34559e7-5aef-408c-957f-09a8febd42b4","source":"stdout","level":30,"msg":"> Task :expo-secure-store:generateReleaseResources","time":"2026-02-22T23:33:58.630Z","v":0,"logId":"019c87b3-e0e6-7e98-b399-2bacf8ed04b7"}
{"name":"worker","pid":1039,"phase":"RUN_GRADLEW","buildId":"d34559e7-5aef-408c-957f-09a8febd42b4","source":"stdout","level":30,"msg":"> Task :expo-file-system:generateReleaseRFile","time":"2026-02-22T23:33:58.630Z","v":0,"logId":"019c87b3-e0e6-7e98-b399-2bad445932c4"}
{"name":"worker","pid":1039,"phase":"RUN_GRADLEW","buildId":"d34559e7-5aef-408c-957f-09a8febd42b4","source":"stdout","level":30,"msg":"> Task :expo-linear-gradient:parseReleaseLocalResources","time":"2026-02-22T23:33:58.630Z","v":0,"logId":"019c87b3-e0e6-7e98-b399-2bae7aefdb40"}
{"name":"worker","pid":1039,"phase":"RUN_GRADLEW","buildId":"d34559e7-5aef-408c-957f-09a8febd42b4","source":"stdout","level":30,"msg":"> Task :expo-keep-awake:parseReleaseLocalResources","time":"2026-02-22T23:33:58.630Z","v":0,"logId":"019c87b3-e0e6-7e98-b399-2baf9715ecc6"}
{"name":"worker","pid":1039,"phase":"RUN_GRADLEW","buildId":"d34559e7-5aef-408c-957f-09a8febd42b4","source":"stdout","level":30,"msg":"> Task :expo-web-browser:preBuild UP-TO-DATE","time":"2026-02-22T23:33:58.630Z","v":0,"logId":"019c87b3-e0e6-7e98-b399-2bb0560d80ca"}
{"name":"worker","pid":1039,"phase":"RUN_GRADLEW","buildId":"d34559e7-5aef-408c-957f-09a8febd42b4","source":"stdout","level":30,"msg":"> Task :expo-web-browser:preReleaseBuild UP-TO-DATE","time":"2026-02-22T23:33:58.630Z","v":0,"logId":"019c87b3-e0e6-7e98-b399-2bb19b7c5b55"}
{"name":"worker","pid":1039,"phase":"RUN_GRADLEW","buildId":"d34559e7-5aef-408c-957f-09a8febd42b4","source":"stdout","level":30,"msg":"> Task :expo-web-browser:generateReleaseBuildConfig","time":"2026-02-22T23:33:58.727Z","v":0,"logId":"019c87b3-e148-78ef-bdb8-1676d5579736"}
{"name":"worker","pid":1039,"phase":"RUN_GRADLEW","buildId":"d34559e7-5aef-408c-957f-09a8febd42b4","source":"stdout","level":30,"msg":"> Task :expo-secure-store:packageReleaseResources","time":"2026-02-22T23:33:58.728Z","v":0,"logId":"019c87b3-e148-78ef-bdb8-1677cf8c63b2"}
{"name":"worker","pid":1039,"phase":"RUN_GRADLEW","buildId":"d34559e7-5aef-408c-957f-09a8febd42b4","source":"stdout","level":30,"msg":"> Task :expo-crypto:generateReleaseRFile","time":"2026-02-22T23:33:58.728Z","v":0,"logId":"019c87b3-e148-78ef-bdb8-16782d9e31ab"}
{"name":"worker","pid":1039,"phase":"RUN_GRADLEW","buildId":"d34559e7-5aef-408c-957f-09a8febd42b4","source":"stdout","level":30,"msg":"> Task :expo-font:generateReleaseRFile","time":"2026-02-22T23:33:58.728Z","v":0,"logId":"019c87b3-e148-78ef-bdb8-16790998e691"}
{"name":"worker","pid":1039,"phase":"RUN_GRADLEW","buildId":"d34559e7-5aef-408c-957f-09a8febd42b4","source":"stdout","level":30,"msg":"> Task :expo-secure-store:parseReleaseLocalResources","time":"2026-02-22T23:33:58.728Z","v":0,"logId":"019c87b3-e148-78ef-bdb8-167a7fb65427"}
{"name":"worker","pid":1039,"phase":"RUN_GRADLEW","buildId":"d34559e7-5aef-408c-957f-09a8febd42b4","source":"stdout","level":30,"msg":"> Task :expo-linear-gradient:processReleaseManifest","time":"2026-02-22T23:33:58.728Z","v":0,"logId":"019c87b3-e148-78ef-bdb8-167b978b2e5e"}
{"name":"worker","pid":1039,"phase":"RUN_GRADLEW","buildId":"d34559e7-5aef-408c-957f-09a8febd42b4","source":"stdout","level":30,"msg":"> Task :expo-linear-gradient:javaPreCompileRelease","time":"2026-02-22T23:33:58.827Z","v":0,"logId":"019c87b3-e1ac-7305-8e8f-7e186ea96a01"}
{"name":"worker","pid":1039,"phase":"RUN_GRADLEW","buildId":"d34559e7-5aef-408c-957f-09a8febd42b4","source":"stdout","level":30,"msg":"> Task :expo-web-browser:generateReleaseResValues","time":"2026-02-22T23:33:58.828Z","v":0,"logId":"019c87b3-e1ac-7305-8e8f-7e19cd4114b7"}
{"name":"worker","pid":1039,"phase":"RUN_GRADLEW","buildId":"d34559e7-5aef-408c-957f-09a8febd42b4","source":"stdout","level":30,"msg":"> Task :expo-web-browser:generateReleaseResources","time":"2026-02-22T23:33:58.828Z","v":0,"logId":"019c87b3-e1ac-7305-8e8f-7e1a258e78cf"}
{"name":"worker","pid":1039,"phase":"RUN_GRADLEW","buildId":"d34559e7-5aef-408c-957f-09a8febd42b4","source":"stdout","level":30,"msg":"> Task :expo-secure-store:javaPreCompileRelease","time":"2026-02-22T23:33:58.828Z","v":0,"logId":"019c87b3-e1ac-7305-8e8f-7e1bf5bd9cdc"}
{"name":"worker","pid":1039,"phase":"RUN_GRADLEW","buildId":"d34559e7-5aef-408c-957f-09a8febd42b4","source":"stdout","level":30,"msg":"> Task :expo-web-browser:packageReleaseResources","time":"2026-02-22T23:33:58.828Z","v":0,"logId":"019c87b3-e1ac-7305-8e8f-7e1ce010e7cb"}
{"name":"worker","pid":1039,"phase":"RUN_GRADLEW","buildId":"d34559e7-5aef-408c-957f-09a8febd42b4","source":"stdout","level":30,"msg":"> Task :expo:javaPreCompileRelease","time":"2026-02-22T23:33:58.828Z","v":0,"logId":"019c87b3-e1ac-7305-8e8f-7e1d22b22300"}
{"name":"worker","pid":1039,"phase":"RUN_GRADLEW","buildId":"d34559e7-5aef-408c-957f-09a8febd42b4","source":"stdout","level":30,"msg":"> Task :expo-modules-core$android-annotation:processResources NO-SOURCE","time":"2026-02-22T23:33:58.929Z","v":0,"logId":"019c87b3-e211-7d51-ac5b-4f3c4558b66d"}
{"name":"worker","pid":1039,"phase":"RUN_GRADLEW","buildId":"d34559e7-5aef-408c-957f-09a8febd42b4","source":"stdout","level":30,"msg":"> Task :expo-keep-awake:javaPreCompileRelease","time":"2026-02-22T23:33:58.929Z","v":0,"logId":"019c87b3-e211-7d51-ac5b-4f3d940b8b04"}
{"name":"worker","pid":1039,"phase":"RUN_GRADLEW","buildId":"d34559e7-5aef-408c-957f-09a8febd42b4","source":"stdout","level":30,"msg":"> Task :expo-secure-store:processReleaseManifest","time":"2026-02-22T23:33:58.929Z","v":0,"logId":"019c87b3-e212-75ec-896f-5708c5618e7b"}
{"name":"worker","pid":1039,"phase":"RUN_GRADLEW","buildId":"d34559e7-5aef-408c-957f-09a8febd42b4","source":"stdout","level":30,"msg":"> Task :expo-web-browser:javaPreCompileRelease","time":"2026-02-22T23:33:58.930Z","v":0,"logId":"019c87b3-e213-73cc-8f97-8d5d3f96e340"}
{"name":"worker","pid":1039,"phase":"RUN_GRADLEW","buildId":"d34559e7-5aef-408c-957f-09a8febd42b4","source":"stdout","level":30,"msg":"> Task :expo-keep-awake:processReleaseManifest","time":"2026-02-22T23:33:58.931Z","v":0,"logId":"019c87b3-e213-73cc-8f97-8d5ef627eb4d"}
{"name":"worker","pid":1039,"phase":"RUN_GRADLEW","buildId":"d34559e7-5aef-408c-957f-09a8febd42b4","source":"stdout","level":30,"msg":"> Task :expo:mergeReleaseShaders","time":"2026-02-22T23:33:58.931Z","v":0,"logId":"019c87b3-e213-73cc-8f97-8d5f0be9860c"}
{"name":"worker","pid":1039,"phase":"RUN_GRADLEW","buildId":"d34559e7-5aef-408c-957f-09a8febd42b4","source":"stdout","level":30,"msg":"> Task :expo-linear-gradient:generateReleaseRFile","time":"2026-02-22T23:33:58.931Z","v":0,"logId":"019c87b3-e213-73cc-8f97-8d6052c3c69c"}
{"name":"worker","pid":1039,"phase":"RUN_GRADLEW","buildId":"d34559e7-5aef-408c-957f-09a8febd42b4","source":"stdout","level":30,"msg":"> Task :expo-web-browser:processReleaseManifest","time":"2026-02-22T23:33:58.931Z","v":0,"logId":"019c87b3-e213-73cc-8f97-8d619e52d48f"}
{"name":"worker","pid":1039,"phase":"RUN_GRADLEW","buildId":"d34559e7-5aef-408c-957f-09a8febd42b4","source":"stdout","level":30,"msg":"> Task :expo-web-browser:parseReleaseLocalResources","time":"2026-02-22T23:33:58.931Z","v":0,"logId":"019c87b3-e213-73cc-8f97-8d62c5023e66"}
{"name":"worker","pid":1039,"phase":"RUN_GRADLEW","buildId":"d34559e7-5aef-408c-957f-09a8febd42b4","source":"stdout","level":30,"msg":"> Task :expo:compileReleaseShaders NO-SOURCE","time":"2026-02-22T23:33:58.931Z","v":0,"logId":"019c87b3-e213-73cc-8f97-8d6328f3aeed"}
{"name":"worker","pid":1039,"phase":"RUN_GRADLEW","buildId":"d34559e7-5aef-408c-957f-09a8febd42b4","source":"stdout","level":30,"msg":"> Task :expo:generateReleaseAssets UP-TO-DATE","time":"2026-02-22T23:33:58.931Z","v":0,"logId":"019c87b3-e213-73cc-8f97-8d644f119da1"}
{"name":"worker","pid":1039,"phase":"RUN_GRADLEW","buildId":"d34559e7-5aef-408c-957f-09a8febd42b4","source":"stdout","level":30,"msg":"> Task :react-native-safe-area-context:preBuild UP-TO-DATE","time":"2026-02-22T23:33:58.931Z","v":0,"logId":"019c87b3-e213-73cc-8f97-8d65a56d68f9"}
{"name":"worker","pid":1039,"phase":"RUN_GRADLEW","buildId":"d34559e7-5aef-408c-957f-09a8febd42b4","source":"stdout","level":30,"msg":"> Task :react-native-safe-area-context:preReleaseBuild UP-TO-DATE","time":"2026-02-22T23:33:58.931Z","v":0,"logId":"019c87b3-e213-73cc-8f97-8d66dd32c599"}
{"name":"worker","pid":1039,"phase":"RUN_GRADLEW","buildId":"d34559e7-5aef-408c-957f-09a8febd42b4","source":"stdout","level":30,"msg":"> Task :expo-secure-store:generateReleaseRFile","time":"2026-02-22T23:33:58.931Z","v":0,"logId":"019c87b3-e213-73cc-8f97-8d67be0beb03"}
{"name":"worker","pid":1039,"phase":"RUN_GRADLEW","buildId":"d34559e7-5aef-408c-957f-09a8febd42b4","source":"stdout","level":30,"msg":"> Task :react-native-screens:preBuild UP-TO-DATE","time":"2026-02-22T23:33:58.931Z","v":0,"logId":"019c87b3-e213-73cc-8f97-8d68b653a4c0"}
{"name":"worker","pid":1039,"phase":"RUN_GRADLEW","buildId":"d34559e7-5aef-408c-957f-09a8febd42b4","source":"stdout","level":30,"msg":"> Task :react-native-screens:preReleaseBuild UP-TO-DATE","time":"2026-02-22T23:33:58.931Z","v":0,"logId":"019c87b3-e213-73cc-8f97-8d69485df6f9"}
{"name":"worker","pid":1039,"phase":"RUN_GRADLEW","buildId":"d34559e7-5aef-408c-957f-09a8febd42b4","source":"stdout","level":30,"msg":"> Task :react-native-screens:mergeReleaseJniLibFolders","time":"2026-02-22T23:33:59.027Z","v":0,"logId":"019c87b3-e274-7717-8d21-4f6fd301a620"}
{"name":"worker","pid":1039,"phase":"RUN_GRADLEW","buildId":"d34559e7-5aef-408c-957f-09a8febd42b4","source":"stdout","level":30,"msg":"> Task :react-native-screens:mergeReleaseNativeLibs NO-SOURCE","time":"2026-02-22T23:33:59.028Z","v":0,"logId":"019c87b3-e274-7717-8d21-4f70aec8ef23"}
{"name":"worker","pid":1039,"phase":"RUN_GRADLEW","buildId":"d34559e7-5aef-408c-957f-09a8febd42b4","source":"stdout","level":30,"msg":"> Task :react-native-screens:stripReleaseDebugSymbols NO-SOURCE","time":"2026-02-22T23:33:59.028Z","v":0,"logId":"019c87b3-e274-7717-8d21-4f71975ad166"}
{"name":"worker","pid":1039,"phase":"RUN_GRADLEW","buildId":"d34559e7-5aef-408c-957f-09a8febd42b4","source":"stdout","level":30,"msg":"> Task :react-native-safe-area-context:mergeReleaseJniLibFolders","time":"2026-02-22T23:33:59.137Z","v":0,"logId":"019c87b3-e2e1-7492-995f-86240feac1db"}
{"name":"worker","pid":1039,"phase":"RUN_GRADLEW","buildId":"d34559e7-5aef-408c-957f-09a8febd42b4","source":"stdout","level":30,"msg":"> Task :react-native-safe-area-context:mergeReleaseNativeLibs NO-SOURCE","time":"2026-02-22T23:33:59.137Z","v":0,"logId":"019c87b3-e2e1-7492-995f-86253f9df454"}
{"name":"worker","pid":1039,"phase":"RUN_GRADLEW","buildId":"d34559e7-5aef-408c-957f-09a8febd42b4","source":"stdout","level":30,"msg":"> Task :react-native-safe-area-context:stripReleaseDebugSymbols NO-SOURCE","time":"2026-02-22T23:33:59.137Z","v":0,"logId":"019c87b3-e2e1-7492-995f-862614385aea"}
{"name":"worker","pid":1039,"phase":"RUN_GRADLEW","buildId":"d34559e7-5aef-408c-957f-09a8febd42b4","source":"stdout","level":30,"msg":"> Task :react-native-screens:copyReleaseJniLibsProjectAndLocalJars","time":"2026-02-22T23:33:59.137Z","v":0,"logId":"019c87b3-e2e1-7492-995f-8627f3aa82be"}
{"name":"worker","pid":1039,"phase":"RUN_GRADLEW","buildId":"d34559e7-5aef-408c-957f-09a8febd42b4","source":"stdout","level":30,"msg":"> Task :react-native-safe-area-context:generateReleaseResValues","time":"2026-02-22T23:33:59.137Z","v":0,"logId":"019c87b3-e2e1-7492-995f-8628cf78e9ad"}
{"name":"worker","pid":1039,"phase":"RUN_GRADLEW","buildId":"d34559e7-5aef-408c-957f-09a8febd42b4","source":"stdout","level":30,"msg":"> Task :react-native-safe-area-context:extractDeepLinksForAarRelease","time":"2026-02-22T23:33:59.137Z","v":0,"logId":"019c87b3-e2e1-7492-995f-8629f97e63f8"}
{"name":"worker","pid":1039,"phase":"RUN_GRADLEW","buildId":"d34559e7-5aef-408c-957f-09a8febd42b4","source":"stdout","level":30,"msg":"> Task :react-native-safe-area-context:generateReleaseBuildConfig","time":"2026-02-22T23:33:59.137Z","v":0,"logId":"019c87b3-e2e1-7492-995f-862a0cd23b51"}
{"name":"worker","pid":1039,"phase":"RUN_GRADLEW","buildId":"d34559e7-5aef-408c-957f-09a8febd42b4","source":"stdout","level":30,"msg":"> Task :react-native-safe-area-context:generateReleaseResources","time":"2026-02-22T23:33:59.137Z","v":0,"logId":"019c87b3-e2e1-7492-995f-862b56d46116"}
{"name":"worker","pid":1039,"phase":"RUN_GRADLEW","buildId":"d34559e7-5aef-408c-957f-09a8febd42b4","source":"stdout","level":30,"msg":"> Task :react-native-safe-area-context:packageReleaseResources","time":"2026-02-22T23:33:59.137Z","v":0,"logId":"019c87b3-e2e1-7492-995f-862c81649dd5"}
{"name":"worker","pid":1039,"phase":"RUN_GRADLEW","buildId":"d34559e7-5aef-408c-957f-09a8febd42b4","source":"stdout","level":30,"msg":"> Task :react-native-safe-area-context:parseReleaseLocalResources","time":"2026-02-22T23:33:59.137Z","v":0,"logId":"019c87b3-e2e1-7492-995f-862db09265d5"}
{"name":"worker","pid":1039,"phase":"RUN_GRADLEW","buildId":"d34559e7-5aef-408c-957f-09a8febd42b4","source":"stdout","level":30,"msg":"> Task :react-native-safe-area-context:processReleaseManifest","time":"2026-02-22T23:33:59.137Z","v":0,"logId":"019c87b3-e2e1-7492-995f-862e3ea28754"}
{"name":"worker","pid":1039,"phase":"RUN_GRADLEW","buildId":"d34559e7-5aef-408c-957f-09a8febd42b4","source":"stdout","level":30,"msg":"package=\"com.th3rdwave.safeareacontext\" found in source AndroidManifest.xml: /home/expo/workingdir/build/mobile/node_modules/react-native-safe-area-context/android/src/main/AndroidManifest.xml.","time":"2026-02-22T23:33:59.137Z","v":0,"logId":"019c87b3-e2e1-7492-995f-862fca4b5bc7"}
{"name":"worker","pid":1039,"phase":"RUN_GRADLEW","buildId":"d34559e7-5aef-408c-957f-09a8febd42b4","source":"stdout","level":30,"msg":"Setting the namespace via the package attribute in the source AndroidManifest.xml is no longer supported, and the value is ignored.","time":"2026-02-22T23:33:59.137Z","v":0,"logId":"019c87b3-e2e1-7492-995f-86309addf71c"}
{"name":"worker","pid":1039,"phase":"RUN_GRADLEW","buildId":"d34559e7-5aef-408c-957f-09a8febd42b4","source":"stdout","level":30,"msg":"Recommendation: remove package=\"com.th3rdwave.safeareacontext\" from the source AndroidManifest.xml: /home/expo/workingdir/build/mobile/node_modules/react-native-safe-area-context/android/src/main/AndroidManifest.xml.","time":"2026-02-22T23:33:59.137Z","v":0,"logId":"019c87b3-e2e1-7492-995f-8631fc6f795d"}
{"name":"worker","pid":1039,"phase":"RUN_GRADLEW","buildId":"d34559e7-5aef-408c-957f-09a8febd42b4","source":"stdout","level":30,"msg":"> Task :expo:packageReleaseAssets","time":"2026-02-22T23:33:59.227Z","v":0,"logId":"019c87b3-e33c-75d2-8a70-d4c53baddc17"}
{"name":"worker","pid":1039,"phase":"RUN_GRADLEW","buildId":"d34559e7-5aef-408c-957f-09a8febd42b4","source":"stdout","level":30,"msg":"> Task :react-native-safe-area-context:copyReleaseJniLibsProjectAndLocalJars","time":"2026-02-22T23:33:59.228Z","v":0,"logId":"019c87b3-e33c-75d2-8a70-d4c6daa1d5b9"}
{"name":"worker","pid":1039,"phase":"RUN_GRADLEW","buildId":"d34559e7-5aef-408c-957f-09a8febd42b4","source":"stdout","level":30,"msg":"> Task :expo:prepareReleaseArtProfile","time":"2026-02-22T23:33:59.228Z","v":0,"logId":"019c87b3-e33c-75d2-8a70-d4c7b15ce791"}
{"name":"worker","pid":1039,"phase":"RUN_GRADLEW","buildId":"d34559e7-5aef-408c-957f-09a8febd42b4","source":"stdout","level":30,"msg":"> Task :expo:writeReleaseAarMetadata","time":"2026-02-22T23:33:59.228Z","v":0,"logId":"019c87b3-e33c-75d2-8a70-d4c87644ffb3"}
{"name":"worker","pid":1039,"phase":"RUN_GRADLEW","buildId":"d34559e7-5aef-408c-957f-09a8febd42b4","source":"stdout","level":30,"msg":"> Task :react-native-safe-area-context:generateReleaseRFile","time":"2026-02-22T23:33:59.228Z","v":0,"logId":"019c87b3-e33c-75d2-8a70-d4c9b107550e"}
{"name":"worker","pid":1039,"phase":"RUN_GRADLEW","buildId":"d34559e7-5aef-408c-957f-09a8febd42b4","source":"stdout","level":30,"msg":"> Task :expo:prepareLintJarForPublish","time":"2026-02-22T23:33:59.427Z","v":0,"logId":"019c87b3-e403-7b76-9da5-5d08d58f07db"}
{"name":"worker","pid":1039,"phase":"RUN_GRADLEW","buildId":"d34559e7-5aef-408c-957f-09a8febd42b4","source":"stdout","level":30,"msg":"> Task :expo-modules-core$android-annotation:compileKotlin","time":"2026-02-22T23:33:59.527Z","v":0,"logId":"019c87b3-e467-7ea0-a051-db6e80972d3f"}
{"name":"worker","pid":1039,"phase":"RUN_GRADLEW","buildId":"d34559e7-5aef-408c-957f-09a8febd42b4","source":"stdout","level":30,"msg":"> Task :expo-keep-awake:generateReleaseRFile","time":"2026-02-22T23:33:59.827Z","v":0,"logId":"019c87b3-e593-73ab-bbcd-bb3872bb9fce"}
{"name":"worker","pid":1039,"phase":"RUN_GRADLEW","buildId":"d34559e7-5aef-408c-957f-09a8febd42b4","source":"stdout","level":30,"msg":"> Task :expo-modules-core$android-annotation:compileJava NO-SOURCE","time":"2026-02-22T23:33:59.927Z","v":0,"logId":"019c87b3-e5f7-7401-8796-7e623fc3bf47"}
{"name":"worker","pid":1039,"phase":"RUN_GRADLEW","buildId":"d34559e7-5aef-408c-957f-09a8febd42b4","source":"stdout","level":30,"msg":"> Task :expo-modules-core$android-annotation:classes UP-TO-DATE","time":"2026-02-22T23:33:59.928Z","v":0,"logId":"019c87b3-e5f8-7881-adbd-8e3ce214dcf6"}
{"name":"worker","pid":1039,"phase":"RUN_GRADLEW","buildId":"d34559e7-5aef-408c-957f-09a8febd42b4","source":"stdout","level":30,"msg":"> Task :expo-modules-core$android-annotation:jar","time":"2026-02-22T23:33:59.928Z","v":0,"logId":"019c87b3-e5f8-7881-adbd-8e3d276a099e"}
{"name":"worker","pid":1039,"phase":"RUN_GRADLEW","buildId":"d34559e7-5aef-408c-957f-09a8febd42b4","source":"stdout","level":30,"msg":"> Task :expo-modules-core$android-annotation:inspectClassesForKotlinIC","time":"2026-02-22T23:33:59.928Z","v":0,"logId":"019c87b3-e5f8-7881-adbd-8e3ed106a50e"}
{"name":"worker","pid":1039,"phase":"RUN_GRADLEW","buildId":"d34559e7-5aef-408c-957f-09a8febd42b4","source":"stdout","level":30,"msg":"> Task :expo-web-browser:generateReleaseRFile","time":"2026-02-22T23:33:59.928Z","v":0,"logId":"019c87b3-e5f8-7881-adbd-8e3ff21c650d"}
{"name":"worker","pid":1039,"phase":"RUN_GRADLEW","buildId":"d34559e7-5aef-408c-957f-09a8febd42b4","source":"stdout","level":30,"msg":"> Task :react-native-safe-area-context:javaPreCompileRelease","time":"2026-02-22T23:34:00.428Z","v":0,"logId":"019c87b3-e7ec-7788-89ad-17dbed4457d2"}
{"name":"worker","pid":1039,"phase":"RUN_GRADLEW","buildId":"d34559e7-5aef-408c-957f-09a8febd42b4","source":"stdout","level":30,"msg":"> Task :react-native-screens:generateReleaseResValues","time":"2026-02-22T23:34:00.527Z","v":0,"logId":"019c87b3-e850-7be6-b04b-2a01f06c45d0"}
{"name":"worker","pid":1039,"phase":"RUN_GRADLEW","buildId":"d34559e7-5aef-408c-957f-09a8febd42b4","source":"stdout","level":30,"msg":"> Task :react-native-screens:extractDeepLinksForAarRelease","time":"2026-02-22T23:34:00.528Z","v":0,"logId":"019c87b3-e850-7be6-b04b-2a028714905c"}
{"name":"worker","pid":1039,"phase":"RUN_GRADLEW","buildId":"d34559e7-5aef-408c-957f-09a8febd42b4","source":"stdout","level":30,"msg":"> Task :react-native-screens:generateReleaseBuildConfig","time":"2026-02-22T23:34:00.528Z","v":0,"logId":"019c87b3-e850-7be6-b04b-2a0374008ca5"}
{"name":"worker","pid":1039,"phase":"RUN_GRADLEW","buildId":"d34559e7-5aef-408c-957f-09a8febd42b4","source":"stdout","level":30,"msg":"> Task :react-native-screens:generateReleaseResources","time":"2026-02-22T23:34:00.528Z","v":0,"logId":"019c87b3-e850-7be6-b04b-2a049a31b6c8"}
{"name":"worker","pid":1039,"phase":"RUN_GRADLEW","buildId":"d34559e7-5aef-408c-957f-09a8febd42b4","source":"stdout","level":30,"msg":"> Task :react-native-screens:packageReleaseResources","time":"2026-02-22T23:34:00.528Z","v":0,"logId":"019c87b3-e850-7be6-b04b-2a05cedffa0b"}
{"name":"worker","pid":1039,"phase":"RUN_GRADLEW","buildId":"d34559e7-5aef-408c-957f-09a8febd42b4","source":"stdout","level":30,"msg":"> Task :react-native-screens:parseReleaseLocalResources","time":"2026-02-22T23:34:00.528Z","v":0,"logId":"019c87b3-e850-7be6-b04b-2a06669563d8"}
{"name":"worker","pid":1039,"phase":"RUN_GRADLEW","buildId":"d34559e7-5aef-408c-957f-09a8febd42b4","source":"stdout","level":30,"msg":"> Task :react-native-svg:preBuild UP-TO-DATE","time":"2026-02-22T23:34:01.028Z","v":0,"logId":"019c87b3-ea44-719b-9dc9-adbde1794fd3"}
{"name":"worker","pid":1039,"phase":"RUN_GRADLEW","buildId":"d34559e7-5aef-408c-957f-09a8febd42b4","source":"stdout","level":30,"msg":"> Task :react-native-svg:preReleaseBuild UP-TO-DATE","time":"2026-02-22T23:34:01.028Z","v":0,"logId":"019c87b3-ea44-719b-9dc9-adbe80f5a24b"}
{"name":"worker","pid":1039,"phase":"RUN_GRADLEW","buildId":"d34559e7-5aef-408c-957f-09a8febd42b4","source":"stdout","level":30,"msg":"> Task :react-native-screens:processReleaseManifest","time":"2026-02-22T23:34:01.028Z","v":0,"logId":"019c87b3-ea44-719b-9dc9-adbf5d5c1928"}
{"name":"worker","pid":1039,"phase":"RUN_GRADLEW","buildId":"d34559e7-5aef-408c-957f-09a8febd42b4","source":"stdout","level":30,"msg":"package=\"com.swmansion.rnscreens\" found in source AndroidManifest.xml: /home/expo/workingdir/build/mobile/node_modules/react-native-screens/android/src/main/AndroidManifest.xml.","time":"2026-02-22T23:34:01.028Z","v":0,"logId":"019c87b3-ea44-719b-9dc9-adc0795334e5"}
{"name":"worker","pid":1039,"phase":"RUN_GRADLEW","buildId":"d34559e7-5aef-408c-957f-09a8febd42b4","source":"stdout","level":30,"msg":"Setting the namespace via the package attribute in the source AndroidManifest.xml is no longer supported, and the value is ignored.","time":"2026-02-22T23:34:01.028Z","v":0,"logId":"019c87b3-ea44-719b-9dc9-adc18dd05cfe"}
{"name":"worker","pid":1039,"phase":"RUN_GRADLEW","buildId":"d34559e7-5aef-408c-957f-09a8febd42b4","source":"stdout","level":30,"msg":"Recommendation: remove package=\"com.swmansion.rnscreens\" from the source AndroidManifest.xml: /home/expo/workingdir/build/mobile/node_modules/react-native-screens/android/src/main/AndroidManifest.xml.","time":"2026-02-22T23:34:01.028Z","v":0,"logId":"019c87b3-ea44-719b-9dc9-adc26f2c54b7"}
{"name":"worker","pid":1039,"phase":"RUN_GRADLEW","buildId":"d34559e7-5aef-408c-957f-09a8febd42b4","source":"stdout","level":30,"msg":"> Task :expo-constants:mergeReleaseJniLibFolders","time":"2026-02-22T23:34:01.028Z","v":0,"logId":"019c87b3-ea44-719b-9dc9-adc31c42d7ef"}
{"name":"worker","pid":1039,"phase":"RUN_GRADLEW","buildId":"d34559e7-5aef-408c-957f-09a8febd42b4","source":"stdout","level":30,"msg":"> Task :expo-crypto:mergeReleaseJniLibFolders","time":"2026-02-22T23:34:01.028Z","v":0,"logId":"019c87b3-ea44-719b-9dc9-adc45d9f7533"}
{"name":"worker","pid":1039,"phase":"RUN_GRADLEW","buildId":"d34559e7-5aef-408c-957f-09a8febd42b4","source":"stdout","level":30,"msg":"> Task :expo-constants:mergeReleaseNativeLibs NO-SOURCE","time":"2026-02-22T23:34:01.131Z","v":0,"logId":"019c87b3-eaab-7d85-8720-30d663c7ece5"}
{"name":"worker","pid":1039,"phase":"RUN_GRADLEW","buildId":"d34559e7-5aef-408c-957f-09a8febd42b4","source":"stdout","level":30,"msg":"> Task :react-native-svg:mergeReleaseJniLibFolders","time":"2026-02-22T23:34:01.131Z","v":0,"logId":"019c87b3-eaab-7d85-8720-30d73e1a9292"}
{"name":"worker","pid":1039,"phase":"RUN_GRADLEW","buildId":"d34559e7-5aef-408c-957f-09a8febd42b4","source":"stdout","level":30,"msg":"> Task :react-native-svg:mergeReleaseNativeLibs NO-SOURCE","time":"2026-02-22T23:34:01.131Z","v":0,"logId":"019c87b3-eaab-7d85-8720-30d8a87b0ef3"}
{"name":"worker","pid":1039,"phase":"RUN_GRADLEW","buildId":"d34559e7-5aef-408c-957f-09a8febd42b4","source":"stdout","level":30,"msg":"> Task :expo-constants:stripReleaseDebugSymbols NO-SOURCE","time":"2026-02-22T23:34:01.131Z","v":0,"logId":"019c87b3-eaab-7d85-8720-30d9e23de0a0"}
{"name":"worker","pid":1039,"phase":"RUN_GRADLEW","buildId":"d34559e7-5aef-408c-957f-09a8febd42b4","source":"stdout","level":30,"msg":"> Task :react-native-svg:stripReleaseDebugSymbols NO-SOURCE","time":"2026-02-22T23:34:01.131Z","v":0,"logId":"019c87b3-eaab-7d85-8720-30da5c871554"}
{"name":"worker","pid":1039,"phase":"RUN_GRADLEW","buildId":"d34559e7-5aef-408c-957f-09a8febd42b4","source":"stdout","level":30,"msg":"> Task :react-native-screens:generateReleaseRFile","time":"2026-02-22T23:34:01.131Z","v":0,"logId":"019c87b3-eaab-7d85-8720-30db84c01c19"}
{"name":"worker","pid":1039,"phase":"RUN_GRADLEW","buildId":"d34559e7-5aef-408c-957f-09a8febd42b4","source":"stdout","level":30,"msg":"> Task :react-native-svg:copyReleaseJniLibsProjectAndLocalJars","time":"2026-02-22T23:34:01.131Z","v":0,"logId":"019c87b3-eaab-7d85-8720-30dc7a871b09"}
{"name":"worker","pid":1039,"phase":"RUN_GRADLEW","buildId":"d34559e7-5aef-408c-957f-09a8febd42b4","source":"stdout","level":30,"msg":"> Task :expo-application:mergeReleaseJniLibFolders","time":"2026-02-22T23:34:01.131Z","v":0,"logId":"019c87b3-eaab-7d85-8720-30dd36bc3363"}
{"name":"worker","pid":1039,"phase":"RUN_GRADLEW","buildId":"d34559e7-5aef-408c-957f-09a8febd42b4","source":"stdout","level":30,"msg":"> Task :react-native-screens:javaPreCompileRelease","time":"2026-02-22T23:34:01.131Z","v":0,"logId":"019c87b3-eaab-7d85-8720-30debeefff9c"}
{"name":"worker","pid":1039,"phase":"RUN_GRADLEW","buildId":"d34559e7-5aef-408c-957f-09a8febd42b4","source":"stdout","level":30,"msg":"> Task :expo-constants:copyReleaseJniLibsProjectAndLocalJars","time":"2026-02-22T23:34:01.131Z","v":0,"logId":"019c87b3-eaab-7d85-8720-30df61ab68a2"}
{"name":"worker","pid":1039,"phase":"RUN_GRADLEW","buildId":"d34559e7-5aef-408c-957f-09a8febd42b4","source":"stdout","level":30,"msg":"> Task :expo-application:mergeReleaseNativeLibs NO-SOURCE","time":"2026-02-22T23:34:01.131Z","v":0,"logId":"019c87b3-eaab-7d85-8720-30e08c840717"}
{"name":"worker","pid":1039,"phase":"RUN_GRADLEW","buildId":"d34559e7-5aef-408c-957f-09a8febd42b4","source":"stdout","level":30,"msg":"> Task :expo-crypto:mergeReleaseNativeLibs NO-SOURCE","time":"2026-02-22T23:34:01.132Z","v":0,"logId":"019c87b3-eaac-76d1-b6dd-646b2a2dd5f8"}
{"name":"worker","pid":1039,"phase":"RUN_GRADLEW","buildId":"d34559e7-5aef-408c-957f-09a8febd42b4","source":"stdout","level":30,"msg":"> Task :react-native-svg:generateReleaseResValues","time":"2026-02-22T23:34:01.132Z","v":0,"logId":"019c87b3-eaac-76d1-b6dd-646c0a61916c"}
{"name":"worker","pid":1039,"phase":"RUN_GRADLEW","buildId":"d34559e7-5aef-408c-957f-09a8febd42b4","source":"stdout","level":30,"msg":"> Task :expo-application:stripReleaseDebugSymbols NO-SOURCE","time":"2026-02-22T23:34:01.132Z","v":0,"logId":"019c87b3-eaac-76d1-b6dd-646d60274b1a"}
{"name":"worker","pid":1039,"phase":"RUN_GRADLEW","buildId":"d34559e7-5aef-408c-957f-09a8febd42b4","source":"stdout","level":30,"msg":"> Task :expo-crypto:stripReleaseDebugSymbols NO-SOURCE","time":"2026-02-22T23:34:01.132Z","v":0,"logId":"019c87b3-eaac-76d1-b6dd-646eea64e9ae"}
{"name":"worker","pid":1039,"phase":"RUN_GRADLEW","buildId":"d34559e7-5aef-408c-957f-09a8febd42b4","source":"stdout","level":30,"msg":"> Task :react-native-svg:extractDeepLinksForAarRelease","time":"2026-02-22T23:34:01.132Z","v":0,"logId":"019c87b3-eaac-76d1-b6dd-646ffee7659c"}
{"name":"worker","pid":1039,"phase":"RUN_GRADLEW","buildId":"d34559e7-5aef-408c-957f-09a8febd42b4","source":"stdout","level":30,"msg":"> Task :expo-application:copyReleaseJniLibsProjectAndLocalJars","time":"2026-02-22T23:34:01.132Z","v":0,"logId":"019c87b3-eaac-76d1-b6dd-647054b3352a"}
{"name":"worker","pid":1039,"phase":"RUN_GRADLEW","buildId":"d34559e7-5aef-408c-957f-09a8febd42b4","source":"stdout","level":30,"msg":"> Task :expo-crypto:copyReleaseJniLibsProjectAndLocalJars","time":"2026-02-22T23:34:01.132Z","v":0,"logId":"019c87b3-eaac-76d1-b6dd-64716f5786ce"}
{"name":"worker","pid":1039,"phase":"RUN_GRADLEW","buildId":"d34559e7-5aef-408c-957f-09a8febd42b4","source":"stdout","level":30,"msg":"> Task :expo-constants:extractDeepLinksForAarRelease","time":"2026-02-22T23:34:01.132Z","v":0,"logId":"019c87b3-eaac-76d1-b6dd-6472a9850f9a"}
{"name":"worker","pid":1039,"phase":"RUN_GRADLEW","buildId":"d34559e7-5aef-408c-957f-09a8febd42b4","source":"stdout","level":30,"msg":"> Task :react-native-svg:generateReleaseBuildConfig","time":"2026-02-22T23:34:01.132Z","v":0,"logId":"019c87b3-eaac-76d1-b6dd-64730c52929a"}
{"name":"worker","pid":1039,"phase":"RUN_GRADLEW","buildId":"d34559e7-5aef-408c-957f-09a8febd42b4","source":"stdout","level":30,"msg":"> Task :react-native-svg:generateReleaseResources","time":"2026-02-22T23:34:01.132Z","v":0,"logId":"019c87b3-eaac-76d1-b6dd-6474318629fc"}
{"name":"worker","pid":1039,"phase":"RUN_GRADLEW","buildId":"d34559e7-5aef-408c-957f-09a8febd42b4","source":"stdout","level":30,"msg":"> Task :expo-crypto:extractDeepLinksForAarRelease","time":"2026-02-22T23:34:01.132Z","v":0,"logId":"019c87b3-eaac-76d1-b6dd-64757c9cea3f"}
{"name":"worker","pid":1039,"phase":"RUN_GRADLEW","buildId":"d34559e7-5aef-408c-957f-09a8febd42b4","source":"stdout","level":30,"msg":"> Task :expo-application:extractDeepLinksForAarRelease","time":"2026-02-22T23:34:01.132Z","v":0,"logId":"019c87b3-eaac-76d1-b6dd-6476c78cbd1d"}
{"name":"worker","pid":1039,"phase":"RUN_GRADLEW","buildId":"d34559e7-5aef-408c-957f-09a8febd42b4","source":"stdout","level":30,"msg":"> Task :expo-application:mergeReleaseShaders","time":"2026-02-22T23:34:01.132Z","v":0,"logId":"019c87b3-eaac-76d1-b6dd-64779bf19009"}
{"name":"worker","pid":1039,"phase":"RUN_GRADLEW","buildId":"d34559e7-5aef-408c-957f-09a8febd42b4","source":"stdout","level":30,"msg":"> Task :expo-application:compileReleaseShaders NO-SOURCE","time":"2026-02-22T23:34:01.132Z","v":0,"logId":"019c87b3-eaac-76d1-b6dd-6478940d8e62"}
{"name":"worker","pid":1039,"phase":"RUN_GRADLEW","buildId":"d34559e7-5aef-408c-957f-09a8febd42b4","source":"stdout","level":30,"msg":"> Task :expo-application:generateReleaseAssets UP-TO-DATE","time":"2026-02-22T23:34:01.132Z","v":0,"logId":"019c87b3-eaac-76d1-b6dd-6479e579824d"}
{"name":"worker","pid":1039,"phase":"RUN_GRADLEW","buildId":"d34559e7-5aef-408c-957f-09a8febd42b4","source":"stdout","level":30,"msg":"> Task :expo-crypto:mergeReleaseShaders","time":"2026-02-22T23:34:01.132Z","v":0,"logId":"019c87b3-eaac-76d1-b6dd-647ad64f2aeb"}
{"name":"worker","pid":1039,"phase":"RUN_GRADLEW","buildId":"d34559e7-5aef-408c-957f-09a8febd42b4","source":"stdout","level":30,"msg":"> Task :expo-crypto:compileReleaseShaders NO-SOURCE","time":"2026-02-22T23:34:01.132Z","v":0,"logId":"019c87b3-eaac-76d1-b6dd-647b2f77e5e1"}
{"name":"worker","pid":1039,"phase":"RUN_GRADLEW","buildId":"d34559e7-5aef-408c-957f-09a8febd42b4","source":"stdout","level":30,"msg":"> Task :expo-crypto:generateReleaseAssets UP-TO-DATE","time":"2026-02-22T23:34:01.132Z","v":0,"logId":"019c87b3-eaac-76d1-b6dd-647c035c9224"}
{"name":"worker","pid":1039,"phase":"RUN_GRADLEW","buildId":"d34559e7-5aef-408c-957f-09a8febd42b4","source":"stdout","level":30,"msg":"> Task :expo-constants:mergeReleaseShaders","time":"2026-02-22T23:34:01.132Z","v":0,"logId":"019c87b3-eaac-76d1-b6dd-647dd3aacf1e"}
{"name":"worker","pid":1039,"phase":"RUN_GRADLEW","buildId":"d34559e7-5aef-408c-957f-09a8febd42b4","source":"stdout","level":30,"msg":"> Task :expo-constants:compileReleaseShaders NO-SOURCE","time":"2026-02-22T23:34:01.132Z","v":0,"logId":"019c87b3-eaac-76d1-b6dd-647e89e615bb"}
{"name":"worker","pid":1039,"phase":"RUN_GRADLEW","buildId":"d34559e7-5aef-408c-957f-09a8febd42b4","source":"stdout","level":30,"msg":"> Task :expo-constants:generateReleaseAssets UP-TO-DATE","time":"2026-02-22T23:34:01.132Z","v":0,"logId":"019c87b3-eaac-76d1-b6dd-647f3d8f1f85"}
{"name":"worker","pid":1039,"phase":"RUN_GRADLEW","buildId":"d34559e7-5aef-408c-957f-09a8febd42b4","source":"stdout","level":30,"msg":"> Task :react-native-svg:packageReleaseResources","time":"2026-02-22T23:34:01.132Z","v":0,"logId":"019c87b3-eaac-76d1-b6dd-648026829ec9"}
{"name":"worker","pid":1039,"phase":"RUN_GRADLEW","buildId":"d34559e7-5aef-408c-957f-09a8febd42b4","source":"stdout","level":30,"msg":"> Task :expo-application:packageReleaseAssets","time":"2026-02-22T23:34:01.132Z","v":0,"logId":"019c87b3-eaac-76d1-b6dd-6481783c8d0c"}
{"name":"worker","pid":1039,"phase":"RUN_GRADLEW","buildId":"d34559e7-5aef-408c-957f-09a8febd42b4","source":"stdout","level":30,"msg":"> Task :expo-crypto:packageReleaseAssets","time":"2026-02-22T23:34:01.132Z","v":0,"logId":"019c87b3-eaac-76d1-b6dd-648293a9b64d"}
{"name":"worker","pid":1039,"phase":"RUN_GRADLEW","buildId":"d34559e7-5aef-408c-957f-09a8febd42b4","source":"stdout","level":30,"msg":"> Task :expo-crypto:prepareLintJarForPublish","time":"2026-02-22T23:34:01.132Z","v":0,"logId":"019c87b3-eaac-76d1-b6dd-6483d75335fd"}
{"name":"worker","pid":1039,"phase":"RUN_GRADLEW","buildId":"d34559e7-5aef-408c-957f-09a8febd42b4","source":"stdout","level":30,"msg":"> Task :expo-application:prepareLintJarForPublish","time":"2026-02-22T23:34:01.132Z","v":0,"logId":"019c87b3-eaac-76d1-b6dd-64841094a9ba"}
{"name":"worker","pid":1039,"phase":"RUN_GRADLEW","buildId":"d34559e7-5aef-408c-957f-09a8febd42b4","source":"stdout","level":30,"msg":"> Task :expo-application:prepareReleaseArtProfile","time":"2026-02-22T23:34:01.132Z","v":0,"logId":"019c87b3-eaac-76d1-b6dd-648591437805"}
{"name":"worker","pid":1039,"phase":"RUN_GRADLEW","buildId":"d34559e7-5aef-408c-957f-09a8febd42b4","source":"stdout","level":30,"msg":"> Task :react-native-svg:processReleaseManifest","time":"2026-02-22T23:34:01.132Z","v":0,"logId":"019c87b3-eaac-76d1-b6dd-6486f383fed5"}
{"name":"worker","pid":1039,"phase":"RUN_GRADLEW","buildId":"d34559e7-5aef-408c-957f-09a8febd42b4","source":"stdout","level":30,"msg":"package=\"com.horcrux.svg\" found in source AndroidManifest.xml: /home/expo/workingdir/build/mobile/node_modules/react-native-svg/android/src/main/AndroidManifest.xml.","time":"2026-02-22T23:34:01.132Z","v":0,"logId":"019c87b3-eaac-76d1-b6dd-6487cb139289"}
{"name":"worker","pid":1039,"phase":"RUN_GRADLEW","buildId":"d34559e7-5aef-408c-957f-09a8febd42b4","source":"stdout","level":30,"msg":"Setting the namespace via the package attribute in the source AndroidManifest.xml is no longer supported, and the value is ignored.","time":"2026-02-22T23:34:01.132Z","v":0,"logId":"019c87b3-eaac-76d1-b6dd-6488be38bda5"}
{"name":"worker","pid":1039,"phase":"RUN_GRADLEW","buildId":"d34559e7-5aef-408c-957f-09a8febd42b4","source":"stdout","level":30,"msg":"Recommendation: remove package=\"com.horcrux.svg\" from the source AndroidManifest.xml: /home/expo/workingdir/build/mobile/node_modules/react-native-svg/android/src/main/AndroidManifest.xml.","time":"2026-02-22T23:34:01.132Z","v":0,"logId":"019c87b3-eaac-76d1-b6dd-648938c3f5c8"}
{"name":"worker","pid":1039,"phase":"RUN_GRADLEW","buildId":"d34559e7-5aef-408c-957f-09a8febd42b4","source":"stdout","level":30,"msg":"> Task :expo-constants:packageReleaseAssets","time":"2026-02-22T23:34:01.132Z","v":0,"logId":"019c87b3-eaac-76d1-b6dd-648a2e0ca14f"}
{"name":"worker","pid":1039,"phase":"RUN_GRADLEW","buildId":"d34559e7-5aef-408c-957f-09a8febd42b4","source":"stdout","level":30,"msg":"> Task :react-native-svg:parseReleaseLocalResources","time":"2026-02-22T23:34:01.132Z","v":0,"logId":"019c87b3-eaac-76d1-b6dd-648b69be53ab"}
{"name":"worker","pid":1039,"phase":"RUN_GRADLEW","buildId":"d34559e7-5aef-408c-957f-09a8febd42b4","source":"stdout","level":30,"msg":"> Task :react-native-svg:mergeReleaseShaders","time":"2026-02-22T23:34:01.227Z","v":0,"logId":"019c87b3-eb0b-7b8e-a1cd-595ee6bfbe8b"}
{"name":"worker","pid":1039,"phase":"RUN_GRADLEW","buildId":"d34559e7-5aef-408c-957f-09a8febd42b4","source":"stdout","level":30,"msg":"> Task :expo-application:writeReleaseAarMetadata","time":"2026-02-22T23:34:01.228Z","v":0,"logId":"019c87b3-eb0c-7182-abb5-3e4c6c64ca9e"}
{"name":"worker","pid":1039,"phase":"RUN_GRADLEW","buildId":"d34559e7-5aef-408c-957f-09a8febd42b4","source":"stdout","level":30,"msg":"> Task :expo-constants:prepareReleaseArtProfile","time":"2026-02-22T23:34:01.228Z","v":0,"logId":"019c87b3-eb0c-7182-abb5-3e4dd64bf3f3"}
{"name":"worker","pid":1039,"phase":"RUN_GRADLEW","buildId":"d34559e7-5aef-408c-957f-09a8febd42b4","source":"stdout","level":30,"msg":"> Task :react-native-svg:javaPreCompileRelease","time":"2026-02-22T23:34:01.228Z","v":0,"logId":"019c87b3-eb0c-7182-abb5-3e4ebc9b1951"}
{"name":"worker","pid":1039,"phase":"RUN_GRADLEW","buildId":"d34559e7-5aef-408c-957f-09a8febd42b4","source":"stdout","level":30,"msg":"> Task :expo-constants:writeReleaseAarMetadata","time":"2026-02-22T23:34:01.228Z","v":0,"logId":"019c87b3-eb0c-7182-abb5-3e4f522b3506"}
{"name":"worker","pid":1039,"phase":"RUN_GRADLEW","buildId":"d34559e7-5aef-408c-957f-09a8febd42b4","source":"stdout","level":30,"msg":"> Task :react-native-svg:compileReleaseShaders NO-SOURCE","time":"2026-02-22T23:34:01.228Z","v":0,"logId":"019c87b3-eb0c-7182-abb5-3e5099d76f81"}
{"name":"worker","pid":1039,"phase":"RUN_GRADLEW","buildId":"d34559e7-5aef-408c-957f-09a8febd42b4","source":"stdout","level":30,"msg":"> Task :react-native-svg:generateReleaseAssets UP-TO-DATE","time":"2026-02-22T23:34:01.228Z","v":0,"logId":"019c87b3-eb0c-7182-abb5-3e513114b7c0"}
{"name":"worker","pid":1039,"phase":"RUN_GRADLEW","buildId":"d34559e7-5aef-408c-957f-09a8febd42b4","source":"stdout","level":30,"msg":"> Task :expo-crypto:prepareReleaseArtProfile","time":"2026-02-22T23:34:01.228Z","v":0,"logId":"019c87b3-eb0c-7182-abb5-3e520e8e62c9"}
{"name":"worker","pid":1039,"phase":"RUN_GRADLEW","buildId":"d34559e7-5aef-408c-957f-09a8febd42b4","source":"stdout","level":30,"msg":"> Task :expo-constants:prepareLintJarForPublish","time":"2026-02-22T23:34:01.228Z","v":0,"logId":"019c87b3-eb0c-7182-abb5-3e53c29255e0"}
{"name":"worker","pid":1039,"phase":"RUN_GRADLEW","buildId":"d34559e7-5aef-408c-957f-09a8febd42b4","source":"stdout","level":30,"msg":"> Task :expo-crypto:writeReleaseAarMetadata","time":"2026-02-22T23:34:01.228Z","v":0,"logId":"019c87b3-eb0c-7182-abb5-3e543f3ef2e4"}
{"name":"worker","pid":1039,"phase":"RUN_GRADLEW","buildId":"d34559e7-5aef-408c-957f-09a8febd42b4","source":"stdout","level":30,"msg":"> Task :react-native-svg:packageReleaseAssets","time":"2026-02-22T23:34:01.228Z","v":0,"logId":"019c87b3-eb0c-7182-abb5-3e557530e69f"}
{"name":"worker","pid":1039,"phase":"RUN_GRADLEW","buildId":"d34559e7-5aef-408c-957f-09a8febd42b4","source":"stdout","level":30,"msg":"> Task :expo-file-system:mergeReleaseJniLibFolders","time":"2026-02-22T23:34:01.228Z","v":0,"logId":"019c87b3-eb0c-7182-abb5-3e564584a836"}
{"name":"worker","pid":1039,"phase":"RUN_GRADLEW","buildId":"d34559e7-5aef-408c-957f-09a8febd42b4","source":"stdout","level":30,"msg":"> Task :react-native-svg:generateReleaseRFile","time":"2026-02-22T23:34:01.228Z","v":0,"logId":"019c87b3-eb0c-7182-abb5-3e57e6cc7f40"}
{"name":"worker","pid":1039,"phase":"RUN_GRADLEW","buildId":"d34559e7-5aef-408c-957f-09a8febd42b4","source":"stdout","level":30,"msg":"> Task :react-native-svg:prepareReleaseArtProfile","time":"2026-02-22T23:34:01.228Z","v":0,"logId":"019c87b3-eb0c-7182-abb5-3e5810a478b7"}
{"name":"worker","pid":1039,"phase":"RUN_GRADLEW","buildId":"d34559e7-5aef-408c-957f-09a8febd42b4","source":"stdout","level":30,"msg":"> Task :expo-file-system:mergeReleaseNativeLibs NO-SOURCE","time":"2026-02-22T23:34:01.228Z","v":0,"logId":"019c87b3-eb0c-7182-abb5-3e59fca32605"}
{"name":"worker","pid":1039,"phase":"RUN_GRADLEW","buildId":"d34559e7-5aef-408c-957f-09a8febd42b4","source":"stdout","level":30,"msg":"> Task :expo-file-system:stripReleaseDebugSymbols NO-SOURCE","time":"2026-02-22T23:34:01.228Z","v":0,"logId":"019c87b3-eb0c-7182-abb5-3e5a3b58a49b"}
{"name":"worker","pid":1039,"phase":"RUN_GRADLEW","buildId":"d34559e7-5aef-408c-957f-09a8febd42b4","source":"stdout","level":30,"msg":"> Task :expo-font:mergeReleaseJniLibFolders","time":"2026-02-22T23:34:01.228Z","v":0,"logId":"019c87b3-eb0c-7182-abb5-3e5b5513487e"}
{"name":"worker","pid":1039,"phase":"RUN_GRADLEW","buildId":"d34559e7-5aef-408c-957f-09a8febd42b4","source":"stdout","level":30,"msg":"> Task :react-native-svg:prepareLintJarForPublish","time":"2026-02-22T23:34:01.228Z","v":0,"logId":"019c87b3-eb0c-7182-abb5-3e5cc1b2ecfc"}
{"name":"worker","pid":1039,"phase":"RUN_GRADLEW","buildId":"d34559e7-5aef-408c-957f-09a8febd42b4","source":"stdout","level":30,"msg":"> Task :expo-font:mergeReleaseNativeLibs NO-SOURCE","time":"2026-02-22T23:34:01.228Z","v":0,"logId":"019c87b3-eb0c-7182-abb5-3e5d12dd26cf"}
{"name":"worker","pid":1039,"phase":"RUN_GRADLEW","buildId":"d34559e7-5aef-408c-957f-09a8febd42b4","source":"stdout","level":30,"msg":"> Task :expo-font:stripReleaseDebugSymbols NO-SOURCE","time":"2026-02-22T23:34:01.228Z","v":0,"logId":"019c87b3-eb0c-7182-abb5-3e5e2bfcf7b9"}
{"name":"worker","pid":1039,"phase":"RUN_GRADLEW","buildId":"d34559e7-5aef-408c-957f-09a8febd42b4","source":"stdout","level":30,"msg":"> Task :expo-file-system:extractDeepLinksForAarRelease","time":"2026-02-22T23:34:01.228Z","v":0,"logId":"019c87b3-eb0c-7182-abb5-3e5f1632288b"}
{"name":"worker","pid":1039,"phase":"RUN_GRADLEW","buildId":"d34559e7-5aef-408c-957f-09a8febd42b4","source":"stdout","level":30,"msg":"> Task :expo-font:copyReleaseJniLibsProjectAndLocalJars","time":"2026-02-22T23:34:01.228Z","v":0,"logId":"019c87b3-eb0c-7182-abb5-3e60540dc4b9"}
{"name":"worker","pid":1039,"phase":"RUN_GRADLEW","buildId":"d34559e7-5aef-408c-957f-09a8febd42b4","source":"stdout","level":30,"msg":"> Task :expo-font:extractDeepLinksForAarRelease","time":"2026-02-22T23:34:01.228Z","v":0,"logId":"019c87b3-eb0c-7182-abb5-3e61b393bc4b"}
{"name":"worker","pid":1039,"phase":"RUN_GRADLEW","buildId":"d34559e7-5aef-408c-957f-09a8febd42b4","source":"stdout","level":30,"msg":"> Task :expo-file-system:mergeReleaseShaders","time":"2026-02-22T23:34:01.228Z","v":0,"logId":"019c87b3-eb0c-7182-abb5-3e6267b28725"}
{"name":"worker","pid":1039,"phase":"RUN_GRADLEW","buildId":"d34559e7-5aef-408c-957f-09a8febd42b4","source":"stdout","level":30,"msg":"> Task :expo-file-system:compileReleaseShaders NO-SOURCE","time":"2026-02-22T23:34:01.228Z","v":0,"logId":"019c87b3-eb0c-7182-abb5-3e630a8a364a"}
{"name":"worker","pid":1039,"phase":"RUN_GRADLEW","buildId":"d34559e7-5aef-408c-957f-09a8febd42b4","source":"stdout","level":30,"msg":"> Task :expo-file-system:generateReleaseAssets UP-TO-DATE","time":"2026-02-22T23:34:01.228Z","v":0,"logId":"019c87b3-eb0c-7182-abb5-3e6440c81fb9"}
{"name":"worker","pid":1039,"phase":"RUN_GRADLEW","buildId":"d34559e7-5aef-408c-957f-09a8febd42b4","source":"stdout","level":30,"msg":"> Task :expo-file-system:copyReleaseJniLibsProjectAndLocalJars","time":"2026-02-22T23:34:01.229Z","v":0,"logId":"019c87b3-eb0d-7a97-a1d6-bc4503fa9c79"}
{"name":"worker","pid":1039,"phase":"RUN_GRADLEW","buildId":"d34559e7-5aef-408c-957f-09a8febd42b4","source":"stdout","level":30,"msg":"> Task :expo-keep-awake:mergeReleaseJniLibFolders","time":"2026-02-22T23:34:01.229Z","v":0,"logId":"019c87b3-eb0d-7a97-a1d6-bc46ccde8d8c"}
{"name":"worker","pid":1039,"phase":"RUN_GRADLEW","buildId":"d34559e7-5aef-408c-957f-09a8febd42b4","source":"stdout","level":30,"msg":"> Task :expo-keep-awake:mergeReleaseNativeLibs NO-SOURCE","time":"2026-02-22T23:34:01.229Z","v":0,"logId":"019c87b3-eb0d-7a97-a1d6-bc4740f0fcdd"}
{"name":"worker","pid":1039,"phase":"RUN_GRADLEW","buildId":"d34559e7-5aef-408c-957f-09a8febd42b4","source":"stdout","level":30,"msg":"> Task :expo-keep-awake:stripReleaseDebugSymbols NO-SOURCE","time":"2026-02-22T23:34:01.229Z","v":0,"logId":"019c87b3-eb0d-7a97-a1d6-bc481f2c2f08"}
{"name":"worker","pid":1039,"phase":"RUN_GRADLEW","buildId":"d34559e7-5aef-408c-957f-09a8febd42b4","source":"stdout","level":30,"msg":"> Task :expo-keep-awake:copyReleaseJniLibsProjectAndLocalJars","time":"2026-02-22T23:34:01.229Z","v":0,"logId":"019c87b3-eb0d-7a97-a1d6-bc49a18a3980"}
{"name":"worker","pid":1039,"phase":"RUN_GRADLEW","buildId":"d34559e7-5aef-408c-957f-09a8febd42b4","source":"stdout","level":30,"msg":"> Task :expo-keep-awake:extractDeepLinksForAarRelease","time":"2026-02-22T23:34:01.229Z","v":0,"logId":"019c87b3-eb0d-7a97-a1d6-bc4a0bd01a7f"}
{"name":"worker","pid":1039,"phase":"RUN_GRADLEW","buildId":"d34559e7-5aef-408c-957f-09a8febd42b4","source":"stdout","level":30,"msg":"> Task :expo-font:mergeReleaseShaders","time":"2026-02-22T23:34:01.229Z","v":0,"logId":"019c87b3-eb0d-7a97-a1d6-bc4b56dcb88e"}
{"name":"worker","pid":1039,"phase":"RUN_GRADLEW","buildId":"d34559e7-5aef-408c-957f-09a8febd42b4","source":"stdout","level":30,"msg":"> Task :expo-font:compileReleaseShaders NO-SOURCE","time":"2026-02-22T23:34:01.229Z","v":0,"logId":"019c87b3-eb0d-7a97-a1d6-bc4c5b918f59"}
{"name":"worker","pid":1039,"phase":"RUN_GRADLEW","buildId":"d34559e7-5aef-408c-957f-09a8febd42b4","source":"stdout","level":30,"msg":"> Task :expo-font:generateReleaseAssets UP-TO-DATE","time":"2026-02-22T23:34:01.229Z","v":0,"logId":"019c87b3-eb0d-7a97-a1d6-bc4dfc3a4820"}
{"name":"worker","pid":1039,"phase":"RUN_GRADLEW","buildId":"d34559e7-5aef-408c-957f-09a8febd42b4","source":"stdout","level":30,"msg":"> Task :expo-file-system:packageReleaseAssets","time":"2026-02-22T23:34:01.229Z","v":0,"logId":"019c87b3-eb0d-7a97-a1d6-bc4eb0579421"}
{"name":"worker","pid":1039,"phase":"RUN_GRADLEW","buildId":"d34559e7-5aef-408c-957f-09a8febd42b4","source":"stdout","level":30,"msg":"> Task :expo-keep-awake:mergeReleaseShaders","time":"2026-02-22T23:34:01.229Z","v":0,"logId":"019c87b3-eb0d-7a97-a1d6-bc4f176d68d4"}
{"name":"worker","pid":1039,"phase":"RUN_GRADLEW","buildId":"d34559e7-5aef-408c-957f-09a8febd42b4","source":"stdout","level":30,"msg":"> Task :expo-keep-awake:compileReleaseShaders NO-SOURCE","time":"2026-02-22T23:34:01.229Z","v":0,"logId":"019c87b3-eb0d-7a97-a1d6-bc50dd2381f1"}
{"name":"worker","pid":1039,"phase":"RUN_GRADLEW","buildId":"d34559e7-5aef-408c-957f-09a8febd42b4","source":"stdout","level":30,"msg":"> Task :expo-file-system:prepareLintJarForPublish","time":"2026-02-22T23:34:01.229Z","v":0,"logId":"019c87b3-eb0d-7a97-a1d6-bc516c83f685"}
{"name":"worker","pid":1039,"phase":"RUN_GRADLEW","buildId":"d34559e7-5aef-408c-957f-09a8febd42b4","source":"stdout","level":30,"msg":"> Task :expo-keep-awake:generateReleaseAssets UP-TO-DATE","time":"2026-02-22T23:34:01.229Z","v":0,"logId":"019c87b3-eb0d-7a97-a1d6-bc52374115df"}
{"name":"worker","pid":1039,"phase":"RUN_GRADLEW","buildId":"d34559e7-5aef-408c-957f-09a8febd42b4","source":"stdout","level":30,"msg":"> Task :expo-file-system:prepareReleaseArtProfile","time":"2026-02-22T23:34:01.229Z","v":0,"logId":"019c87b3-eb0d-7a97-a1d6-bc539c0b6dd3"}
{"name":"worker","pid":1039,"phase":"RUN_GRADLEW","buildId":"d34559e7-5aef-408c-957f-09a8febd42b4","source":"stdout","level":30,"msg":"> Task :expo-file-system:writeReleaseAarMetadata","time":"2026-02-22T23:34:01.229Z","v":0,"logId":"019c87b3-eb0d-7a97-a1d6-bc5463ef64c2"}
{"name":"worker","pid":1039,"phase":"RUN_GRADLEW","buildId":"d34559e7-5aef-408c-957f-09a8febd42b4","source":"stdout","level":30,"msg":"> Task :expo-keep-awake:packageReleaseAssets","time":"2026-02-22T23:34:01.229Z","v":0,"logId":"019c87b3-eb0e-7b65-a1bd-dc102141924b"}
{"name":"worker","pid":1039,"phase":"RUN_GRADLEW","buildId":"d34559e7-5aef-408c-957f-09a8febd42b4","source":"stdout","level":30,"msg":"> Task :expo-font:packageReleaseAssets","time":"2026-02-22T23:34:01.230Z","v":0,"logId":"019c87b3-eb0e-7b65-a1bd-dc11b5d70ea8"}
{"name":"worker","pid":1039,"phase":"RUN_GRADLEW","buildId":"d34559e7-5aef-408c-957f-09a8febd42b4","source":"stdout","level":30,"msg":"> Task :expo-keep-awake:prepareLintJarForPublish","time":"2026-02-22T23:34:01.230Z","v":0,"logId":"019c87b3-eb0e-7b65-a1bd-dc12205b8346"}
{"name":"worker","pid":1039,"phase":"RUN_GRADLEW","buildId":"d34559e7-5aef-408c-957f-09a8febd42b4","source":"stdout","level":30,"msg":"> Task :expo-keep-awake:prepareReleaseArtProfile","time":"2026-02-22T23:34:01.230Z","v":0,"logId":"019c87b3-eb0e-7b65-a1bd-dc1313fa2bfd"}
{"name":"worker","pid":1039,"phase":"RUN_GRADLEW","buildId":"d34559e7-5aef-408c-957f-09a8febd42b4","source":"stdout","level":30,"msg":"> Task :expo-linear-gradient:mergeReleaseJniLibFolders","time":"2026-02-22T23:34:01.230Z","v":0,"logId":"019c87b3-eb0e-7b65-a1bd-dc1457eb7cea"}
{"name":"worker","pid":1039,"phase":"RUN_GRADLEW","buildId":"d34559e7-5aef-408c-957f-09a8febd42b4","source":"stdout","level":30,"msg":"> Task :expo-font:prepareReleaseArtProfile","time":"2026-02-22T23:34:01.230Z","v":0,"logId":"019c87b3-eb0e-7b65-a1bd-dc15ef290a24"}
{"name":"worker","pid":1039,"phase":"RUN_GRADLEW","buildId":"d34559e7-5aef-408c-957f-09a8febd42b4","source":"stdout","level":30,"msg":"> Task :expo-font:prepareLintJarForPublish","time":"2026-02-22T23:34:01.230Z","v":0,"logId":"019c87b3-eb0e-7b65-a1bd-dc1661170aa6"}
{"name":"worker","pid":1039,"phase":"RUN_GRADLEW","buildId":"d34559e7-5aef-408c-957f-09a8febd42b4","source":"stdout","level":30,"msg":"> Task :expo-keep-awake:writeReleaseAarMetadata","time":"2026-02-22T23:34:01.230Z","v":0,"logId":"019c87b3-eb0e-7b65-a1bd-dc1723782562"}
{"name":"worker","pid":1039,"phase":"RUN_GRADLEW","buildId":"d34559e7-5aef-408c-957f-09a8febd42b4","source":"stdout","level":30,"msg":"> Task :expo-linear-gradient:mergeReleaseNativeLibs NO-SOURCE","time":"2026-02-22T23:34:01.230Z","v":0,"logId":"019c87b3-eb0e-7b65-a1bd-dc182f8658c9"}
{"name":"worker","pid":1039,"phase":"RUN_GRADLEW","buildId":"d34559e7-5aef-408c-957f-09a8febd42b4","source":"stdout","level":30,"msg":"> Task :expo-linear-gradient:stripReleaseDebugSymbols NO-SOURCE","time":"2026-02-22T23:34:01.230Z","v":0,"logId":"019c87b3-eb0e-7b65-a1bd-dc194e88e588"}
{"name":"worker","pid":1039,"phase":"RUN_GRADLEW","buildId":"d34559e7-5aef-408c-957f-09a8febd42b4","source":"stdout","level":30,"msg":"> Task :expo-font:writeReleaseAarMetadata","time":"2026-02-22T23:34:01.230Z","v":0,"logId":"019c87b3-eb0e-7b65-a1bd-dc1a746b6be7"}
{"name":"worker","pid":1039,"phase":"RUN_GRADLEW","buildId":"d34559e7-5aef-408c-957f-09a8febd42b4","source":"stdout","level":30,"msg":"> Task :expo-linear-gradient:copyReleaseJniLibsProjectAndLocalJars","time":"2026-02-22T23:34:01.327Z","v":0,"logId":"019c87b3-eb6f-7236-8657-cee7a34c3083"}
{"name":"worker","pid":1039,"phase":"RUN_GRADLEW","buildId":"d34559e7-5aef-408c-957f-09a8febd42b4","source":"stdout","level":30,"msg":"> Task :expo-secure-store:mergeReleaseJniLibFolders","time":"2026-02-22T23:34:01.328Z","v":0,"logId":"019c87b3-eb70-703e-8011-4e07c6bbad7d"}
{"name":"worker","pid":1039,"phase":"RUN_GRADLEW","buildId":"d34559e7-5aef-408c-957f-09a8febd42b4","source":"stdout","level":30,"msg":"> Task :expo-secure-store:mergeReleaseNativeLibs NO-SOURCE","time":"2026-02-22T23:34:01.328Z","v":0,"logId":"019c87b3-eb70-703e-8011-4e0817938f1b"}
{"name":"worker","pid":1039,"phase":"RUN_GRADLEW","buildId":"d34559e7-5aef-408c-957f-09a8febd42b4","source":"stdout","level":30,"msg":"> Task :expo-linear-gradient:extractDeepLinksForAarRelease","time":"2026-02-22T23:34:01.328Z","v":0,"logId":"019c87b3-eb70-703e-8011-4e098f3206ec"}
{"name":"worker","pid":1039,"phase":"RUN_GRADLEW","buildId":"d34559e7-5aef-408c-957f-09a8febd42b4","source":"stdout","level":30,"msg":"> Task :expo-secure-store:stripReleaseDebugSymbols NO-SOURCE","time":"2026-02-22T23:34:01.328Z","v":0,"logId":"019c87b3-eb70-703e-8011-4e0a10ea8ea7"}
{"name":"worker","pid":1039,"phase":"RUN_GRADLEW","buildId":"d34559e7-5aef-408c-957f-09a8febd42b4","source":"stdout","level":30,"msg":"> Task :expo-secure-store:copyReleaseJniLibsProjectAndLocalJars","time":"2026-02-22T23:34:01.328Z","v":0,"logId":"019c87b3-eb70-703e-8011-4e0b1afdb900"}
{"name":"worker","pid":1039,"phase":"RUN_GRADLEW","buildId":"d34559e7-5aef-408c-957f-09a8febd42b4","source":"stdout","level":30,"msg":"> Task :expo-secure-store:extractDeepLinksForAarRelease","time":"2026-02-22T23:34:01.328Z","v":0,"logId":"019c87b3-eb70-703e-8011-4e0cc1c1ea94"}
{"name":"worker","pid":1039,"phase":"RUN_GRADLEW","buildId":"d34559e7-5aef-408c-957f-09a8febd42b4","source":"stdout","level":30,"msg":"> Task :expo-web-browser:mergeReleaseJniLibFolders","time":"2026-02-22T23:34:01.328Z","v":0,"logId":"019c87b3-eb70-703e-8011-4e0dd4122e21"}
{"name":"worker","pid":1039,"phase":"RUN_GRADLEW","buildId":"d34559e7-5aef-408c-957f-09a8febd42b4","source":"stdout","level":30,"msg":"> Task :expo-linear-gradient:mergeReleaseShaders","time":"2026-02-22T23:34:01.328Z","v":0,"logId":"019c87b3-eb70-703e-8011-4e0e06a59dc7"}
{"name":"worker","pid":1039,"phase":"RUN_GRADLEW","buildId":"d34559e7-5aef-408c-957f-09a8febd42b4","source":"stdout","level":30,"msg":"> Task :expo-linear-gradient:compileReleaseShaders NO-SOURCE","time":"2026-02-22T23:34:01.328Z","v":0,"logId":"019c87b3-eb70-703e-8011-4e0f35f61b37"}
{"name":"worker","pid":1039,"phase":"RUN_GRADLEW","buildId":"d34559e7-5aef-408c-957f-09a8febd42b4","source":"stdout","level":30,"msg":"> Task :expo-linear-gradient:generateReleaseAssets UP-TO-DATE","time":"2026-02-22T23:34:01.328Z","v":0,"logId":"019c87b3-eb70-703e-8011-4e107868f030"}
{"name":"worker","pid":1039,"phase":"RUN_GRADLEW","buildId":"d34559e7-5aef-408c-957f-09a8febd42b4","source":"stdout","level":30,"msg":"> Task :expo-web-browser:mergeReleaseNativeLibs NO-SOURCE","time":"2026-02-22T23:34:01.328Z","v":0,"logId":"019c87b3-eb70-703e-8011-4e1199eaa7d4"}
{"name":"worker","pid":1039,"phase":"RUN_GRADLEW","buildId":"d34559e7-5aef-408c-957f-09a8febd42b4","source":"stdout","level":30,"msg":"> Task :expo-secure-store:mergeReleaseShaders","time":"2026-02-22T23:34:01.328Z","v":0,"logId":"019c87b3-eb70-703e-8011-4e12256d6c2e"}
{"name":"worker","pid":1039,"phase":"RUN_GRADLEW","buildId":"d34559e7-5aef-408c-957f-09a8febd42b4","source":"stdout","level":30,"msg":"> Task :expo-secure-store:compileReleaseShaders NO-SOURCE","time":"2026-02-22T23:34:01.328Z","v":0,"logId":"019c87b3-eb70-703e-8011-4e135dc92845"}
{"name":"worker","pid":1039,"phase":"RUN_GRADLEW","buildId":"d34559e7-5aef-408c-957f-09a8febd42b4","source":"stdout","level":30,"msg":"> Task :expo-secure-store:generateReleaseAssets UP-TO-DATE","time":"2026-02-22T23:34:01.328Z","v":0,"logId":"019c87b3-eb70-703e-8011-4e14ba3aeae2"}
{"name":"worker","pid":1039,"phase":"RUN_GRADLEW","buildId":"d34559e7-5aef-408c-957f-09a8febd42b4","source":"stdout","level":30,"msg":"> Task :react-native-safe-area-context:mergeReleaseShaders","time":"2026-02-22T23:34:01.328Z","v":0,"logId":"019c87b3-eb70-703e-8011-4e157eecc3eb"}
{"name":"worker","pid":1039,"phase":"RUN_GRADLEW","buildId":"d34559e7-5aef-408c-957f-09a8febd42b4","source":"stdout","level":30,"msg":"> Task :expo-linear-gradient:packageReleaseAssets","time":"2026-02-22T23:34:01.328Z","v":0,"logId":"019c87b3-eb70-703e-8011-4e16fec94fbf"}
{"name":"worker","pid":1039,"phase":"RUN_GRADLEW","buildId":"d34559e7-5aef-408c-957f-09a8febd42b4","source":"stdout","level":30,"msg":"> Task :expo-linear-gradient:prepareLintJarForPublish","time":"2026-02-22T23:34:01.328Z","v":0,"logId":"019c87b3-eb70-703e-8011-4e1701ae5f9d"}
{"name":"worker","pid":1039,"phase":"RUN_GRADLEW","buildId":"d34559e7-5aef-408c-957f-09a8febd42b4","source":"stdout","level":30,"msg":"> Task :react-native-safe-area-context:compileReleaseShaders NO-SOURCE","time":"2026-02-22T23:34:01.328Z","v":0,"logId":"019c87b3-eb70-703e-8011-4e180765c926"}
{"name":"worker","pid":1039,"phase":"RUN_GRADLEW","buildId":"d34559e7-5aef-408c-957f-09a8febd42b4","source":"stdout","level":30,"msg":"> Task :react-native-safe-area-context:generateReleaseAssets UP-TO-DATE","time":"2026-02-22T23:34:01.328Z","v":0,"logId":"019c87b3-eb70-703e-8011-4e19bd2c9d49"}
{"name":"worker","pid":1039,"phase":"RUN_GRADLEW","buildId":"d34559e7-5aef-408c-957f-09a8febd42b4","source":"stdout","level":30,"msg":"> Task :expo-linear-gradient:prepareReleaseArtProfile","time":"2026-02-22T23:34:01.328Z","v":0,"logId":"019c87b3-eb70-703e-8011-4e1af06357ef"}
{"name":"worker","pid":1039,"phase":"RUN_GRADLEW","buildId":"d34559e7-5aef-408c-957f-09a8febd42b4","source":"stdout","level":30,"msg":"> Task :expo-secure-store:packageReleaseAssets","time":"2026-02-22T23:34:01.328Z","v":0,"logId":"019c87b3-eb70-703e-8011-4e1b74cc2a87"}
{"name":"worker","pid":1039,"phase":"RUN_GRADLEW","buildId":"d34559e7-5aef-408c-957f-09a8febd42b4","source":"stdout","level":30,"msg":"> Task :react-native-safe-area-context:packageReleaseAssets","time":"2026-02-22T23:34:01.328Z","v":0,"logId":"019c87b3-eb70-703e-8011-4e1c3a148c1d"}
{"name":"worker","pid":1039,"phase":"RUN_GRADLEW","buildId":"d34559e7-5aef-408c-957f-09a8febd42b4","source":"stdout","level":30,"msg":"> Task :expo-secure-store:prepareLintJarForPublish","time":"2026-02-22T23:34:01.328Z","v":0,"logId":"019c87b3-eb70-703e-8011-4e1d55a1a662"}
{"name":"worker","pid":1039,"phase":"RUN_GRADLEW","buildId":"d34559e7-5aef-408c-957f-09a8febd42b4","source":"stdout","level":30,"msg":"> Task :react-native-safe-area-context:prepareLintJarForPublish","time":"2026-02-22T23:34:01.328Z","v":0,"logId":"019c87b3-eb70-703e-8011-4e1e5b140cee"}
{"name":"worker","pid":1039,"phase":"RUN_GRADLEW","buildId":"d34559e7-5aef-408c-957f-09a8febd42b4","source":"stdout","level":30,"msg":"> Task :expo-linear-gradient:writeReleaseAarMetadata","time":"2026-02-22T23:34:01.328Z","v":0,"logId":"019c87b3-eb70-703e-8011-4e1f1b2d1de6"}
{"name":"worker","pid":1039,"phase":"RUN_GRADLEW","buildId":"d34559e7-5aef-408c-957f-09a8febd42b4","source":"stdout","level":30,"msg":"> Task :react-native-safe-area-context:prepareReleaseArtProfile","time":"2026-02-22T23:34:01.328Z","v":0,"logId":"019c87b3-eb70-703e-8011-4e20d3c26c1e"}
{"name":"worker","pid":1039,"phase":"RUN_GRADLEW","buildId":"d34559e7-5aef-408c-957f-09a8febd42b4","source":"stdout","level":30,"msg":"> Task :expo-web-browser:stripReleaseDebugSymbols NO-SOURCE","time":"2026-02-22T23:34:01.328Z","v":0,"logId":"019c87b3-eb70-703e-8011-4e2146512a25"}
{"name":"worker","pid":1039,"phase":"RUN_GRADLEW","buildId":"d34559e7-5aef-408c-957f-09a8febd42b4","source":"stdout","level":30,"msg":"> Task :react-native-safe-area-context:writeReleaseAarMetadata","time":"2026-02-22T23:34:01.328Z","v":0,"logId":"019c87b3-eb70-703e-8011-4e22198ca72c"}
{"name":"worker","pid":1039,"phase":"RUN_GRADLEW","buildId":"d34559e7-5aef-408c-957f-09a8febd42b4","source":"stdout","level":30,"msg":"> Task :expo-secure-store:prepareReleaseArtProfile","time":"2026-02-22T23:34:01.328Z","v":0,"logId":"019c87b3-eb70-703e-8011-4e23ecc87d64"}
{"name":"worker","pid":1039,"phase":"RUN_GRADLEW","buildId":"d34559e7-5aef-408c-957f-09a8febd42b4","source":"stdout","level":30,"msg":"> Task :expo-secure-store:writeReleaseAarMetadata","time":"2026-02-22T23:34:01.328Z","v":0,"logId":"019c87b3-eb70-703e-8011-4e24be2faf90"}
{"name":"worker","pid":1039,"phase":"RUN_GRADLEW","buildId":"d34559e7-5aef-408c-957f-09a8febd42b4","source":"stdout","level":30,"msg":"> Task :expo-web-browser:extractDeepLinksForAarRelease","time":"2026-02-22T23:34:01.329Z","v":0,"logId":"019c87b3-eb71-76b5-845d-b76fa04ce27b"}
{"name":"worker","pid":1039,"phase":"RUN_GRADLEW","buildId":"d34559e7-5aef-408c-957f-09a8febd42b4","source":"stdout","level":30,"msg":"> Task :expo-web-browser:copyReleaseJniLibsProjectAndLocalJars","time":"2026-02-22T23:34:01.329Z","v":0,"logId":"019c87b3-eb71-76b5-845d-b77099c2a89e"}
{"name":"worker","pid":1039,"phase":"RUN_GRADLEW","buildId":"d34559e7-5aef-408c-957f-09a8febd42b4","source":"stdout","level":30,"msg":"> Task :expo-web-browser:mergeReleaseShaders","time":"2026-02-22T23:34:01.329Z","v":0,"logId":"019c87b3-eb71-76b5-845d-b771bcf57976"}
{"name":"worker","pid":1039,"phase":"RUN_GRADLEW","buildId":"d34559e7-5aef-408c-957f-09a8febd42b4","source":"stdout","level":30,"msg":"> Task :expo-web-browser:compileReleaseShaders NO-SOURCE","time":"2026-02-22T23:34:01.329Z","v":0,"logId":"019c87b3-eb71-76b5-845d-b7722fe4f625"}
{"name":"worker","pid":1039,"phase":"RUN_GRADLEW","buildId":"d34559e7-5aef-408c-957f-09a8febd42b4","source":"stdout","level":30,"msg":"> Task :expo-web-browser:generateReleaseAssets UP-TO-DATE","time":"2026-02-22T23:34:01.329Z","v":0,"logId":"019c87b3-eb71-76b5-845d-b7731bba49db"}
{"name":"worker","pid":1039,"phase":"RUN_GRADLEW","buildId":"d34559e7-5aef-408c-957f-09a8febd42b4","source":"stdout","level":30,"msg":"> Task :expo:extractDeepLinksRelease","time":"2026-02-22T23:34:01.329Z","v":0,"logId":"019c87b3-eb71-76b5-845d-b774a3f0f8b1"}
{"name":"worker","pid":1039,"phase":"RUN_GRADLEW","buildId":"d34559e7-5aef-408c-957f-09a8febd42b4","source":"stdout","level":30,"msg":"> Task :expo-application:extractDeepLinksRelease","time":"2026-02-22T23:34:01.329Z","v":0,"logId":"019c87b3-eb71-76b5-845d-b775747a793a"}
{"name":"worker","pid":1039,"phase":"RUN_GRADLEW","buildId":"d34559e7-5aef-408c-957f-09a8febd42b4","source":"stdout","level":30,"msg":"> Task :expo-web-browser:packageReleaseAssets","time":"2026-02-22T23:34:01.329Z","v":0,"logId":"019c87b3-eb71-76b5-845d-b77667bf1ff3"}
{"name":"worker","pid":1039,"phase":"RUN_GRADLEW","buildId":"d34559e7-5aef-408c-957f-09a8febd42b4","source":"stdout","level":30,"msg":"> Task :expo-constants:extractDeepLinksRelease","time":"2026-02-22T23:34:01.329Z","v":0,"logId":"019c87b3-eb71-76b5-845d-b777b5dcc573"}
{"name":"worker","pid":1039,"phase":"RUN_GRADLEW","buildId":"d34559e7-5aef-408c-957f-09a8febd42b4","source":"stdout","level":30,"msg":"> Task :expo-web-browser:prepareLintJarForPublish","time":"2026-02-22T23:34:01.329Z","v":0,"logId":"019c87b3-eb71-76b5-845d-b778ece1c6c2"}
{"name":"worker","pid":1039,"phase":"RUN_GRADLEW","buildId":"d34559e7-5aef-408c-957f-09a8febd42b4","source":"stdout","level":30,"msg":"> Task :expo-web-browser:prepareReleaseArtProfile","time":"2026-02-22T23:34:01.329Z","v":0,"logId":"019c87b3-eb71-76b5-845d-b7795a511c34"}
{"name":"worker","pid":1039,"phase":"RUN_GRADLEW","buildId":"d34559e7-5aef-408c-957f-09a8febd42b4","source":"stdout","level":30,"msg":"> Task :expo-crypto:extractDeepLinksRelease","time":"2026-02-22T23:34:01.329Z","v":0,"logId":"019c87b3-eb71-76b5-845d-b77a133f4261"}
{"name":"worker","pid":1039,"phase":"RUN_GRADLEW","buildId":"d34559e7-5aef-408c-957f-09a8febd42b4","source":"stdout","level":30,"msg":"> Task :expo-web-browser:writeReleaseAarMetadata","time":"2026-02-22T23:34:01.329Z","v":0,"logId":"019c87b3-eb71-76b5-845d-b77b2c5e927a"}
{"name":"worker","pid":1039,"phase":"RUN_GRADLEW","buildId":"d34559e7-5aef-408c-957f-09a8febd42b4","source":"stdout","level":30,"msg":"> Task :expo-file-system:extractDeepLinksRelease","time":"2026-02-22T23:34:01.329Z","v":0,"logId":"019c87b3-eb71-76b5-845d-b77c0bbda332"}
{"name":"worker","pid":1039,"phase":"RUN_GRADLEW","buildId":"d34559e7-5aef-408c-957f-09a8febd42b4","source":"stdout","level":30,"msg":"> Task :expo-keep-awake:extractDeepLinksRelease","time":"2026-02-22T23:34:01.427Z","v":0,"logId":"019c87b3-ebd4-7638-969c-27f31c582eef"}
{"name":"worker","pid":1039,"phase":"RUN_GRADLEW","buildId":"d34559e7-5aef-408c-957f-09a8febd42b4","source":"stdout","level":30,"msg":"> Task :expo-font:extractDeepLinksRelease","time":"2026-02-22T23:34:01.428Z","v":0,"logId":"019c87b3-ebd4-7638-969c-27f4e1a02064"}
{"name":"worker","pid":1039,"phase":"RUN_GRADLEW","buildId":"d34559e7-5aef-408c-957f-09a8febd42b4","source":"stdout","level":30,"msg":"> Task :expo-linear-gradient:extractDeepLinksRelease","time":"2026-02-22T23:34:01.428Z","v":0,"logId":"019c87b3-ebd4-7638-969c-27f5a5b16a5e"}
{"name":"worker","pid":1039,"phase":"RUN_GRADLEW","buildId":"d34559e7-5aef-408c-957f-09a8febd42b4","source":"stdout","level":30,"msg":"> Task :react-native-screens:mergeReleaseShaders","time":"2026-02-22T23:34:01.428Z","v":0,"logId":"019c87b3-ebd4-7638-969c-27f6938dfb3c"}
{"name":"worker","pid":1039,"phase":"RUN_GRADLEW","buildId":"d34559e7-5aef-408c-957f-09a8febd42b4","source":"stdout","level":30,"msg":"> Task :react-native-screens:compileReleaseShaders NO-SOURCE","time":"2026-02-22T23:34:01.428Z","v":0,"logId":"019c87b3-ebd4-7638-969c-27f7fcc7194a"}
{"name":"worker","pid":1039,"phase":"RUN_GRADLEW","buildId":"d34559e7-5aef-408c-957f-09a8febd42b4","source":"stdout","level":30,"msg":"> Task :react-native-screens:generateReleaseAssets UP-TO-DATE","time":"2026-02-22T23:34:01.428Z","v":0,"logId":"019c87b3-ebd4-7638-969c-27f8f18ba99e"}
{"name":"worker","pid":1039,"phase":"RUN_GRADLEW","buildId":"d34559e7-5aef-408c-957f-09a8febd42b4","source":"stdout","level":30,"msg":"> Task :expo-secure-store:extractDeepLinksRelease","time":"2026-02-22T23:34:01.428Z","v":0,"logId":"019c87b3-ebd4-7638-969c-27f90557ccae"}
{"name":"worker","pid":1039,"phase":"RUN_GRADLEW","buildId":"d34559e7-5aef-408c-957f-09a8febd42b4","source":"stdout","level":30,"msg":"> Task :expo-web-browser:extractDeepLinksRelease","time":"2026-02-22T23:34:01.428Z","v":0,"logId":"019c87b3-ebd4-7638-969c-27fa9ef84574"}
{"name":"worker","pid":1039,"phase":"RUN_GRADLEW","buildId":"d34559e7-5aef-408c-957f-09a8febd42b4","source":"stdout","level":30,"msg":"> Task :react-native-safe-area-context:extractDeepLinksRelease","time":"2026-02-22T23:34:01.428Z","v":0,"logId":"019c87b3-ebd4-7638-969c-27fb91a111e9"}
{"name":"worker","pid":1039,"phase":"RUN_GRADLEW","buildId":"d34559e7-5aef-408c-957f-09a8febd42b4","source":"stdout","level":30,"msg":"> Task :react-native-screens:packageReleaseAssets","time":"2026-02-22T23:34:01.428Z","v":0,"logId":"019c87b3-ebd4-7638-969c-27fcdf0fc4fd"}
{"name":"worker","pid":1039,"phase":"RUN_GRADLEW","buildId":"d34559e7-5aef-408c-957f-09a8febd42b4","source":"stdout","level":30,"msg":"> Task :react-native-screens:prepareLintJarForPublish","time":"2026-02-22T23:34:01.428Z","v":0,"logId":"019c87b3-ebd4-7638-969c-27fd2cc4b724"}
{"name":"worker","pid":1039,"phase":"RUN_GRADLEW","buildId":"d34559e7-5aef-408c-957f-09a8febd42b4","source":"stdout","level":30,"msg":"> Task :react-native-screens:prepareReleaseArtProfile","time":"2026-02-22T23:34:01.428Z","v":0,"logId":"019c87b3-ebd4-7638-969c-27fe2b716ef0"}
{"name":"worker","pid":1039,"phase":"RUN_GRADLEW","buildId":"d34559e7-5aef-408c-957f-09a8febd42b4","source":"stdout","level":30,"msg":"> Task :app:buildKotlinToolingMetadata","time":"2026-02-22T23:34:01.428Z","v":0,"logId":"019c87b3-ebd4-7638-969c-27ff8f08fa71"}
{"name":"worker","pid":1039,"phase":"RUN_GRADLEW","buildId":"d34559e7-5aef-408c-957f-09a8febd42b4","source":"stdout","level":30,"msg":"> Task :react-native-screens:writeReleaseAarMetadata","time":"2026-02-22T23:34:01.428Z","v":0,"logId":"019c87b3-ebd4-7638-969c-2800abf05ff1"}
{"name":"worker","pid":1039,"phase":"RUN_GRADLEW","buildId":"d34559e7-5aef-408c-957f-09a8febd42b4","source":"stdout","level":30,"msg":"> Task :app:generateCodegenSchemaFromJavaScript SKIPPED","time":"2026-02-22T23:34:01.428Z","v":0,"logId":"019c87b3-ebd4-7638-969c-28016aed5cb4"}
{"name":"worker","pid":1039,"phase":"RUN_GRADLEW","buildId":"d34559e7-5aef-408c-957f-09a8febd42b4","source":"stdout","level":30,"msg":"> Task :app:generateCodegenArtifactsFromSchema SKIPPED","time":"2026-02-22T23:34:01.428Z","v":0,"logId":"019c87b3-ebd4-7638-969c-2802c71194ef"}
{"name":"worker","pid":1039,"phase":"RUN_GRADLEW","buildId":"d34559e7-5aef-408c-957f-09a8febd42b4","source":"stdout","level":30,"msg":"> Task :app:generatePackageList","time":"2026-02-22T23:34:01.527Z","v":0,"logId":"019c87b3-ec37-773a-aee0-f02b6f348cc1"}
{"name":"worker","pid":1039,"phase":"RUN_GRADLEW","buildId":"d34559e7-5aef-408c-957f-09a8febd42b4","source":"stdout","level":30,"msg":"> Task :app:preBuild","time":"2026-02-22T23:34:01.528Z","v":0,"logId":"019c87b3-ec38-7599-972b-579f0fbcba29"}
{"name":"worker","pid":1039,"phase":"RUN_GRADLEW","buildId":"d34559e7-5aef-408c-957f-09a8febd42b4","source":"stdout","level":30,"msg":"> Task :app:preReleaseBuild","time":"2026-02-22T23:34:01.528Z","v":0,"logId":"019c87b3-ec38-7599-972b-57a082978358"}
{"name":"worker","pid":1039,"phase":"RUN_GRADLEW","buildId":"d34559e7-5aef-408c-957f-09a8febd42b4","source":"stdout","level":30,"msg":"> Task :app:generateReleaseBuildConfig","time":"2026-02-22T23:34:01.528Z","v":0,"logId":"019c87b3-ec38-7599-972b-57a1d411e3de"}
{"name":"worker","pid":1039,"phase":"RUN_GRADLEW","buildId":"d34559e7-5aef-408c-957f-09a8febd42b4","source":"stdout","level":30,"msg":"> Task :expo-modules-core$android-annotation-processor:compileKotlin","time":"2026-02-22T23:34:01.627Z","v":0,"logId":"019c87b3-ec9b-7bd6-a2f9-63de70211faa"}
{"name":"worker","pid":1039,"phase":"RUN_GRADLEW","buildId":"d34559e7-5aef-408c-957f-09a8febd42b4","source":"stdout","level":30,"msg":"> Task :expo-modules-core$android-annotation-processor:compileJava NO-SOURCE","time":"2026-02-22T23:34:01.627Z","v":0,"logId":"019c87b3-ec9c-7911-be15-c5bea2880097"}
{"name":"worker","pid":1039,"phase":"RUN_GRADLEW","buildId":"d34559e7-5aef-408c-957f-09a8febd42b4","source":"stdout","level":30,"msg":"> Task :expo-modules-core$android-annotation-processor:classes","time":"2026-02-22T23:34:01.628Z","v":0,"logId":"019c87b3-ec9c-7911-be15-c5bf85f51ec9"}
{"name":"worker","pid":1039,"phase":"RUN_GRADLEW","buildId":"d34559e7-5aef-408c-957f-09a8febd42b4","source":"stdout","level":30,"msg":"> Task :expo-modules-core$android-annotation-processor:jar","time":"2026-02-22T23:34:01.628Z","v":0,"logId":"019c87b3-ec9c-7911-be15-c5c03b3c14d2"}
{"name":"worker","pid":1039,"phase":"RUN_GRADLEW","buildId":"d34559e7-5aef-408c-957f-09a8febd42b4","source":"stdout","level":30,"msg":"> Task :expo-modules-core$android-annotation-processor:inspectClassesForKotlinIC","time":"2026-02-22T23:34:01.628Z","v":0,"logId":"019c87b3-ec9c-7911-be15-c5c1429b700d"}
{"name":"worker","pid":1039,"phase":"RUN_GRADLEW","buildId":"d34559e7-5aef-408c-957f-09a8febd42b4","source":"stdout","level":30,"msg":"> Task :react-native-screens:extractDeepLinksRelease","time":"2026-02-22T23:34:01.727Z","v":0,"logId":"019c87b3-ecff-7d0d-919c-5df81d8808ec"}
{"name":"worker","pid":1039,"phase":"RUN_GRADLEW","buildId":"d34559e7-5aef-408c-957f-09a8febd42b4","source":"stdout","level":30,"msg":"> Task :expo-application:compileReleaseLibraryResources","time":"2026-02-22T23:34:01.727Z","v":0,"logId":"019c87b3-ed00-7e8b-ad4b-ad8cc0544697"}
{"name":"worker","pid":1039,"phase":"RUN_GRADLEW","buildId":"d34559e7-5aef-408c-957f-09a8febd42b4","source":"stdout","level":30,"msg":"> Task :expo-constants:compileReleaseLibraryResources","time":"2026-02-22T23:34:01.728Z","v":0,"logId":"019c87b3-ed00-7e8b-ad4b-ad8d53ecc403"}
{"name":"worker","pid":1039,"phase":"RUN_GRADLEW","buildId":"d34559e7-5aef-408c-957f-09a8febd42b4","source":"stdout","level":30,"msg":"> Task :expo:compileReleaseLibraryResources","time":"2026-02-22T23:34:01.728Z","v":0,"logId":"019c87b3-ed00-7e8b-ad4b-ad8e5603184f"}
{"name":"worker","pid":1039,"phase":"RUN_GRADLEW","buildId":"d34559e7-5aef-408c-957f-09a8febd42b4","source":"stdout","level":30,"msg":"> Task :expo-crypto:compileReleaseLibraryResources","time":"2026-02-22T23:34:01.728Z","v":0,"logId":"019c87b3-ed00-7e8b-ad4b-ad8f75235916"}
{"name":"worker","pid":1039,"phase":"RUN_GRADLEW","buildId":"d34559e7-5aef-408c-957f-09a8febd42b4","source":"stdout","level":30,"msg":"> Task :expo-font:compileReleaseLibraryResources","time":"2026-02-22T23:34:01.827Z","v":0,"logId":"019c87b3-ed63-7a58-8f65-5dd35954d5ff"}
{"name":"worker","pid":1039,"phase":"RUN_GRADLEW","buildId":"d34559e7-5aef-408c-957f-09a8febd42b4","source":"stdout","level":30,"msg":"> Task :expo-keep-awake:compileReleaseLibraryResources","time":"2026-02-22T23:34:01.828Z","v":0,"logId":"019c87b3-ed64-7cde-92ff-7f6c0e6850e8"}
{"name":"worker","pid":1039,"phase":"RUN_GRADLEW","buildId":"d34559e7-5aef-408c-957f-09a8febd42b4","source":"stdout","level":30,"msg":"> Task :expo-linear-gradient:compileReleaseLibraryResources","time":"2026-02-22T23:34:01.828Z","v":0,"logId":"019c87b3-ed64-7cde-92ff-7f6d6f57eb8c"}
{"name":"worker","pid":1039,"phase":"RUN_GRADLEW","buildId":"d34559e7-5aef-408c-957f-09a8febd42b4","source":"stdout","level":30,"msg":"> Task :expo-secure-store:compileReleaseLibraryResources","time":"2026-02-22T23:34:01.828Z","v":0,"logId":"019c87b3-ed64-7cde-92ff-7f6ec5c462d3"}
{"name":"worker","pid":1039,"phase":"RUN_GRADLEW","buildId":"d34559e7-5aef-408c-957f-09a8febd42b4","source":"stdout","level":30,"msg":"> Task :expo-web-browser:compileReleaseLibraryResources","time":"2026-02-22T23:34:01.928Z","v":0,"logId":"019c87b3-edc8-7f24-a81e-cb14b44411f4"}
{"name":"worker","pid":1039,"phase":"RUN_GRADLEW","buildId":"d34559e7-5aef-408c-957f-09a8febd42b4","source":"stdout","level":30,"msg":"> Task :react-native-safe-area-context:compileReleaseLibraryResources","time":"2026-02-22T23:34:01.928Z","v":0,"logId":"019c87b3-edc8-7f24-a81e-cb15b0984314"}
{"name":"worker","pid":1039,"phase":"RUN_GRADLEW","buildId":"d34559e7-5aef-408c-957f-09a8febd42b4","source":"stdout","level":30,"msg":"> Task :expo-file-system:compileReleaseLibraryResources","time":"2026-02-22T23:34:01.928Z","v":0,"logId":"019c87b3-edc8-7f24-a81e-cb16d9024392"}
{"name":"worker","pid":1039,"phase":"RUN_GRADLEW","buildId":"d34559e7-5aef-408c-957f-09a8febd42b4","source":"stdout","level":30,"msg":"> Task :expo:writeReleaseLintModelMetadata","time":"2026-02-22T23:34:01.928Z","v":0,"logId":"019c87b3-edc8-7f24-a81e-cb17b4ad4286"}
{"name":"worker","pid":1039,"phase":"RUN_GRADLEW","buildId":"d34559e7-5aef-408c-957f-09a8febd42b4","source":"stdout","level":30,"msg":"> Task :expo-application:writeReleaseLintModelMetadata","time":"2026-02-22T23:34:01.929Z","v":0,"logId":"019c87b3-edc9-74b6-a85d-37182d4aa136"}
{"name":"worker","pid":1039,"phase":"RUN_GRADLEW","buildId":"d34559e7-5aef-408c-957f-09a8febd42b4","source":"stdout","level":30,"msg":"> Task :expo-constants:writeReleaseLintModelMetadata","time":"2026-02-22T23:34:01.929Z","v":0,"logId":"019c87b3-edc9-74b6-a85d-37199ca0634d"}
{"name":"worker","pid":1039,"phase":"RUN_GRADLEW","buildId":"d34559e7-5aef-408c-957f-09a8febd42b4","source":"stdout","level":30,"msg":"> Task :expo-crypto:writeReleaseLintModelMetadata","time":"2026-02-22T23:34:01.929Z","v":0,"logId":"019c87b3-edc9-74b6-a85d-371acc4d3f92"}
{"name":"worker","pid":1039,"phase":"RUN_GRADLEW","buildId":"d34559e7-5aef-408c-957f-09a8febd42b4","source":"stdout","level":30,"msg":"> Task :react-native-screens:compileReleaseLibraryResources","time":"2026-02-22T23:34:01.929Z","v":0,"logId":"019c87b3-edc9-74b6-a85d-371b3ba140dd"}
{"name":"worker","pid":1039,"phase":"RUN_GRADLEW","buildId":"d34559e7-5aef-408c-957f-09a8febd42b4","source":"stdout","level":30,"msg":"> Task :expo-font:writeReleaseLintModelMetadata","time":"2026-02-22T23:34:01.929Z","v":0,"logId":"019c87b3-edc9-74b6-a85d-371c4bec1afd"}
{"name":"worker","pid":1039,"phase":"RUN_GRADLEW","buildId":"d34559e7-5aef-408c-957f-09a8febd42b4","source":"stdout","level":30,"msg":"> Task :expo-keep-awake:writeReleaseLintModelMetadata","time":"2026-02-22T23:34:01.929Z","v":0,"logId":"019c87b3-edc9-74b6-a85d-371d41305b1d"}
{"name":"worker","pid":1039,"phase":"RUN_GRADLEW","buildId":"d34559e7-5aef-408c-957f-09a8febd42b4","source":"stdout","level":30,"msg":"> Task :expo-linear-gradient:writeReleaseLintModelMetadata","time":"2026-02-22T23:34:02.027Z","v":0,"logId":"019c87b3-ee2b-75f4-953c-1de43437b73f"}
{"name":"worker","pid":1039,"phase":"RUN_GRADLEW","buildId":"d34559e7-5aef-408c-957f-09a8febd42b4","source":"stdout","level":30,"msg":"> Task :expo-file-system:writeReleaseLintModelMetadata","time":"2026-02-22T23:34:02.027Z","v":0,"logId":"019c87b3-ee2b-75f4-953c-1de50a89da62"}
{"name":"worker","pid":1039,"phase":"RUN_GRADLEW","buildId":"d34559e7-5aef-408c-957f-09a8febd42b4","source":"stdout","level":30,"msg":"> Task :expo-secure-store:writeReleaseLintModelMetadata","time":"2026-02-22T23:34:02.028Z","v":0,"logId":"019c87b3-ee2c-7c89-bc66-0fd89a958eb8"}
{"name":"worker","pid":1039,"phase":"RUN_GRADLEW","buildId":"d34559e7-5aef-408c-957f-09a8febd42b4","source":"stdout","level":30,"msg":"> Task :react-native-safe-area-context:writeReleaseLintModelMetadata","time":"2026-02-22T23:34:02.028Z","v":0,"logId":"019c87b3-ee2c-7c89-bc66-0fd9eee67966"}
{"name":"worker","pid":1039,"phase":"RUN_GRADLEW","buildId":"d34559e7-5aef-408c-957f-09a8febd42b4","source":"stdout","level":30,"msg":"> Task :react-native-screens:writeReleaseLintModelMetadata","time":"2026-02-22T23:34:02.028Z","v":0,"logId":"019c87b3-ee2c-7c89-bc66-0fdae98626c1"}
{"name":"worker","pid":1039,"phase":"RUN_GRADLEW","buildId":"d34559e7-5aef-408c-957f-09a8febd42b4","source":"stdout","level":30,"msg":"> Task :expo-web-browser:writeReleaseLintModelMetadata","time":"2026-02-22T23:34:02.028Z","v":0,"logId":"019c87b3-ee2c-7c89-bc66-0fdb05994cff"}
{"name":"worker","pid":1039,"phase":"RUN_GRADLEW","buildId":"d34559e7-5aef-408c-957f-09a8febd42b4","source":"stdout","level":30,"msg":"> Task :expo:copyReleaseJniLibsProjectOnly","time":"2026-02-22T23:34:02.028Z","v":0,"logId":"019c87b3-ee2c-7c89-bc66-0fdc9410bba6"}
{"name":"worker","pid":1039,"phase":"RUN_GRADLEW","buildId":"d34559e7-5aef-408c-957f-09a8febd42b4","source":"stdout","level":30,"msg":"> Task :expo-application:copyReleaseJniLibsProjectOnly","time":"2026-02-22T23:34:02.028Z","v":0,"logId":"019c87b3-ee2c-7c89-bc66-0fdd42679263"}
{"name":"worker","pid":1039,"phase":"RUN_GRADLEW","buildId":"d34559e7-5aef-408c-957f-09a8febd42b4","source":"stdout","level":30,"msg":"> Task :expo-constants:copyReleaseJniLibsProjectOnly","time":"2026-02-22T23:34:02.028Z","v":0,"logId":"019c87b3-ee2c-7c89-bc66-0fde99603150"}
{"name":"worker","pid":1039,"phase":"RUN_GRADLEW","buildId":"d34559e7-5aef-408c-957f-09a8febd42b4","source":"stdout","level":30,"msg":"> Task :expo-crypto:copyReleaseJniLibsProjectOnly","time":"2026-02-22T23:34:02.028Z","v":0,"logId":"019c87b3-ee2c-7c89-bc66-0fdf8c1f9cd8"}
{"name":"worker","pid":1039,"phase":"RUN_GRADLEW","buildId":"d34559e7-5aef-408c-957f-09a8febd42b4","source":"stdout","level":30,"msg":"> Task :expo-font:copyReleaseJniLibsProjectOnly","time":"2026-02-22T23:34:02.028Z","v":0,"logId":"019c87b3-ee2c-7c89-bc66-0fe0e829dc2f"}
{"name":"worker","pid":1039,"phase":"RUN_GRADLEW","buildId":"d34559e7-5aef-408c-957f-09a8febd42b4","source":"stdout","level":30,"msg":"> Task :expo-file-system:copyReleaseJniLibsProjectOnly","time":"2026-02-22T23:34:02.028Z","v":0,"logId":"019c87b3-ee2c-7c89-bc66-0fe10694390f"}
{"name":"worker","pid":1039,"phase":"RUN_GRADLEW","buildId":"d34559e7-5aef-408c-957f-09a8febd42b4","source":"stdout","level":30,"msg":"> Task :expo-keep-awake:copyReleaseJniLibsProjectOnly","time":"2026-02-22T23:34:02.028Z","v":0,"logId":"019c87b3-ee2c-7c89-bc66-0fe2afbfe1ea"}
{"name":"worker","pid":1039,"phase":"RUN_GRADLEW","buildId":"d34559e7-5aef-408c-957f-09a8febd42b4","source":"stdout","level":30,"msg":"> Task :expo-linear-gradient:copyReleaseJniLibsProjectOnly","time":"2026-02-22T23:34:02.028Z","v":0,"logId":"019c87b3-ee2c-7c89-bc66-0fe3d2f5afdc"}
{"name":"worker","pid":1039,"phase":"RUN_GRADLEW","buildId":"d34559e7-5aef-408c-957f-09a8febd42b4","source":"stdout","level":30,"msg":"> Task :expo-web-browser:copyReleaseJniLibsProjectOnly","time":"2026-02-22T23:34:02.028Z","v":0,"logId":"019c87b3-ee2c-7c89-bc66-0fe4792eff65"}
{"name":"worker","pid":1039,"phase":"RUN_GRADLEW","buildId":"d34559e7-5aef-408c-957f-09a8febd42b4","source":"stdout","level":30,"msg":"> Task :expo-secure-store:copyReleaseJniLibsProjectOnly","time":"2026-02-22T23:34:02.028Z","v":0,"logId":"019c87b3-ee2c-7c89-bc66-0fe515837056"}
{"name":"worker","pid":1039,"phase":"RUN_GRADLEW","buildId":"d34559e7-5aef-408c-957f-09a8febd42b4","source":"stdout","level":30,"msg":"> Task :react-native-screens:copyReleaseJniLibsProjectOnly","time":"2026-02-22T23:34:02.028Z","v":0,"logId":"019c87b3-ee2c-7c89-bc66-0fe60f4fed4c"}
{"name":"worker","pid":1039,"phase":"RUN_GRADLEW","buildId":"d34559e7-5aef-408c-957f-09a8febd42b4","source":"stdout","level":30,"msg":"> Task :react-native-safe-area-context:copyReleaseJniLibsProjectOnly","time":"2026-02-22T23:34:02.028Z","v":0,"logId":"019c87b3-ee2c-7c89-bc66-0fe7cc67bee5"}
{"name":"worker","pid":1039,"phase":"RUN_GRADLEW","buildId":"d34559e7-5aef-408c-957f-09a8febd42b4","source":"stdout","level":30,"msg":"> Task :expo-modules-core:configureCMakeRelWithDebInfo[arm64-v8a]","time":"2026-02-22T23:34:03.427Z","v":0,"logId":"019c87b3-f3a3-7640-ad93-8f00fc049536"}
{"name":"worker","pid":1039,"phase":"RUN_GRADLEW","buildId":"d34559e7-5aef-408c-957f-09a8febd42b4","source":"stdout","level":30,"msg":"Checking the license for package CMake 3.22.1 in /home/expo/Android/Sdk/licenses","time":"2026-02-22T23:34:03.428Z","v":0,"logId":"019c87b3-f3a4-7b58-8d90-94a8fdfb851d"}
{"name":"worker","pid":1039,"phase":"RUN_GRADLEW","buildId":"d34559e7-5aef-408c-957f-09a8febd42b4","source":"stdout","level":30,"msg":"License for package CMake 3.22.1 accepted.","time":"2026-02-22T23:34:03.428Z","v":0,"logId":"019c87b3-f3a4-7b58-8d90-94a9d9d14b9c"}
{"name":"worker","pid":1039,"phase":"RUN_GRADLEW","buildId":"d34559e7-5aef-408c-957f-09a8febd42b4","source":"stdout","level":30,"msg":"Preparing \"Install CMake 3.22.1 v.3.22.1\".","time":"2026-02-22T23:34:03.428Z","v":0,"logId":"019c87b3-f3a4-7b58-8d90-94aac053d6eb"}
{"name":"worker","pid":1039,"phase":"RUN_GRADLEW","buildId":"d34559e7-5aef-408c-957f-09a8febd42b4","source":"stdout","level":30,"msg":"\"Install CMake 3.22.1 v.3.22.1\" ready.","time":"2026-02-22T23:34:03.428Z","v":0,"logId":"019c87b3-f3a4-7b58-8d90-94abf39a8bac"}
{"name":"worker","pid":1039,"phase":"RUN_GRADLEW","buildId":"d34559e7-5aef-408c-957f-09a8febd42b4","source":"stdout","level":30,"msg":"Installing CMake 3.22.1 in /home/expo/Android/Sdk/cmake/3.22.1","time":"2026-02-22T23:34:03.428Z","v":0,"logId":"019c87b3-f3a4-7b58-8d90-94ac764eb428"}
{"name":"worker","pid":1039,"phase":"RUN_GRADLEW","buildId":"d34559e7-5aef-408c-957f-09a8febd42b4","source":"stdout","level":30,"msg":"\"Install CMake 3.22.1 v.3.22.1\" complete.","time":"2026-02-22T23:34:03.428Z","v":0,"logId":"019c87b3-f3a4-7b58-8d90-94ad6edbd8c9"}
{"name":"worker","pid":1039,"phase":"RUN_GRADLEW","buildId":"d34559e7-5aef-408c-957f-09a8febd42b4","source":"stdout","level":30,"msg":"\"Install CMake 3.22.1 v.3.22.1\" finished.","time":"2026-02-22T23:34:03.428Z","v":0,"logId":"019c87b3-f3a4-7b58-8d90-94ae53299668"}
{"name":"worker","pid":1039,"phase":"RUN_GRADLEW","buildId":"d34559e7-5aef-408c-957f-09a8febd42b4","source":"stdout","level":30,"msg":"> Task :react-native-svg:extractReleaseAnnotations","time":"2026-02-22T23:34:06.227Z","v":0,"logId":"019c87b3-fe93-71f2-8bf0-e6cf0abeb456"}
{"name":"worker","pid":1039,"phase":"RUN_GRADLEW","buildId":"d34559e7-5aef-408c-957f-09a8febd42b4","source":"stdout","level":30,"msg":"> Task :react-native-safe-area-context:compileReleaseKotlin","time":"2026-02-22T23:34:06.927Z","v":0,"logId":"019c87b4-014f-799f-ab16-84a2a6a125fe"}
{"name":"worker","pid":1039,"phase":"RUN_GRADLEW","buildId":"d34559e7-5aef-408c-957f-09a8febd42b4","source":"stdout","level":30,"msg":"w: file:///home/expo/workingdir/build/mobile/node_modules/react-native-safe-area-context/android/src/main/java/com/th3rdwave/safeareacontext/SafeAreaContextModule.kt:7:46 'ReactModule' is deprecated. Deprecated in Java","time":"2026-02-22T23:34:06.928Z","v":0,"logId":"019c87b4-0150-7674-871d-be0372a8dc85"}
{"name":"worker","pid":1039,"phase":"RUN_GRADLEW","buildId":"d34559e7-5aef-408c-957f-09a8febd42b4","source":"stdout","level":30,"msg":"w: file:///home/expo/workingdir/build/mobile/node_modules/react-native-safe-area-context/android/src/main/java/com/th3rdwave/safeareacontext/SafeAreaContextModule.kt:9:2 'ReactModule' is deprecated. Deprecated in Java","time":"2026-02-22T23:34:06.928Z","v":0,"logId":"019c87b4-0150-7674-871d-be04040951f7"}
{"name":"worker","pid":1039,"phase":"RUN_GRADLEW","buildId":"d34559e7-5aef-408c-957f-09a8febd42b4","source":"stdout","level":30,"msg":"w: file:///home/expo/workingdir/build/mobile/node_modules/react-native-safe-area-context/android/src/main/java/com/th3rdwave/safeareacontext/SafeAreaContextPackage.kt:6:46 'ReactModule' is deprecated. Deprecated in Java","time":"2026-02-22T23:34:06.928Z","v":0,"logId":"019c87b4-0150-7674-871d-be05e61e93c7"}
{"name":"worker","pid":1039,"phase":"RUN_GRADLEW","buildId":"d34559e7-5aef-408c-957f-09a8febd42b4","source":"stdout","level":30,"msg":"w: file:///home/expo/workingdir/build/mobile/node_modules/react-native-safe-area-context/android/src/main/java/com/th3rdwave/safeareacontext/SafeAreaContextPackage.kt:26:51 'ReactModule' is deprecated. Deprecated in Java","time":"2026-02-22T23:34:06.928Z","v":0,"logId":"019c87b4-0150-7674-871d-be0628973f59"}
{"name":"worker","pid":1039,"phase":"RUN_GRADLEW","buildId":"d34559e7-5aef-408c-957f-09a8febd42b4","source":"stdout","level":30,"msg":"w: file:///home/expo/workingdir/build/mobile/node_modules/react-native-safe-area-context/android/src/main/java/com/th3rdwave/safeareacontext/SafeAreaContextPackage.kt:28:11 'constructor ReactModuleInfo(String!, String!, Boolean, Boolean, Boolean, Boolean, Boolean)' is deprecated. Deprecated in Java","time":"2026-02-22T23:34:06.928Z","v":0,"logId":"019c87b4-0150-7674-871d-be07cf4fc57b"}
{"name":"worker","pid":1039,"phase":"RUN_GRADLEW","buildId":"d34559e7-5aef-408c-957f-09a8febd42b4","source":"stdout","level":30,"msg":"w: file:///home/expo/workingdir/build/mobile/node_modules/react-native-safe-area-context/android/src/main/java/com/th3rdwave/safeareacontext/SafeAreaContextPackage.kt:34:27 'hasConstants: Boolean' is deprecated. Deprecated in Java","time":"2026-02-22T23:34:06.928Z","v":0,"logId":"019c87b4-0150-7674-871d-be0867683d9c"}
{"name":"worker","pid":1039,"phase":"RUN_GRADLEW","buildId":"d34559e7-5aef-408c-957f-09a8febd42b4","source":"stdout","level":30,"msg":"w: file:///home/expo/workingdir/build/mobile/node_modules/react-native-safe-area-context/android/src/main/java/com/th3rdwave/safeareacontext/SafeAreaProviderManager.kt:4:46 'ReactModule' is deprecated. Deprecated in Java","time":"2026-02-22T23:34:06.928Z","v":0,"logId":"019c87b4-0150-7674-871d-be09c8aa5992"}
{"name":"worker","pid":1039,"phase":"RUN_GRADLEW","buildId":"d34559e7-5aef-408c-957f-09a8febd42b4","source":"stdout","level":30,"msg":"w: file:///home/expo/workingdir/build/mobile/node_modules/react-native-safe-area-context/android/src/main/java/com/th3rdwave/safeareacontext/SafeAreaProviderManager.kt:11:2 'ReactModule' is deprecated. Deprecated in Java","time":"2026-02-22T23:34:06.928Z","v":0,"logId":"019c87b4-0150-7674-871d-be0a4b7233e0"}
{"name":"worker","pid":1039,"phase":"RUN_GRADLEW","buildId":"d34559e7-5aef-408c-957f-09a8febd42b4","source":"stdout","level":30,"msg":"w: file:///home/expo/workingdir/build/mobile/node_modules/react-native-safe-area-context/android/src/main/java/com/th3rdwave/safeareacontext/SafeAreaView.kt:59:23 'getter for uiImplementation: UIImplementation!' is deprecated. Deprecated in Java","time":"2026-02-22T23:34:06.928Z","v":0,"logId":"019c87b4-0150-7674-871d-be0ba234ad95"}
{"name":"worker","pid":1039,"phase":"RUN_GRADLEW","buildId":"d34559e7-5aef-408c-957f-09a8febd42b4","source":"stdout","level":30,"msg":"w: file:///home/expo/workingdir/build/mobile/node_modules/react-native-safe-area-context/android/src/main/java/com/th3rdwave/safeareacontext/SafeAreaViewManager.kt:4:46 'ReactModule' is deprecated. Deprecated in Java","time":"2026-02-22T23:34:06.928Z","v":0,"logId":"019c87b4-0150-7674-871d-be0c36219496"}
{"name":"worker","pid":1039,"phase":"RUN_GRADLEW","buildId":"d34559e7-5aef-408c-957f-09a8febd42b4","source":"stdout","level":30,"msg":"w: file:///home/expo/workingdir/build/mobile/node_modules/react-native-safe-area-context/android/src/main/java/com/th3rdwave/safeareacontext/SafeAreaViewManager.kt:14:2 'ReactModule' is deprecated. Deprecated in Java","time":"2026-02-22T23:34:06.928Z","v":0,"logId":"019c87b4-0150-7674-871d-be0dffa6ec19"}
{"name":"worker","pid":1039,"phase":"RUN_GRADLEW","buildId":"d34559e7-5aef-408c-957f-09a8febd42b4","source":"stdout","level":30,"msg":"> Task :react-native-safe-area-context:extractReleaseAnnotations","time":"2026-02-22T23:34:07.027Z","v":0,"logId":"019c87b4-01b4-7a76-9b02-4296e0aaa493"}
{"name":"worker","pid":1039,"phase":"RUN_GRADLEW","buildId":"d34559e7-5aef-408c-957f-09a8febd42b4","source":"stdout","level":30,"msg":"> Task :react-native-safe-area-context:compileReleaseJavaWithJavac","time":"2026-02-22T23:34:10.927Z","v":0,"logId":"019c87b4-10ef-7afd-8f4b-18a7ce7828e5"}
{"name":"worker","pid":1039,"phase":"RUN_GRADLEW","buildId":"d34559e7-5aef-408c-957f-09a8febd42b4","source":"stderr","level":30,"msg":"Note: /home/expo/workingdir/build/mobile/node_modules/react-native-safe-area-context/android/src/paper/java/com/th3rdwave/safeareacontext/NativeSafeAreaContextSpec.java uses or overrides a deprecated API.","time":"2026-02-22T23:34:10.928Z","v":0,"logId":"019c87b4-10f0-7c9e-96d6-232dfc28602c"}
{"name":"worker","pid":1039,"phase":"RUN_GRADLEW","buildId":"d34559e7-5aef-408c-957f-09a8febd42b4","source":"stderr","level":30,"msg":"Note: Recompile with -Xlint:deprecation for details.","time":"2026-02-22T23:34:10.928Z","v":0,"logId":"019c87b4-10f0-7c9e-96d6-232e84e93443"}
{"name":"worker","pid":1039,"phase":"RUN_GRADLEW","buildId":"d34559e7-5aef-408c-957f-09a8febd42b4","source":"stdout","level":30,"msg":"> Task :react-native-safe-area-context:mergeReleaseGeneratedProguardFiles","time":"2026-02-22T23:34:15.027Z","v":0,"logId":"019c87b4-20f3-74c3-9b12-0f84a87377a1"}
{"name":"worker","pid":1039,"phase":"RUN_GRADLEW","buildId":"d34559e7-5aef-408c-957f-09a8febd42b4","source":"stdout","level":30,"msg":"> Task :react-native-safe-area-context:mergeReleaseConsumerProguardFiles","time":"2026-02-22T23:34:15.027Z","v":0,"logId":"019c87b4-20f3-74c3-9b12-0f859a41642d"}
{"name":"worker","pid":1039,"phase":"RUN_GRADLEW","buildId":"d34559e7-5aef-408c-957f-09a8febd42b4","source":"stdout","level":30,"msg":"> Task :react-native-safe-area-context:processReleaseJavaRes","time":"2026-02-22T23:34:15.027Z","v":0,"logId":"019c87b4-20f3-74c3-9b12-0f86c8270f6f"}
{"name":"worker","pid":1039,"phase":"RUN_GRADLEW","buildId":"d34559e7-5aef-408c-957f-09a8febd42b4","source":"stdout","level":30,"msg":"> Task :react-native-svg:compileReleaseJavaWithJavac","time":"2026-02-22T23:34:15.028Z","v":0,"logId":"019c87b4-20f4-7289-bfb5-5d38eafd51e3"}
{"name":"worker","pid":1039,"phase":"RUN_GRADLEW","buildId":"d34559e7-5aef-408c-957f-09a8febd42b4","source":"stderr","level":30,"msg":"/home/expo/workingdir/build/mobile/node_modules/react-native-svg/android/src/main/java/com/horcrux/svg/RNSVGRenderableManager.java:11: warning: [removal] StandardCharsets in com.facebook.react.common has been deprecated and marked for removal","time":"2026-02-22T23:34:15.028Z","v":0,"logId":"019c87b4-20f4-7289-bfb5-5d39ff38c90b"}
{"name":"worker","pid":1039,"phase":"RUN_GRADLEW","buildId":"d34559e7-5aef-408c-957f-09a8febd42b4","source":"stderr","level":30,"msg":"import static com.facebook.react.common.StandardCharsets.UTF_8;","time":"2026-02-22T23:34:15.028Z","v":0,"logId":"019c87b4-20f4-7289-bfb5-5d3ad28117dd"}
{"name":"worker","pid":1039,"phase":"RUN_GRADLEW","buildId":"d34559e7-5aef-408c-957f-09a8febd42b4","source":"stderr","level":30,"msg":"                                       ^","time":"2026-02-22T23:34:15.028Z","v":0,"logId":"019c87b4-20f4-7289-bfb5-5d3b1c2ad443"}
{"name":"worker","pid":1039,"phase":"RUN_GRADLEW","buildId":"d34559e7-5aef-408c-957f-09a8febd42b4","source":"stdout","level":30,"msg":"> Task :react-native-safe-area-context:bundleLibRuntimeToJarRelease","time":"2026-02-22T23:34:15.133Z","v":0,"logId":"019c87b4-215e-7a9a-bfa0-97d0b4a544b8"}
{"name":"worker","pid":1039,"phase":"RUN_GRADLEW","buildId":"d34559e7-5aef-408c-957f-09a8febd42b4","source":"stdout","level":30,"msg":"> Task :react-native-safe-area-context:createFullJarRelease","time":"2026-02-22T23:34:15.134Z","v":0,"logId":"019c87b4-215e-7a9a-bfa0-97d1254b9ded"}
{"name":"worker","pid":1039,"phase":"RUN_GRADLEW","buildId":"d34559e7-5aef-408c-957f-09a8febd42b4","source":"stdout","level":30,"msg":"> Task :react-native-safe-area-context:bundleLibCompileToJarRelease","time":"2026-02-22T23:34:15.134Z","v":0,"logId":"019c87b4-215e-7a9a-bfa0-97d27a7543c4"}
{"name":"worker","pid":1039,"phase":"RUN_GRADLEW","buildId":"d34559e7-5aef-408c-957f-09a8febd42b4","source":"stdout","level":30,"msg":"> Task :react-native-safe-area-context:mergeReleaseJavaResource","time":"2026-02-22T23:34:15.335Z","v":0,"logId":"019c87b4-2227-7099-9953-a1b1c0fc3634"}
{"name":"worker","pid":1039,"phase":"RUN_GRADLEW","buildId":"d34559e7-5aef-408c-957f-09a8febd42b4","source":"stdout","level":30,"msg":"> Task :react-native-safe-area-context:syncReleaseLibJars","time":"2026-02-22T23:34:15.427Z","v":0,"logId":"019c87b4-2283-7d2d-a3f0-d1ba34c83465"}
{"name":"worker","pid":1039,"phase":"RUN_GRADLEW","buildId":"d34559e7-5aef-408c-957f-09a8febd42b4","source":"stdout","level":30,"msg":"> Task :react-native-safe-area-context:bundleReleaseLocalLintAar","time":"2026-02-22T23:34:15.427Z","v":0,"logId":"019c87b4-2283-7d2d-a3f0-d1bb32d90e89"}
{"name":"worker","pid":1039,"phase":"RUN_GRADLEW","buildId":"d34559e7-5aef-408c-957f-09a8febd42b4","source":"stdout","level":30,"msg":"> Task :react-native-svg:compileReleaseJavaWithJavac","time":"2026-02-22T23:34:16.527Z","v":0,"logId":"019c87b4-26cf-7b11-9059-3fea6890cb7b"}
{"name":"worker","pid":1039,"phase":"RUN_GRADLEW","buildId":"d34559e7-5aef-408c-957f-09a8febd42b4","source":"stdout","level":30,"msg":"> Task :react-native-svg:mergeReleaseGeneratedProguardFiles","time":"2026-02-22T23:34:16.528Z","v":0,"logId":"019c87b4-26d0-7dbb-a7ba-86d554c8ad4e"}
{"name":"worker","pid":1039,"phase":"RUN_GRADLEW","buildId":"d34559e7-5aef-408c-957f-09a8febd42b4","source":"stdout","level":30,"msg":"> Task :react-native-svg:mergeReleaseConsumerProguardFiles","time":"2026-02-22T23:34:16.528Z","v":0,"logId":"019c87b4-26d0-7dbb-a7ba-86d623d9c173"}
{"name":"worker","pid":1039,"phase":"RUN_GRADLEW","buildId":"d34559e7-5aef-408c-957f-09a8febd42b4","source":"stdout","level":30,"msg":"> Task :react-native-svg:processReleaseJavaRes NO-SOURCE","time":"2026-02-22T23:34:16.528Z","v":0,"logId":"019c87b4-26d0-7dbb-a7ba-86d7cbd06b0e"}
{"name":"worker","pid":1039,"phase":"RUN_GRADLEW","buildId":"d34559e7-5aef-408c-957f-09a8febd42b4","source":"stdout","level":30,"msg":"> Task :react-native-svg:mergeReleaseJavaResource","time":"2026-02-22T23:34:16.528Z","v":0,"logId":"019c87b4-26d0-7dbb-a7ba-86d8ee90f5ab"}
{"name":"worker","pid":1039,"phase":"RUN_GRADLEW","buildId":"d34559e7-5aef-408c-957f-09a8febd42b4","source":"stdout","level":30,"msg":"> Task :react-native-svg:writeReleaseAarMetadata","time":"2026-02-22T23:34:16.528Z","v":0,"logId":"019c87b4-26d0-7dbb-a7ba-86d9ecc9218e"}
{"name":"worker","pid":1039,"phase":"RUN_GRADLEW","buildId":"d34559e7-5aef-408c-957f-09a8febd42b4","source":"stderr","level":30,"msg":"Note: Some input files use or override a deprecated API.","time":"2026-02-22T23:34:16.528Z","v":0,"logId":"019c87b4-26d0-7dbb-a7ba-86da62e0b091"}
{"name":"worker","pid":1039,"phase":"RUN_GRADLEW","buildId":"d34559e7-5aef-408c-957f-09a8febd42b4","source":"stderr","level":30,"msg":"Note: Recompile with -Xlint:deprecation for details.","time":"2026-02-22T23:34:16.528Z","v":0,"logId":"019c87b4-26d0-7dbb-a7ba-86dbd8aa340e"}
{"name":"worker","pid":1039,"phase":"RUN_GRADLEW","buildId":"d34559e7-5aef-408c-957f-09a8febd42b4","source":"stderr","level":30,"msg":"Note: Some input files use unchecked or unsafe operations.","time":"2026-02-22T23:34:16.528Z","v":0,"logId":"019c87b4-26d0-7dbb-a7ba-86dc089f6453"}
{"name":"worker","pid":1039,"phase":"RUN_GRADLEW","buildId":"d34559e7-5aef-408c-957f-09a8febd42b4","source":"stderr","level":30,"msg":"Note: Recompile with -Xlint:unchecked for details.","time":"2026-02-22T23:34:16.528Z","v":0,"logId":"019c87b4-26d0-7dbb-a7ba-86dd0f0b9ac2"}
{"name":"worker","pid":1039,"phase":"RUN_GRADLEW","buildId":"d34559e7-5aef-408c-957f-09a8febd42b4","source":"stderr","level":30,"msg":"1 warning","time":"2026-02-22T23:34:16.528Z","v":0,"logId":"019c87b4-26d0-7dbb-a7ba-86de5c8a4b2c"}
{"name":"worker","pid":1039,"phase":"RUN_GRADLEW","buildId":"d34559e7-5aef-408c-957f-09a8febd42b4","source":"stdout","level":30,"msg":"> Task :react-native-svg:syncReleaseLibJars","time":"2026-02-22T23:34:16.727Z","v":0,"logId":"019c87b4-2797-70f3-8677-4f285e060a69"}
{"name":"worker","pid":1039,"phase":"RUN_GRADLEW","buildId":"d34559e7-5aef-408c-957f-09a8febd42b4","source":"stdout","level":30,"msg":"> Task :react-native-svg:bundleReleaseLocalLintAar","time":"2026-02-22T23:34:16.827Z","v":0,"logId":"019c87b4-27fb-731b-9dfc-68ef1b25cf4d"}
{"name":"worker","pid":1039,"phase":"RUN_GRADLEW","buildId":"d34559e7-5aef-408c-957f-09a8febd42b4","source":"stdout","level":30,"msg":"> Task :react-native-svg:extractDeepLinksRelease","time":"2026-02-22T23:34:16.827Z","v":0,"logId":"019c87b4-27fb-731b-9dfc-68f013d5b177"}
{"name":"worker","pid":1039,"phase":"RUN_GRADLEW","buildId":"d34559e7-5aef-408c-957f-09a8febd42b4","source":"stdout","level":30,"msg":"> Task :react-native-svg:compileReleaseLibraryResources","time":"2026-02-22T23:34:16.828Z","v":0,"logId":"019c87b4-27fc-761f-a078-3c1ef1f6dc82"}
{"name":"worker","pid":1039,"phase":"RUN_GRADLEW","buildId":"d34559e7-5aef-408c-957f-09a8febd42b4","source":"stdout","level":30,"msg":"> Task :react-native-svg:bundleLibRuntimeToJarRelease","time":"2026-02-22T23:34:16.828Z","v":0,"logId":"019c87b4-27fc-761f-a078-3c1f6223fd48"}
{"name":"worker","pid":1039,"phase":"RUN_GRADLEW","buildId":"d34559e7-5aef-408c-957f-09a8febd42b4","source":"stdout","level":30,"msg":"> Task :react-native-svg:bundleLibCompileToJarRelease","time":"2026-02-22T23:34:16.828Z","v":0,"logId":"019c87b4-27fc-761f-a078-3c202463a8fb"}
{"name":"worker","pid":1039,"phase":"RUN_GRADLEW","buildId":"d34559e7-5aef-408c-957f-09a8febd42b4","source":"stdout","level":30,"msg":"> Task :react-native-svg:writeReleaseLintModelMetadata","time":"2026-02-22T23:34:16.828Z","v":0,"logId":"019c87b4-27fc-761f-a078-3c213996b4e5"}
{"name":"worker","pid":1039,"phase":"RUN_GRADLEW","buildId":"d34559e7-5aef-408c-957f-09a8febd42b4","source":"stdout","level":30,"msg":"> Task :react-native-svg:createFullJarRelease","time":"2026-02-22T23:34:16.927Z","v":0,"logId":"019c87b4-285f-7b79-9043-57eac4f41c87"}
{"name":"worker","pid":1039,"phase":"RUN_GRADLEW","buildId":"d34559e7-5aef-408c-957f-09a8febd42b4","source":"stdout","level":30,"msg":"> Task :react-native-svg:copyReleaseJniLibsProjectOnly","time":"2026-02-22T23:34:16.927Z","v":0,"logId":"019c87b4-285f-7b79-9043-57ebc886d6ed"}
{"name":"worker","pid":1039,"phase":"RUN_GRADLEW","buildId":"d34559e7-5aef-408c-957f-09a8febd42b4","source":"stdout","level":30,"msg":"> Task :react-native-screens:compileReleaseKotlin","time":"2026-02-22T23:34:20.628Z","v":0,"logId":"019c87b4-36d4-7b87-94cc-0eabcc33064d"}
{"name":"worker","pid":1039,"phase":"RUN_GRADLEW","buildId":"d34559e7-5aef-408c-957f-09a8febd42b4","source":"stdout","level":30,"msg":"w: file:///home/expo/workingdir/build/mobile/node_modules/react-native-screens/android/src/main/java/com/swmansion/rnscreens/ScreenContainerViewManager.kt:5:46 'ReactModule' is deprecated. Deprecated in Java","time":"2026-02-22T23:34:20.628Z","v":0,"logId":"019c87b4-36d4-7b87-94cc-0eacdd868c77"}
{"name":"worker","pid":1039,"phase":"RUN_GRADLEW","buildId":"d34559e7-5aef-408c-957f-09a8febd42b4","source":"stdout","level":30,"msg":"w: file:///home/expo/workingdir/build/mobile/node_modules/react-native-screens/android/src/main/java/com/swmansion/rnscreens/ScreenContainerViewManager.kt:10:2 'ReactModule' is deprecated. Deprecated in Java","time":"2026-02-22T23:34:20.628Z","v":0,"logId":"019c87b4-36d4-7b87-94cc-0eadd002a59f"}
{"name":"worker","pid":1039,"phase":"RUN_GRADLEW","buildId":"d34559e7-5aef-408c-957f-09a8febd42b4","source":"stdout","level":30,"msg":"w: file:///home/expo/workingdir/build/mobile/node_modules/react-native-screens/android/src/main/java/com/swmansion/rnscreens/ScreenStackFragment.kt:65:28 'setter for targetElevation: Float' is deprecated. Deprecated in Java","time":"2026-02-22T23:34:20.628Z","v":0,"logId":"019c87b4-36d4-7b87-94cc-0eae1005542c"}
{"name":"worker","pid":1039,"phase":"RUN_GRADLEW","buildId":"d34559e7-5aef-408c-957f-09a8febd42b4","source":"stdout","level":30,"msg":"w: file:///home/expo/workingdir/build/mobile/node_modules/react-native-screens/android/src/main/java/com/swmansion/rnscreens/ScreenStackFragment.kt:128:28 'setter for targetElevation: Float' is deprecated. Deprecated in Java","time":"2026-02-22T23:34:20.628Z","v":0,"logId":"019c87b4-36d4-7b87-94cc-0eaf799e520d"}
{"name":"worker","pid":1039,"phase":"RUN_GRADLEW","buildId":"d34559e7-5aef-408c-957f-09a8febd42b4","source":"stdout","level":30,"msg":"w: file:///home/expo/workingdir/build/mobile/node_modules/react-native-screens/android/src/main/java/com/swmansion/rnscreens/ScreenStackHeaderConfig.kt:86:34 'getter for systemWindowInsetTop: Int' is deprecated. Deprecated in Java","time":"2026-02-22T23:34:20.628Z","v":0,"logId":"019c87b4-36d4-7b87-94cc-0eb05687e87e"}
{"name":"worker","pid":1039,"phase":"RUN_GRADLEW","buildId":"d34559e7-5aef-408c-957f-09a8febd42b4","source":"stdout","level":30,"msg":"w: file:///home/expo/workingdir/build/mobile/node_modules/react-native-screens/android/src/main/java/com/swmansion/rnscreens/ScreenStackHeaderConfig.kt:229:37 'setColorFilter(Int, PorterDuff.Mode): Unit' is deprecated. Deprecated in Java","time":"2026-02-22T23:34:20.628Z","v":0,"logId":"019c87b4-36d4-7b87-94cc-0eb1203f8766"}
{"name":"worker","pid":1039,"phase":"RUN_GRADLEW","buildId":"d34559e7-5aef-408c-957f-09a8febd42b4","source":"stdout","level":30,"msg":"w: file:///home/expo/workingdir/build/mobile/node_modules/react-native-screens/android/src/main/java/com/swmansion/rnscreens/ScreenStackHeaderConfigViewManager.kt:7:46 'ReactModule' is deprecated. Deprecated in Java","time":"2026-02-22T23:34:20.628Z","v":0,"logId":"019c87b4-36d4-7b87-94cc-0eb28c2f54d3"}
{"name":"worker","pid":1039,"phase":"RUN_GRADLEW","buildId":"d34559e7-5aef-408c-957f-09a8febd42b4","source":"stdout","level":30,"msg":"w: file:///home/expo/workingdir/build/mobile/node_modules/react-native-screens/android/src/main/java/com/swmansion/rnscreens/ScreenStackHeaderConfigViewManager.kt:18:2 'ReactModule' is deprecated. Deprecated in Java","time":"2026-02-22T23:34:20.628Z","v":0,"logId":"019c87b4-36d4-7b87-94cc-0eb34c4303ca"}
{"name":"worker","pid":1039,"phase":"RUN_GRADLEW","buildId":"d34559e7-5aef-408c-957f-09a8febd42b4","source":"stdout","level":30,"msg":"w: file:///home/expo/workingdir/build/mobile/node_modules/react-native-screens/android/src/main/java/com/swmansion/rnscreens/ScreenStackHeaderSubviewManager.kt:4:46 'ReactModule' is deprecated. Deprecated in Java","time":"2026-02-22T23:34:20.628Z","v":0,"logId":"019c87b4-36d4-7b87-94cc-0eb41e755a51"}
{"name":"worker","pid":1039,"phase":"RUN_GRADLEW","buildId":"d34559e7-5aef-408c-957f-09a8febd42b4","source":"stdout","level":30,"msg":"w: file:///home/expo/workingdir/build/mobile/node_modules/react-native-screens/android/src/main/java/com/swmansion/rnscreens/ScreenStackHeaderSubviewManager.kt:12:2 'ReactModule' is deprecated. Deprecated in Java","time":"2026-02-22T23:34:20.628Z","v":0,"logId":"019c87b4-36d4-7b87-94cc-0eb530e4c47d"}
{"name":"worker","pid":1039,"phase":"RUN_GRADLEW","buildId":"d34559e7-5aef-408c-957f-09a8febd42b4","source":"stdout","level":30,"msg":"w: file:///home/expo/workingdir/build/mobile/node_modules/react-native-screens/android/src/main/java/com/swmansion/rnscreens/ScreenStackViewManager.kt:6:46 'ReactModule' is deprecated. Deprecated in Java","time":"2026-02-22T23:34:20.628Z","v":0,"logId":"019c87b4-36d4-7b87-94cc-0eb6e94b2e75"}
{"name":"worker","pid":1039,"phase":"RUN_GRADLEW","buildId":"d34559e7-5aef-408c-957f-09a8febd42b4","source":"stdout","level":30,"msg":"w: file:///home/expo/workingdir/build/mobile/node_modules/react-native-screens/android/src/main/java/com/swmansion/rnscreens/ScreenStackViewManager.kt:15:2 'ReactModule' is deprecated. Deprecated in Java","time":"2026-02-22T23:34:20.628Z","v":0,"logId":"019c87b4-36d4-7b87-94cc-0eb73d615256"}
{"name":"worker","pid":1039,"phase":"RUN_GRADLEW","buildId":"d34559e7-5aef-408c-957f-09a8febd42b4","source":"stdout","level":30,"msg":"w: file:///home/expo/workingdir/build/mobile/node_modules/react-native-screens/android/src/main/java/com/swmansion/rnscreens/ScreenViewManager.kt:6:46 'ReactModule' is deprecated. Deprecated in Java","time":"2026-02-22T23:34:20.628Z","v":0,"logId":"019c87b4-36d4-7b87-94cc-0eb8e7ab7ee4"}
{"name":"worker","pid":1039,"phase":"RUN_GRADLEW","buildId":"d34559e7-5aef-408c-957f-09a8febd42b4","source":"stdout","level":30,"msg":"w: file:///home/expo/workingdir/build/mobile/node_modules/react-native-screens/android/src/main/java/com/swmansion/rnscreens/ScreenViewManager.kt:24:2 'ReactModule' is deprecated. Deprecated in Java","time":"2026-02-22T23:34:20.628Z","v":0,"logId":"019c87b4-36d4-7b87-94cc-0eb9837ac7de"}
{"name":"worker","pid":1039,"phase":"RUN_GRADLEW","buildId":"d34559e7-5aef-408c-957f-09a8febd42b4","source":"stdout","level":30,"msg":"w: file:///home/expo/workingdir/build/mobile/node_modules/react-native-screens/android/src/main/java/com/swmansion/rnscreens/ScreenViewManager.kt:47:42 'setStateWrapper(StateWrapper!): Unit' is deprecated. Deprecated in Java","time":"2026-02-22T23:34:20.628Z","v":0,"logId":"019c87b4-36d4-7b87-94cc-0ebaefd511ef"}
{"name":"worker","pid":1039,"phase":"RUN_GRADLEW","buildId":"d34559e7-5aef-408c-957f-09a8febd42b4","source":"stdout","level":30,"msg":"w: file:///home/expo/workingdir/build/mobile/node_modules/react-native-screens/android/src/main/java/com/swmansion/rnscreens/ScreenWindowTraits.kt:137:47 'replaceSystemWindowInsets(Int, Int, Int, Int): WindowInsetsCompat' is deprecated. Deprecated in Java","time":"2026-02-22T23:34:20.628Z","v":0,"logId":"019c87b4-36d4-7b87-94cc-0ebbea7d4e5d"}
{"name":"worker","pid":1039,"phase":"RUN_GRADLEW","buildId":"d34559e7-5aef-408c-957f-09a8febd42b4","source":"stdout","level":30,"msg":"w: file:///home/expo/workingdir/build/mobile/node_modules/react-native-screens/android/src/main/java/com/swmansion/rnscreens/ScreenWindowTraits.kt:138:51 'getter for systemWindowInsetLeft: Int' is deprecated. Deprecated in Java","time":"2026-02-22T23:34:20.628Z","v":0,"logId":"019c87b4-36d4-7b87-94cc-0ebcc3bfbf74"}
{"name":"worker","pid":1039,"phase":"RUN_GRADLEW","buildId":"d34559e7-5aef-408c-957f-09a8febd42b4","source":"stdout","level":30,"msg":"w: file:///home/expo/workingdir/build/mobile/node_modules/react-native-screens/android/src/main/java/com/swmansion/rnscreens/ScreenWindowTraits.kt:140:51 'getter for systemWindowInsetRight: Int' is deprecated. Deprecated in Java","time":"2026-02-22T23:34:20.629Z","v":0,"logId":"019c87b4-36d5-7ce5-919c-ad85a3c51f7b"}
{"name":"worker","pid":1039,"phase":"RUN_GRADLEW","buildId":"d34559e7-5aef-408c-957f-09a8febd42b4","source":"stdout","level":30,"msg":"w: file:///home/expo/workingdir/build/mobile/node_modules/react-native-screens/android/src/main/java/com/swmansion/rnscreens/ScreenWindowTraits.kt:141:51 'getter for systemWindowInsetBottom: Int' is deprecated. Deprecated in Java","time":"2026-02-22T23:34:20.629Z","v":0,"logId":"019c87b4-36d5-7ce5-919c-ad86c1991127"}
{"name":"worker","pid":1039,"phase":"RUN_GRADLEW","buildId":"d34559e7-5aef-408c-957f-09a8febd42b4","source":"stdout","level":30,"msg":"w: file:///home/expo/workingdir/build/mobile/node_modules/react-native-screens/android/src/main/java/com/swmansion/rnscreens/SearchBarManager.kt:6:46 'ReactModule' is deprecated. Deprecated in Java","time":"2026-02-22T23:34:20.629Z","v":0,"logId":"019c87b4-36d5-7ce5-919c-ad879502af2d"}
{"name":"worker","pid":1039,"phase":"RUN_GRADLEW","buildId":"d34559e7-5aef-408c-957f-09a8febd42b4","source":"stdout","level":30,"msg":"w: file:///home/expo/workingdir/build/mobile/node_modules/react-native-screens/android/src/main/java/com/swmansion/rnscreens/SearchBarManager.kt:17:2 'ReactModule' is deprecated. Deprecated in Java","time":"2026-02-22T23:34:20.629Z","v":0,"logId":"019c87b4-36d5-7ce5-919c-ad884c62b77b"}
{"name":"worker","pid":1039,"phase":"RUN_GRADLEW","buildId":"d34559e7-5aef-408c-957f-09a8febd42b4","source":"stdout","level":30,"msg":"w: file:///home/expo/workingdir/build/mobile/node_modules/react-native-screens/android/src/main/java/com/swmansion/rnscreens/SearchBarManager.kt:100:22 Parameter 'view' is never used","time":"2026-02-22T23:34:20.629Z","v":0,"logId":"019c87b4-36d5-7ce5-919c-ad89cef1d4d1"}
{"name":"worker","pid":1039,"phase":"RUN_GRADLEW","buildId":"d34559e7-5aef-408c-957f-09a8febd42b4","source":"stdout","level":30,"msg":"w: file:///home/expo/workingdir/build/mobile/node_modules/react-native-screens/android/src/main/java/com/swmansion/rnscreens/SearchBarManager.kt:100:43 Parameter 'placeholder' is never used","time":"2026-02-22T23:34:20.629Z","v":0,"logId":"019c87b4-36d5-7ce5-919c-ad8a1a2eddbc"}
{"name":"worker","pid":1039,"phase":"RUN_GRADLEW","buildId":"d34559e7-5aef-408c-957f-09a8febd42b4","source":"stdout","level":30,"msg":"w: file:///home/expo/workingdir/build/mobile/node_modules/react-native-screens/android/src/main/java/com/swmansion/rnscreens/SearchBarView.kt:147:43 Parameter 'flag' is never used","time":"2026-02-22T23:34:20.629Z","v":0,"logId":"019c87b4-36d5-7ce5-919c-ad8bd09217ee"}
{"name":"worker","pid":1039,"phase":"RUN_GRADLEW","buildId":"d34559e7-5aef-408c-957f-09a8febd42b4","source":"stdout","level":30,"msg":"w: file:///home/expo/workingdir/build/mobile/node_modules/react-native-screens/android/src/main/java/com/swmansion/rnscreens/events/HeaderHeightChangeEvent.kt:5:44 'RCTEventEmitter' is deprecated. Deprecated in Java","time":"2026-02-22T23:34:20.629Z","v":0,"logId":"019c87b4-36d5-7ce5-919c-ad8cc8836952"}
{"name":"worker","pid":1039,"phase":"RUN_GRADLEW","buildId":"d34559e7-5aef-408c-957f-09a8febd42b4","source":"stdout","level":30,"msg":"w: file:///home/expo/workingdir/build/mobile/node_modules/react-native-screens/android/src/main/java/com/swmansion/rnscreens/events/HeaderHeightChangeEvent.kt:10:5 'constructor Event<T : Event<(raw) Event<*>>!>(Int)' is deprecated. Deprecated in Java","time":"2026-02-22T23:34:20.629Z","v":0,"logId":"019c87b4-36d5-7ce5-919c-ad8d057686c6"}
{"name":"worker","pid":1039,"phase":"RUN_GRADLEW","buildId":"d34559e7-5aef-408c-957f-09a8febd42b4","source":"stdout","level":30,"msg":"w: file:///home/expo/workingdir/build/mobile/node_modules/react-native-screens/android/src/main/java/com/swmansion/rnscreens/events/HeaderHeightChangeEvent.kt:17:44 'RCTEventEmitter' is deprecated. Deprecated in Java","time":"2026-02-22T23:34:20.629Z","v":0,"logId":"019c87b4-36d5-7ce5-919c-ad8e1afd8fd7"}
{"name":"worker","pid":1039,"phase":"RUN_GRADLEW","buildId":"d34559e7-5aef-408c-957f-09a8febd42b4","source":"stdout","level":30,"msg":"w: file:///home/expo/workingdir/build/mobile/node_modules/react-native-screens/android/src/main/java/com/swmansion/rnscreens/events/HeaderHeightChangeEvent.kt:20:25 'receiveEvent(Int, String!, WritableMap?): Unit' is deprecated. Deprecated in Java","time":"2026-02-22T23:34:20.629Z","v":0,"logId":"019c87b4-36d5-7ce5-919c-ad8fbd3265b8"}
{"name":"worker","pid":1039,"phase":"RUN_GRADLEW","buildId":"d34559e7-5aef-408c-957f-09a8febd42b4","source":"stdout","level":30,"msg":"w: file:///home/expo/workingdir/build/mobile/node_modules/react-native-screens/android/src/paper/java/com/swmansion/rnscreens/FabricEnabledViewGroup.kt:5:37 'FabricViewStateManager' is deprecated. Deprecated in Java","time":"2026-02-22T23:34:20.629Z","v":0,"logId":"019c87b4-36d5-7ce5-919c-ad90f394e631"}
{"name":"worker","pid":1039,"phase":"RUN_GRADLEW","buildId":"d34559e7-5aef-408c-957f-09a8febd42b4","source":"stdout","level":30,"msg":"w: file:///home/expo/workingdir/build/mobile/node_modules/react-native-screens/android/src/paper/java/com/swmansion/rnscreens/FabricEnabledViewGroup.kt:9:48 'FabricViewStateManager' is deprecated. Deprecated in Java","time":"2026-02-22T23:34:20.630Z","v":0,"logId":"019c87b4-36d6-7686-8b24-8d185c2bc42a"}
{"name":"worker","pid":1039,"phase":"RUN_GRADLEW","buildId":"d34559e7-5aef-408c-957f-09a8febd42b4","source":"stdout","level":30,"msg":"w: file:///home/expo/workingdir/build/mobile/node_modules/react-native-screens/android/src/paper/java/com/swmansion/rnscreens/FabricEnabledViewGroup.kt:11:42 Parameter 'width' is never used","time":"2026-02-22T23:34:20.630Z","v":0,"logId":"019c87b4-36d6-7686-8b24-8d19367dab2b"}
{"name":"worker","pid":1039,"phase":"RUN_GRADLEW","buildId":"d34559e7-5aef-408c-957f-09a8febd42b4","source":"stdout","level":30,"msg":"w: file:///home/expo/workingdir/build/mobile/node_modules/react-native-screens/android/src/paper/java/com/swmansion/rnscreens/FabricEnabledViewGroup.kt:11:54 Parameter 'height' is never used","time":"2026-02-22T23:34:20.630Z","v":0,"logId":"019c87b4-36d6-7686-8b24-8d1a9f8c5f49"}
{"name":"worker","pid":1039,"phase":"RUN_GRADLEW","buildId":"d34559e7-5aef-408c-957f-09a8febd42b4","source":"stdout","level":30,"msg":"> Task :react-native-screens:extractReleaseAnnotations","time":"2026-02-22T23:34:21.027Z","v":0,"logId":"019c87b4-3863-76e3-befa-23de9982376b"}
{"name":"worker","pid":1039,"phase":"RUN_GRADLEW","buildId":"d34559e7-5aef-408c-957f-09a8febd42b4","source":"stdout","level":30,"msg":"> Task :react-native-screens:compileReleaseJavaWithJavac","time":"2026-02-22T23:34:22.427Z","v":0,"logId":"019c87b4-3ddb-7523-b4c7-eb55891c68b7"}
{"name":"worker","pid":1039,"phase":"RUN_GRADLEW","buildId":"d34559e7-5aef-408c-957f-09a8febd42b4","source":"stdout","level":30,"msg":"> Task :react-native-screens:mergeReleaseGeneratedProguardFiles","time":"2026-02-22T23:34:22.427Z","v":0,"logId":"019c87b4-3ddb-7523-b4c7-eb56aa9a6838"}
{"name":"worker","pid":1039,"phase":"RUN_GRADLEW","buildId":"d34559e7-5aef-408c-957f-09a8febd42b4","source":"stdout","level":30,"msg":"> Task :react-native-screens:mergeReleaseConsumerProguardFiles","time":"2026-02-22T23:34:22.427Z","v":0,"logId":"019c87b4-3ddc-7ecb-b8cc-e6b076d89c4e"}
{"name":"worker","pid":1039,"phase":"RUN_GRADLEW","buildId":"d34559e7-5aef-408c-957f-09a8febd42b4","source":"stdout","level":30,"msg":"> Task :react-native-screens:processReleaseJavaRes","time":"2026-02-22T23:34:22.428Z","v":0,"logId":"019c87b4-3ddc-7ecb-b8cc-e6b1109e4368"}
{"name":"worker","pid":1039,"phase":"RUN_GRADLEW","buildId":"d34559e7-5aef-408c-957f-09a8febd42b4","source":"stdout","level":30,"msg":"> Task :react-native-screens:bundleLibCompileToJarRelease","time":"2026-02-22T23:34:22.428Z","v":0,"logId":"019c87b4-3ddc-7ecb-b8cc-e6b26c96da74"}
{"name":"worker","pid":1039,"phase":"RUN_GRADLEW","buildId":"d34559e7-5aef-408c-957f-09a8febd42b4","source":"stdout","level":30,"msg":"> Task :react-native-screens:bundleLibRuntimeToJarRelease","time":"2026-02-22T23:34:22.428Z","v":0,"logId":"019c87b4-3ddc-7ecb-b8cc-e6b30e552a2d"}
{"name":"worker","pid":1039,"phase":"RUN_GRADLEW","buildId":"d34559e7-5aef-408c-957f-09a8febd42b4","source":"stdout","level":30,"msg":"> Task :react-native-screens:mergeReleaseJavaResource","time":"2026-02-22T23:34:22.428Z","v":0,"logId":"019c87b4-3ddc-7ecb-b8cc-e6b41929f26c"}
{"name":"worker","pid":1039,"phase":"RUN_GRADLEW","buildId":"d34559e7-5aef-408c-957f-09a8febd42b4","source":"stdout","level":30,"msg":"> Task :react-native-screens:createFullJarRelease","time":"2026-02-22T23:34:22.428Z","v":0,"logId":"019c87b4-3ddc-7ecb-b8cc-e6b5611d7d7f"}
{"name":"worker","pid":1039,"phase":"RUN_GRADLEW","buildId":"d34559e7-5aef-408c-957f-09a8febd42b4","source":"stdout","level":30,"msg":"> Task :react-native-screens:syncReleaseLibJars","time":"2026-02-22T23:34:22.527Z","v":0,"logId":"019c87b4-3e3f-7ae7-ab77-fa32f8146a13"}
{"name":"worker","pid":1039,"phase":"RUN_GRADLEW","buildId":"d34559e7-5aef-408c-957f-09a8febd42b4","source":"stdout","level":30,"msg":"> Task :react-native-screens:bundleReleaseLocalLintAar","time":"2026-02-22T23:34:22.527Z","v":0,"logId":"019c87b4-3e3f-7ae7-ab77-fa335d09fb33"}
{"name":"worker","pid":1039,"phase":"RUN_GRADLEW","buildId":"d34559e7-5aef-408c-957f-09a8febd42b4","source":"stdout","level":30,"msg":"> Task :app:createBundleReleaseJsAndAssets","time":"2026-02-22T23:34:27.330Z","v":0,"logId":"019c87b4-5103-7228-9f71-15a327f700c9"}
{"name":"worker","pid":1039,"phase":"RUN_GRADLEW","buildId":"d34559e7-5aef-408c-957f-09a8febd42b4","source":"stderr","level":30,"msg":"SyntaxError: SyntaxError: /home/expo/workingdir/build/mobile/src/screens/MemeTrendScreen.tsx: Missing semicolon. (165:14)","time":"2026-02-22T23:34:27.331Z","v":0,"logId":"019c87b4-5103-7228-9f71-15a477d61654"}
{"name":"worker","pid":1039,"phase":"RUN_GRADLEW","buildId":"d34559e7-5aef-408c-957f-09a8febd42b4","source":"stderr","level":30,"msg":"\u001b[0m \u001b[90m 163 |\u001b[39m })\u001b[33m;\u001b[39m","time":"2026-02-22T23:34:27.331Z","v":0,"logId":"019c87b4-5103-7228-9f71-15a5b3b61f89"}
{"name":"worker","pid":1039,"phase":"RUN_GRADLEW","buildId":"d34559e7-5aef-408c-957f-09a8febd42b4","source":"stderr","level":30,"msg":" \u001b[90m 164 |\u001b[39m     fontSize\u001b[33m:\u001b[39m \u001b[35m14\u001b[39m\u001b[33m,\u001b[39m","time":"2026-02-22T23:34:27.331Z","v":0,"logId":"019c87b4-5103-7228-9f71-15a6c2d282c1"}
{"name":"worker","pid":1039,"phase":"RUN_GRADLEW","buildId":"d34559e7-5aef-408c-957f-09a8febd42b4","source":"stderr","level":30,"msg":"\u001b[31m\u001b[1m>\u001b[22m\u001b[39m\u001b[90m 165 |\u001b[39m     fontWeight\u001b[33m:\u001b[39m \u001b[32m'700'\u001b[39m\u001b[33m,\u001b[39m","time":"2026-02-22T23:34:27.331Z","v":0,"logId":"019c87b4-5103-7228-9f71-15a73b0deccd"}
{"name":"worker","pid":1039,"phase":"RUN_GRADLEW","buildId":"d34559e7-5aef-408c-957f-09a8febd42b4","source":"stderr","level":30,"msg":" \u001b[90m     |\u001b[39m               \u001b[31m\u001b[1m^\u001b[22m\u001b[39m","time":"2026-02-22T23:34:27.331Z","v":0,"logId":"019c87b4-5103-7228-9f71-15a86e9a8cc3"}
{"name":"worker","pid":1039,"phase":"RUN_GRADLEW","buildId":"d34559e7-5aef-408c-957f-09a8febd42b4","source":"stderr","level":30,"msg":" \u001b[90m 166 |\u001b[39m     marginTop\u001b[33m:\u001b[39m \u001b[35m4\u001b[39m\u001b[33m,\u001b[39m","time":"2026-02-22T23:34:27.331Z","v":0,"logId":"019c87b4-5103-7228-9f71-15a95f99fc31"}
{"name":"worker","pid":1039,"phase":"RUN_GRADLEW","buildId":"d34559e7-5aef-408c-957f-09a8febd42b4","source":"stderr","level":30,"msg":" \u001b[90m 167 |\u001b[39m   }\u001b[33m,\u001b[39m","time":"2026-02-22T23:34:27.331Z","v":0,"logId":"019c87b4-5103-7228-9f71-15aa0a47280c"}
{"name":"worker","pid":1039,"phase":"RUN_GRADLEW","buildId":"d34559e7-5aef-408c-957f-09a8febd42b4","source":"stderr","level":30,"msg":" \u001b[90m 168 |\u001b[39m })\u001b[33m;\u001b[39m\u001b[0m","time":"2026-02-22T23:34:27.331Z","v":0,"logId":"019c87b4-5103-7228-9f71-15ab6a7a6dfe"}
{"name":"worker","pid":1039,"phase":"RUN_GRADLEW","buildId":"d34559e7-5aef-408c-957f-09a8febd42b4","source":"stderr","level":30,"msg":"SyntaxError: /home/expo/workingdir/build/mobile/src/screens/MemeTrendScreen.tsx: Missing semicolon. (165:14)","time":"2026-02-22T23:34:27.331Z","v":0,"logId":"019c87b4-5103-7228-9f71-15ac68dad4a4"}
{"name":"worker","pid":1039,"phase":"RUN_GRADLEW","buildId":"d34559e7-5aef-408c-957f-09a8febd42b4","source":"stderr","level":30,"msg":"\u001b[0m \u001b[90m 163 |\u001b[39m })\u001b[33m;\u001b[39m","time":"2026-02-22T23:34:27.331Z","v":0,"logId":"019c87b4-5103-7228-9f71-15ad5e713074"}
{"name":"worker","pid":1039,"phase":"RUN_GRADLEW","buildId":"d34559e7-5aef-408c-957f-09a8febd42b4","source":"stderr","level":30,"msg":" \u001b[90m 164 |\u001b[39m     fontSize\u001b[33m:\u001b[39m \u001b[35m14\u001b[39m\u001b[33m,\u001b[39m","time":"2026-02-22T23:34:27.331Z","v":0,"logId":"019c87b4-5103-7228-9f71-15ae9cc4470d"}
{"name":"worker","pid":1039,"phase":"RUN_GRADLEW","buildId":"d34559e7-5aef-408c-957f-09a8febd42b4","source":"stderr","level":30,"msg":"\u001b[31m\u001b[1m>\u001b[22m\u001b[39m\u001b[90m 165 |\u001b[39m     fontWeight\u001b[33m:\u001b[39m \u001b[32m'700'\u001b[39m\u001b[33m,\u001b[39m","time":"2026-02-22T23:34:27.331Z","v":0,"logId":"019c87b4-5103-7228-9f71-15af4eea960d"}
{"name":"worker","pid":1039,"phase":"RUN_GRADLEW","buildId":"d34559e7-5aef-408c-957f-09a8febd42b4","source":"stderr","level":30,"msg":" \u001b[90m     |\u001b[39m               \u001b[31m\u001b[1m^\u001b[22m\u001b[39m","time":"2026-02-22T23:34:27.331Z","v":0,"logId":"019c87b4-5103-7228-9f71-15b0d6d3cf08"}
{"name":"worker","pid":1039,"phase":"RUN_GRADLEW","buildId":"d34559e7-5aef-408c-957f-09a8febd42b4","source":"stderr","level":30,"msg":" \u001b[90m 166 |\u001b[39m     marginTop\u001b[33m:\u001b[39m \u001b[35m4\u001b[39m\u001b[33m,\u001b[39m","time":"2026-02-22T23:34:27.331Z","v":0,"logId":"019c87b4-5103-7228-9f71-15b107b2441b"}
{"name":"worker","pid":1039,"phase":"RUN_GRADLEW","buildId":"d34559e7-5aef-408c-957f-09a8febd42b4","source":"stderr","level":30,"msg":" \u001b[90m 167 |\u001b[39m   }\u001b[33m,\u001b[39m","time":"2026-02-22T23:34:27.331Z","v":0,"logId":"019c87b4-5103-7228-9f71-15b2854b2ac5"}
{"name":"worker","pid":1039,"phase":"RUN_GRADLEW","buildId":"d34559e7-5aef-408c-957f-09a8febd42b4","source":"stderr","level":30,"msg":" \u001b[90m 168 |\u001b[39m })\u001b[33m;\u001b[39m\u001b[0m","time":"2026-02-22T23:34:27.331Z","v":0,"logId":"019c87b4-5103-7228-9f71-15b32c663d7f"}
{"name":"worker","pid":1039,"phase":"RUN_GRADLEW","buildId":"d34559e7-5aef-408c-957f-09a8febd42b4","source":"stderr","level":30,"msg":"    at constructor (/home/expo/workingdir/build/mobile/node_modules/@babel/parser/lib/index.js:365:19)","time":"2026-02-22T23:34:27.332Z","v":0,"logId":"019c87b4-5104-7ca9-9298-fc754d2e72b6"}
{"name":"worker","pid":1039,"phase":"RUN_GRADLEW","buildId":"d34559e7-5aef-408c-957f-09a8febd42b4","source":"stderr","level":30,"msg":"    at TypeScriptParserMixin.raise (/home/expo/workingdir/build/mobile/node_modules/@babel/parser/lib/index.js:6599:19)","time":"2026-02-22T23:34:27.332Z","v":0,"logId":"019c87b4-5104-7ca9-9298-fc7632c412a3"}
{"name":"worker","pid":1039,"phase":"RUN_GRADLEW","buildId":"d34559e7-5aef-408c-957f-09a8febd42b4","source":"stderr","level":30,"msg":"    at TypeScriptParserMixin.semicolon (/home/expo/workingdir/build/mobile/node_modules/@babel/parser/lib/index.js:6895:10)","time":"2026-02-22T23:34:27.332Z","v":0,"logId":"019c87b4-5104-7ca9-9298-fc773fe11a4a"}
{"name":"worker","pid":1039,"phase":"RUN_GRADLEW","buildId":"d34559e7-5aef-408c-957f-09a8febd42b4","source":"stderr","level":30,"msg":"    at TypeScriptParserMixin.parseExpressionStatement (/home/expo/workingdir/build/mobile/node_modules/@babel/parser/lib/index.js:13285:10)","time":"2026-02-22T23:34:27.332Z","v":0,"logId":"019c87b4-5104-7ca9-9298-fc78c46a134b"}
{"name":"worker","pid":1039,"phase":"RUN_GRADLEW","buildId":"d34559e7-5aef-408c-957f-09a8febd42b4","source":"stderr","level":30,"msg":"    at TypeScriptParserMixin.parseStatementContent (/home/expo/workingdir/build/mobile/node_modules/@babel/parser/lib/index.js:12899:19)","time":"2026-02-22T23:34:27.332Z","v":0,"logId":"019c87b4-5104-7ca9-9298-fc7983a7ff3f"}
{"name":"worker","pid":1039,"phase":"RUN_GRADLEW","buildId":"d34559e7-5aef-408c-957f-09a8febd42b4","source":"stderr","level":30,"msg":"    at TypeScriptParserMixin.parseStatementContent (/home/expo/workingdir/build/mobile/node_modules/@babel/parser/lib/index.js:9508:18)","time":"2026-02-22T23:34:27.332Z","v":0,"logId":"019c87b4-5104-7ca9-9298-fc7a130db97f"}
{"name":"worker","pid":1039,"phase":"RUN_GRADLEW","buildId":"d34559e7-5aef-408c-957f-09a8febd42b4","source":"stderr","level":30,"msg":"    at TypeScriptParserMixin.parseStatementLike (/home/expo/workingdir/build/mobile/node_modules/@babel/parser/lib/index.js:12767:17)","time":"2026-02-22T23:34:27.332Z","v":0,"logId":"019c87b4-5104-7ca9-9298-fc7b55be0f85"}
{"name":"worker","pid":1039,"phase":"RUN_GRADLEW","buildId":"d34559e7-5aef-408c-957f-09a8febd42b4","source":"stderr","level":30,"msg":"    at TypeScriptParserMixin.parseStatementOrSloppyAnnexBFunctionDeclaration (/home/expo/workingdir/build/mobile/node_modules/@babel/parser/lib/index.js:12757:17)","time":"2026-02-22T23:34:27.332Z","v":0,"logId":"019c87b4-5104-7ca9-9298-fc7c29d0025d"}
{"name":"worker","pid":1039,"phase":"RUN_GRADLEW","buildId":"d34559e7-5aef-408c-957f-09a8febd42b4","source":"stderr","level":30,"msg":"    at TypeScriptParserMixin.parseLabeledStatement (/home/expo/workingdir/build/mobile/node_modules/@babel/parser/lib/index.js:13278:34)","time":"2026-02-22T23:34:27.332Z","v":0,"logId":"019c87b4-5104-7ca9-9298-fc7d84747d97"}
{"name":"worker","pid":1039,"phase":"RUN_GRADLEW","buildId":"d34559e7-5aef-408c-957f-09a8febd42b4","source":"stderr","level":30,"msg":"    at TypeScriptParserMixin.parseStatementContent (/home/expo/workingdir/build/mobile/node_modules/@babel/parser/lib/index.js:12897:19)","time":"2026-02-22T23:34:27.332Z","v":0,"logId":"019c87b4-5104-7ca9-9298-fc7eff127e3c"}
{"name":"worker","pid":1039,"phase":"RUN_GRADLEW","buildId":"d34559e7-5aef-408c-957f-09a8febd42b4","source":"stderr","level":30,"msg":"    at TypeScriptParserMixin.parseStatementContent (/home/expo/workingdir/build/mobile/node_modules/@babel/parser/lib/index.js:9508:18)","time":"2026-02-22T23:34:27.332Z","v":0,"logId":"019c87b4-5104-7ca9-9298-fc7ff5822ed1"}
{"name":"worker","pid":1039,"phase":"RUN_GRADLEW","buildId":"d34559e7-5aef-408c-957f-09a8febd42b4","source":"stderr","level":30,"msg":"    at TypeScriptParserMixin.parseStatementLike (/home/expo/workingdir/build/mobile/node_modules/@babel/parser/lib/index.js:12767:17)","time":"2026-02-22T23:34:27.332Z","v":0,"logId":"019c87b4-5104-7ca9-9298-fc80287bf618"}
{"name":"worker","pid":1039,"phase":"RUN_GRADLEW","buildId":"d34559e7-5aef-408c-957f-09a8febd42b4","source":"stderr","level":30,"msg":"    at TypeScriptParserMixin.parseModuleItem (/home/expo/workingdir/build/mobile/node_modules/@babel/parser/lib/index.js:12744:17)","time":"2026-02-22T23:34:27.332Z","v":0,"logId":"019c87b4-5104-7ca9-9298-fc81580cfdc2"}
{"name":"worker","pid":1039,"phase":"RUN_GRADLEW","buildId":"d34559e7-5aef-408c-957f-09a8febd42b4","source":"stderr","level":30,"msg":"    at TypeScriptParserMixin.parseBlockOrModuleBlockBody (/home/expo/workingdir/build/mobile/node_modules/@babel/parser/lib/index.js:13316:36)","time":"2026-02-22T23:34:27.332Z","v":0,"logId":"019c87b4-5104-7ca9-9298-fc82957c8439"}
{"name":"worker","pid":1039,"phase":"RUN_GRADLEW","buildId":"d34559e7-5aef-408c-957f-09a8febd42b4","source":"stderr","level":30,"msg":"    at TypeScriptParserMixin.parseBlockBody (/home/expo/workingdir/build/mobile/node_modules/@babel/parser/lib/index.js:13309:10)","time":"2026-02-22T23:34:27.332Z","v":0,"logId":"019c87b4-5104-7ca9-9298-fc83b5a54ba4"}
{"name":"worker","pid":1039,"phase":"RUN_GRADLEW","buildId":"d34559e7-5aef-408c-957f-09a8febd42b4","source":"stderr","level":30,"msg":"    at TypeScriptParserMixin.parseProgram (/home/expo/workingdir/build/mobile/node_modules/@babel/parser/lib/index.js:12622:10)","time":"2026-02-22T23:34:27.332Z","v":0,"logId":"019c87b4-5104-7ca9-9298-fc848982b4e2"}
{"name":"worker","pid":1039,"phase":"RUN_GRADLEW","buildId":"d34559e7-5aef-408c-957f-09a8febd42b4","source":"stderr","level":30,"msg":"    at TypeScriptParserMixin.parseTopLevel (/home/expo/workingdir/build/mobile/node_modules/@babel/parser/lib/index.js:12612:25)","time":"2026-02-22T23:34:27.332Z","v":0,"logId":"019c87b4-5104-7ca9-9298-fc852b5d342d"}
{"name":"worker","pid":1039,"phase":"RUN_GRADLEW","buildId":"d34559e7-5aef-408c-957f-09a8febd42b4","source":"stderr","level":30,"msg":"    at TypeScriptParserMixin.parse (/home/expo/workingdir/build/mobile/node_modules/@babel/parser/lib/index.js:14488:25)","time":"2026-02-22T23:34:27.332Z","v":0,"logId":"019c87b4-5104-7ca9-9298-fc8677e94054"}
{"name":"worker","pid":1039,"phase":"RUN_GRADLEW","buildId":"d34559e7-5aef-408c-957f-09a8febd42b4","source":"stderr","level":30,"msg":"    at TypeScriptParserMixin.parse (/home/expo/workingdir/build/mobile/node_modules/@babel/parser/lib/index.js:10126:18)","time":"2026-02-22T23:34:27.332Z","v":0,"logId":"019c87b4-5104-7ca9-9298-fc87f448fe17"}
{"name":"worker","pid":1039,"phase":"RUN_GRADLEW","buildId":"d34559e7-5aef-408c-957f-09a8febd42b4","source":"stderr","level":30,"msg":"    at parse (/home/expo/workingdir/build/mobile/node_modules/@babel/parser/lib/index.js:14501:26)","time":"2026-02-22T23:34:27.332Z","v":0,"logId":"019c87b4-5104-7ca9-9298-fc888c68ca60"}
{"name":"worker","pid":1039,"phase":"RUN_GRADLEW","buildId":"d34559e7-5aef-408c-957f-09a8febd42b4","source":"stderr","level":30,"msg":"    at parser (/home/expo/workingdir/build/mobile/node_modules/@babel/core/lib/parser/index.js:41:34)","time":"2026-02-22T23:34:27.332Z","v":0,"logId":"019c87b4-5104-7ca9-9298-fc8957169b9a"}
{"name":"worker","pid":1039,"phase":"RUN_GRADLEW","buildId":"d34559e7-5aef-408c-957f-09a8febd42b4","source":"stderr","level":30,"msg":"    at parser.next (<anonymous>)","time":"2026-02-22T23:34:27.332Z","v":0,"logId":"019c87b4-5104-7ca9-9298-fc8a462f22fc"}
{"name":"worker","pid":1039,"phase":"RUN_GRADLEW","buildId":"d34559e7-5aef-408c-957f-09a8febd42b4","source":"stderr","level":30,"msg":"    at normalizeFile (/home/expo/workingdir/build/mobile/node_modules/@babel/core/lib/transformation/normalize-file.js:64:37)","time":"2026-02-22T23:34:27.332Z","v":0,"logId":"019c87b4-5104-7ca9-9298-fc8b510b92e3"}
{"name":"worker","pid":1039,"phase":"RUN_GRADLEW","buildId":"d34559e7-5aef-408c-957f-09a8febd42b4","source":"stderr","level":30,"msg":"    at normalizeFile.next (<anonymous>)","time":"2026-02-22T23:34:27.332Z","v":0,"logId":"019c87b4-5104-7ca9-9298-fc8c44507c48"}
{"name":"worker","pid":1039,"phase":"RUN_GRADLEW","buildId":"d34559e7-5aef-408c-957f-09a8febd42b4","source":"stderr","level":30,"msg":"    at run (/home/expo/workingdir/build/mobile/node_modules/@babel/core/lib/transformation/index.js:22:50)","time":"2026-02-22T23:34:27.332Z","v":0,"logId":"019c87b4-5104-7ca9-9298-fc8d4afe01e0"}
{"name":"worker","pid":1039,"phase":"RUN_GRADLEW","buildId":"d34559e7-5aef-408c-957f-09a8febd42b4","source":"stderr","level":30,"msg":"    at run.next (<anonymous>)","time":"2026-02-22T23:34:27.332Z","v":0,"logId":"019c87b4-5104-7ca9-9298-fc8ef9fcedb8"}
{"name":"worker","pid":1039,"phase":"RUN_GRADLEW","buildId":"d34559e7-5aef-408c-957f-09a8febd42b4","source":"stderr","level":30,"msg":"    at transform (/home/expo/workingdir/build/mobile/node_modules/@babel/core/lib/transform.js:22:33)","time":"2026-02-22T23:34:27.332Z","v":0,"logId":"019c87b4-5104-7ca9-9298-fc8f7635d790"}
{"name":"worker","pid":1039,"phase":"RUN_GRADLEW","buildId":"d34559e7-5aef-408c-957f-09a8febd42b4","source":"stderr","level":30,"msg":"    at transform.next (<anonymous>)","time":"2026-02-22T23:34:27.332Z","v":0,"logId":"019c87b4-5104-7ca9-9298-fc90192e5564"}
{"name":"worker","pid":1039,"phase":"RUN_GRADLEW","buildId":"d34559e7-5aef-408c-957f-09a8febd42b4","source":"stderr","level":30,"msg":"    at evaluateSync (/home/expo/workingdir/build/mobile/node_modules/gensync/index.js:251:28)","time":"2026-02-22T23:34:27.332Z","v":0,"logId":"019c87b4-5104-7ca9-9298-fc91be3f394c"}
{"name":"worker","pid":1039,"phase":"RUN_GRADLEW","buildId":"d34559e7-5aef-408c-957f-09a8febd42b4","source":"stderr","level":30,"msg":"    at sync (/home/expo/workingdir/build/mobile/node_modules/gensync/index.js:89:14)","time":"2026-02-22T23:34:27.332Z","v":0,"logId":"019c87b4-5104-7ca9-9298-fc929b26fa49"}
{"name":"worker","pid":1039,"phase":"RUN_GRADLEW","buildId":"d34559e7-5aef-408c-957f-09a8febd42b4","source":"stderr","level":30,"msg":"    at stopHiding - secret - don't use this - v1 (/home/expo/workingdir/build/mobile/node_modules/@babel/core/lib/errors/rewrite-stack-trace.js:47:12)","time":"2026-02-22T23:34:27.332Z","v":0,"logId":"019c87b4-5104-7ca9-9298-fc93c40c227c"}
{"name":"worker","pid":1039,"phase":"RUN_GRADLEW","buildId":"d34559e7-5aef-408c-957f-09a8febd42b4","source":"stderr","level":30,"msg":"    at Object.transformSync (/home/expo/workingdir/build/mobile/node_modules/@babel/core/lib/transform.js:40:76)","time":"2026-02-22T23:34:27.332Z","v":0,"logId":"019c87b4-5104-7ca9-9298-fc94cdf91d33"}
{"name":"worker","pid":1039,"phase":"RUN_GRADLEW","buildId":"d34559e7-5aef-408c-957f-09a8febd42b4","source":"stderr","level":30,"msg":"    at parseWithBabel (/home/expo/workingdir/build/mobile/node_modules/@expo/metro-config/build/transformSync.js:57:18)","time":"2026-02-22T23:34:27.332Z","v":0,"logId":"019c87b4-5104-7ca9-9298-fc95319f687a"}
{"name":"worker","pid":1039,"phase":"RUN_GRADLEW","buildId":"d34559e7-5aef-408c-957f-09a8febd42b4","source":"stderr","level":30,"msg":"    at transformSync (/home/expo/workingdir/build/mobile/node_modules/@expo/metro-config/build/transformSync.js:46:12)","time":"2026-02-22T23:34:27.332Z","v":0,"logId":"019c87b4-5104-7ca9-9298-fc96a8fe1b5c"}
{"name":"worker","pid":1039,"phase":"RUN_GRADLEW","buildId":"d34559e7-5aef-408c-957f-09a8febd42b4","source":"stderr","level":30,"msg":"    at Object.transform (/home/expo/workingdir/build/mobile/node_modules/@expo/metro-config/build/babel-transformer.js:108:58)","time":"2026-02-22T23:34:27.332Z","v":0,"logId":"019c87b4-5104-7ca9-9298-fc97bf83d448"}
{"name":"worker","pid":1039,"phase":"RUN_GRADLEW","buildId":"d34559e7-5aef-408c-957f-09a8febd42b4","source":"stderr","level":30,"msg":"    at transformJSWithBabel (/home/expo/workingdir/build/mobile/node_modules/@expo/metro-config/build/transform-worker/metro-transform-worker.js:304:47)","time":"2026-02-22T23:34:27.332Z","v":0,"logId":"019c87b4-5104-7ca9-9298-fc98f4b1c157"}
{"name":"worker","pid":1039,"phase":"RUN_GRADLEW","buildId":"d34559e7-5aef-408c-957f-09a8febd42b4","source":"stderr","level":30,"msg":"    at Object.transform (/home/expo/workingdir/build/mobile/node_modules/@expo/metro-config/build/transform-worker/metro-transform-worker.js:407:12)","time":"2026-02-22T23:34:27.333Z","v":0,"logId":"019c87b4-5105-7689-9f83-5b0ad5fa0a77"}
{"name":"worker","pid":1039,"phase":"RUN_GRADLEW","buildId":"d34559e7-5aef-408c-957f-09a8febd42b4","source":"stderr","level":30,"msg":"    at Object.transform (/home/expo/workingdir/build/mobile/node_modules/@expo/metro-config/build/transform-worker/transform-worker.js:68:23)","time":"2026-02-22T23:34:27.333Z","v":0,"logId":"019c87b4-5105-7689-9f83-5b0b6a07d960"}
{"name":"worker","pid":1039,"phase":"RUN_GRADLEW","buildId":"d34559e7-5aef-408c-957f-09a8febd42b4","source":"stderr","level":30,"msg":"    at transformFile (/home/expo/workingdir/build/mobile/node_modules/metro/src/DeltaBundler/Worker.flow.js:54:36)","time":"2026-02-22T23:34:27.333Z","v":0,"logId":"019c87b4-5105-7689-9f83-5b0c3bd9aecf"}
{"name":"worker","pid":1039,"phase":"RUN_GRADLEW","buildId":"d34559e7-5aef-408c-957f-09a8febd42b4","source":"stderr","level":30,"msg":"    at Object.transform (/home/expo/workingdir/build/mobile/node_modules/metro/src/DeltaBundler/Worker.flow.js:30:10)","time":"2026-02-22T23:34:27.333Z","v":0,"logId":"019c87b4-5105-7689-9f83-5b0d759b675f"}
{"name":"worker","pid":1039,"phase":"RUN_GRADLEW","buildId":"d34559e7-5aef-408c-957f-09a8febd42b4","source":"stderr","level":30,"msg":"    at execFunction (/home/expo/workingdir/build/mobile/node_modules/jest-worker/build/workers/processChild.js:149:17)","time":"2026-02-22T23:34:27.333Z","v":0,"logId":"019c87b4-5105-7689-9f83-5b0ea692df90"}
{"name":"worker","pid":1039,"phase":"RUN_GRADLEW","buildId":"d34559e7-5aef-408c-957f-09a8febd42b4","source":"stderr","level":30,"msg":"    at execHelper (/home/expo/workingdir/build/mobile/node_modules/jest-worker/build/workers/processChild.js:137:5)","time":"2026-02-22T23:34:27.333Z","v":0,"logId":"019c87b4-5105-7689-9f83-5b0fdaa9e538"}
{"name":"worker","pid":1039,"phase":"RUN_GRADLEW","buildId":"d34559e7-5aef-408c-957f-09a8febd42b4","source":"stderr","level":30,"msg":"    at execMethod (/home/expo/workingdir/build/mobile/node_modules/jest-worker/build/workers/processChild.js:140:5)","time":"2026-02-22T23:34:27.333Z","v":0,"logId":"019c87b4-5105-7689-9f83-5b10b0fe0627"}
{"name":"worker","pid":1039,"phase":"RUN_GRADLEW","buildId":"d34559e7-5aef-408c-957f-09a8febd42b4","source":"stderr","level":30,"msg":"    at process.messageListener (/home/expo/workingdir/build/mobile/node_modules/jest-worker/build/workers/processChild.js:44:7)","time":"2026-02-22T23:34:27.333Z","v":0,"logId":"019c87b4-5105-7689-9f83-5b111bfa6afe"}
{"name":"worker","pid":1039,"phase":"RUN_GRADLEW","buildId":"d34559e7-5aef-408c-957f-09a8febd42b4","source":"stderr","level":30,"msg":"    at process.emit (node:events:517:28)","time":"2026-02-22T23:34:27.333Z","v":0,"logId":"019c87b4-5105-7689-9f83-5b1227854537"}
{"name":"worker","pid":1039,"phase":"RUN_GRADLEW","buildId":"d34559e7-5aef-408c-957f-09a8febd42b4","source":"stderr","level":30,"msg":"    at emit (node:internal/child_process:944:14)","time":"2026-02-22T23:34:27.333Z","v":0,"logId":"019c87b4-5105-7689-9f83-5b13109a521c"}
{"name":"worker","pid":1039,"phase":"RUN_GRADLEW","buildId":"d34559e7-5aef-408c-957f-09a8febd42b4","source":"stderr","level":30,"msg":"    at process.processTicksAndRejections (node:internal/process/task_queues:83:21)","time":"2026-02-22T23:34:27.333Z","v":0,"logId":"019c87b4-5105-7689-9f83-5b149afda513"}
{"name":"worker","pid":1039,"phase":"RUN_GRADLEW","buildId":"d34559e7-5aef-408c-957f-09a8febd42b4","source":"stdout","level":30,"msg":"> Task :app:createBundleReleaseJsAndAssets FAILED","time":"2026-02-22T23:34:27.427Z","v":0,"logId":"019c87b4-5163-79ba-a87e-0d6ebbd1fec2"}
{"name":"worker","pid":1039,"phase":"RUN_GRADLEW","buildId":"d34559e7-5aef-408c-957f-09a8febd42b4","source":"stdout","level":30,"msg":"> Task :expo-modules-core:buildCMakeRelWithDebInfo[arm64-v8a]","time":"2026-02-22T23:34:29.227Z","v":0,"logId":"019c87b4-586b-7535-a724-1554ee6a1a95"}
{"name":"worker","pid":1039,"phase":"RUN_GRADLEW","buildId":"d34559e7-5aef-408c-957f-09a8febd42b4","source":"stdout","level":30,"msg":"> Task :expo-modules-core:compileReleaseKotlin","time":"2026-02-22T23:34:29.927Z","v":0,"logId":"019c87b4-5b27-7953-930f-52f5b1de3bb4"}
{"name":"worker","pid":1039,"phase":"RUN_GRADLEW","buildId":"d34559e7-5aef-408c-957f-09a8febd42b4","source":"stdout","level":30,"msg":"w: file:///home/expo/workingdir/build/mobile/node_modules/expo-modules-core/android/src/main/java/expo/modules/core/utilities/EmulatorUtilities.kt:30:13 'SERIAL: String!' is deprecated. Deprecated in Java","time":"2026-02-22T23:34:35.327Z","v":0,"logId":"019c87b4-703f-78a9-9288-72af35039529"}
{"name":"worker","pid":1039,"phase":"RUN_GRADLEW","buildId":"d34559e7-5aef-408c-957f-09a8febd42b4","source":"stdout","level":30,"msg":"w: file:///home/expo/workingdir/build/mobile/node_modules/expo-modules-core/android/src/main/java/expo/modules/kotlin/AppContext.kt:151:13 Variable 'catalystInstance' is never used","time":"2026-02-22T23:34:35.327Z","v":0,"logId":"019c87b4-7040-7bf8-a216-05e14d99071a"}
{"name":"worker","pid":1039,"phase":"RUN_GRADLEW","buildId":"d34559e7-5aef-408c-957f-09a8febd42b4","source":"stdout","level":30,"msg":"w: file:///home/expo/workingdir/build/mobile/node_modules/expo-modules-core/android/src/main/java/expo/modules/kotlin/ExpoModulesHelper.kt:11:21 'newInstance(): T!' is deprecated. Deprecated in Java","time":"2026-02-22T23:34:35.328Z","v":0,"logId":"019c87b4-7040-7bf8-a216-05e2a572c935"}
{"name":"worker","pid":1039,"phase":"RUN_GRADLEW","buildId":"d34559e7-5aef-408c-957f-09a8febd42b4","source":"stdout","level":30,"msg":"w: file:///home/expo/workingdir/build/mobile/node_modules/expo-modules-core/android/src/main/java/expo/modules/kotlin/Promise.kt:72:18 This declaration overrides deprecated member but not marked as deprecated itself. This deprecation won't be inherited in future releases. Please add @Deprecated annotation or suppress. See https://youtrack.jetbrains.com/issue/KT-47902 for details","time":"2026-02-22T23:34:35.328Z","v":0,"logId":"019c87b4-7040-7bf8-a216-05e368af396e"}
{"name":"worker","pid":1039,"phase":"RUN_GRADLEW","buildId":"d34559e7-5aef-408c-957f-09a8febd42b4","source":"stdout","level":30,"msg":"w: file:///home/expo/workingdir/build/mobile/node_modules/expo-modules-core/android/src/main/java/expo/modules/kotlin/Utils.kt:8:3 Expected performance impact from inlining is insignificant. Inlining works best for functions with parameters of functional types","time":"2026-02-22T23:34:35.328Z","v":0,"logId":"019c87b4-7040-7bf8-a216-05e4a7da9a67"}
{"name":"worker","pid":1039,"phase":"RUN_GRADLEW","buildId":"d34559e7-5aef-408c-957f-09a8febd42b4","source":"stdout","level":30,"msg":"w: file:///home/expo/workingdir/build/mobile/node_modules/expo-modules-core/android/src/main/java/expo/modules/kotlin/activityresult/ActivityResultsManager.kt:51:24 Parameter 'activity' is never used","time":"2026-02-22T23:34:35.328Z","v":0,"logId":"019c87b4-7040-7bf8-a216-05e586464e61"}
{"name":"worker","pid":1039,"phase":"RUN_GRADLEW","buildId":"d34559e7-5aef-408c-957f-09a8febd42b4","source":"stdout","level":30,"msg":"w: file:///home/expo/workingdir/build/mobile/node_modules/expo-modules-core/android/src/main/java/expo/modules/kotlin/activityresult/AppContextActivityResultRegistry.kt:119:51 'getParcelableExtra(String!): T?' is deprecated. Deprecated in Java","time":"2026-02-22T23:34:35.328Z","v":0,"logId":"019c87b4-7040-7bf8-a216-05e6ef0cf44c"}
{"name":"worker","pid":1039,"phase":"RUN_GRADLEW","buildId":"d34559e7-5aef-408c-957f-09a8febd42b4","source":"stdout","level":30,"msg":"w: file:///home/expo/workingdir/build/mobile/node_modules/expo-modules-core/android/src/main/java/expo/modules/kotlin/activityresult/AppContextActivityResultRegistry.kt:186:26 'getParcelable(String?): T?' is deprecated. Deprecated in Java","time":"2026-02-22T23:34:35.328Z","v":0,"logId":"019c87b4-7040-7bf8-a216-05e72882fecb"}
{"name":"worker","pid":1039,"phase":"RUN_GRADLEW","buildId":"d34559e7-5aef-408c-957f-09a8febd42b4","source":"stdout","level":30,"msg":"w: file:///home/expo/workingdir/build/mobile/node_modules/expo-modules-core/android/src/main/java/expo/modules/kotlin/activityresult/AppContextActivityResultRegistry.kt:277:83 'getParcelable(String?): T?' is deprecated. Deprecated in Java","time":"2026-02-22T23:34:35.328Z","v":0,"logId":"019c87b4-7040-7bf8-a216-05e823546c56"}
{"name":"worker","pid":1039,"phase":"RUN_GRADLEW","buildId":"d34559e7-5aef-408c-957f-09a8febd42b4","source":"stdout","level":30,"msg":"w: file:///home/expo/workingdir/build/mobile/node_modules/expo-modules-core/android/src/main/java/expo/modules/kotlin/activityresult/DataPersistor.kt:67:20 'getSerializable(String?): Serializable?' is deprecated. Deprecated in Java","time":"2026-02-22T23:34:35.328Z","v":0,"logId":"019c87b4-7040-7bf8-a216-05e9619103ba"}
{"name":"worker","pid":1039,"phase":"RUN_GRADLEW","buildId":"d34559e7-5aef-408c-957f-09a8febd42b4","source":"stdout","level":30,"msg":"w: file:///home/expo/workingdir/build/mobile/node_modules/expo-modules-core/android/src/main/java/expo/modules/kotlin/activityresult/DataPersistor.kt:85:26 'getSerializable(String?): Serializable?' is deprecated. Deprecated in Java","time":"2026-02-22T23:34:35.328Z","v":0,"logId":"019c87b4-7040-7bf8-a216-05ead94fb266"}
{"name":"worker","pid":1039,"phase":"RUN_GRADLEW","buildId":"d34559e7-5aef-408c-957f-09a8febd42b4","source":"stdout","level":30,"msg":"w: file:///home/expo/workingdir/build/mobile/node_modules/expo-modules-core/android/src/main/java/expo/modules/kotlin/devtools/cdp/CdpNetworkTypes.kt:186:54 Parameter 'request' is never used","time":"2026-02-22T23:34:35.328Z","v":0,"logId":"019c87b4-7040-7bf8-a216-05eb1600fdba"}
{"name":"worker","pid":1039,"phase":"RUN_GRADLEW","buildId":"d34559e7-5aef-408c-957f-09a8febd42b4","source":"stdout","level":30,"msg":"w: file:///home/expo/workingdir/build/mobile/node_modules/expo-modules-core/android/src/main/java/expo/modules/kotlin/devtools/cdp/CdpNetworkTypes.kt:210:54 Parameter 'request' is never used","time":"2026-02-22T23:34:35.328Z","v":0,"logId":"019c87b4-7040-7bf8-a216-05ec62852ccd"}
{"name":"worker","pid":1039,"phase":"RUN_GRADLEW","buildId":"d34559e7-5aef-408c-957f-09a8febd42b4","source":"stdout","level":30,"msg":"w: file:///home/expo/workingdir/build/mobile/node_modules/expo-modules-core/android/src/main/java/expo/modules/kotlin/devtools/cdp/CdpNetworkTypes.kt:230:15 Parameter 'now' is never used","time":"2026-02-22T23:34:35.328Z","v":0,"logId":"019c87b4-7040-7bf8-a216-05edb4cbd72a"}
{"name":"worker","pid":1039,"phase":"RUN_GRADLEW","buildId":"d34559e7-5aef-408c-957f-09a8febd42b4","source":"stdout","level":30,"msg":"w: file:///home/expo/workingdir/build/mobile/node_modules/expo-modules-core/android/src/main/java/expo/modules/kotlin/devtools/cdp/CdpNetworkTypes.kt:230:54 Parameter 'request' is never used","time":"2026-02-22T23:34:35.328Z","v":0,"logId":"019c87b4-7040-7bf8-a216-05ee59885672"}
{"name":"worker","pid":1039,"phase":"RUN_GRADLEW","buildId":"d34559e7-5aef-408c-957f-09a8febd42b4","source":"stdout","level":30,"msg":"w: file:///home/expo/workingdir/build/mobile/node_modules/expo-modules-core/android/src/main/java/expo/modules/kotlin/events/KModuleEventEmitterWrapper.kt:90:7 'constructor Event<T : Event<(raw) Event<*>>!>(Int)' is deprecated. Deprecated in Java","time":"2026-02-22T23:34:35.328Z","v":0,"logId":"019c87b4-7040-7bf8-a216-05ef9a657371"}
{"name":"worker","pid":1039,"phase":"RUN_GRADLEW","buildId":"d34559e7-5aef-408c-957f-09a8febd42b4","source":"stdout","level":30,"msg":"w: file:///home/expo/workingdir/build/mobile/node_modules/expo-modules-core/android/src/main/java/expo/modules/kotlin/jni/JavaScriptObject.kt:90:33 Parameter 'null' is never used","time":"2026-02-22T23:34:35.328Z","v":0,"logId":"019c87b4-7040-7bf8-a216-05f0b39fd780"}
{"name":"worker","pid":1039,"phase":"RUN_GRADLEW","buildId":"d34559e7-5aef-408c-957f-09a8febd42b4","source":"stdout","level":30,"msg":"w: file:///home/expo/workingdir/build/mobile/node_modules/expo-modules-core/android/src/main/java/expo/modules/kotlin/jni/JavaScriptObject.kt:91:34 Parameter 'null' is never used","time":"2026-02-22T23:34:35.328Z","v":0,"logId":"019c87b4-7040-7bf8-a216-05f1ad683320"}
{"name":"worker","pid":1039,"phase":"RUN_GRADLEW","buildId":"d34559e7-5aef-408c-957f-09a8febd42b4","source":"stdout","level":30,"msg":"w: file:///home/expo/workingdir/build/mobile/node_modules/expo-modules-core/android/src/main/java/expo/modules/kotlin/jni/JavaScriptObject.kt:132:5 Parameter 'null' is never used","time":"2026-02-22T23:34:35.328Z","v":0,"logId":"019c87b4-7040-7bf8-a216-05f258001164"}
{"name":"worker","pid":1039,"phase":"RUN_GRADLEW","buildId":"d34559e7-5aef-408c-957f-09a8febd42b4","source":"stdout","level":30,"msg":"w: file:///home/expo/workingdir/build/mobile/node_modules/expo-modules-core/android/src/main/java/expo/modules/kotlin/sharedobjects/SharedObjectRegistry.kt:54:35 Destructured parameter 'js' is never used","time":"2026-02-22T23:34:35.328Z","v":0,"logId":"019c87b4-7040-7bf8-a216-05f3206fdfb5"}
{"name":"worker","pid":1039,"phase":"RUN_GRADLEW","buildId":"d34559e7-5aef-408c-957f-09a8febd42b4","source":"stdout","level":30,"msg":"w: file:///home/expo/workingdir/build/mobile/node_modules/expo-modules-core/android/src/main/java/expo/modules/kotlin/tracing/ExpoTrace.kt:33:1 Expected performance impact from inlining is insignificant. Inlining works best for functions with parameters of functional types","time":"2026-02-22T23:34:35.328Z","v":0,"logId":"019c87b4-7040-7bf8-a216-05f46ec7b0d0"}
{"name":"worker","pid":1039,"phase":"RUN_GRADLEW","buildId":"d34559e7-5aef-408c-957f-09a8febd42b4","source":"stdout","level":30,"msg":"w: file:///home/expo/workingdir/build/mobile/node_modules/expo-modules-core/android/src/main/java/expo/modules/kotlin/tracing/ExpoTrace.kt:40:1 Expected performance impact from inlining is insignificant. Inlining works best for functions with parameters of functional types","time":"2026-02-22T23:34:35.328Z","v":0,"logId":"019c87b4-7040-7bf8-a216-05f5288b7d94"}
{"name":"worker","pid":1039,"phase":"RUN_GRADLEW","buildId":"d34559e7-5aef-408c-957f-09a8febd42b4","source":"stdout","level":30,"msg":"w: file:///home/expo/workingdir/build/mobile/node_modules/expo-modules-core/android/src/main/java/expo/modules/kotlin/tracing/ExpoTrace.kt:50:1 Expected performance impact from inlining is insignificant. Inlining works best for functions with parameters of functional types","time":"2026-02-22T23:34:35.328Z","v":0,"logId":"019c87b4-7040-7bf8-a216-05f6ef07c048"}
{"name":"worker","pid":1039,"phase":"RUN_GRADLEW","buildId":"d34559e7-5aef-408c-957f-09a8febd42b4","source":"stdout","level":30,"msg":"w: file:///home/expo/workingdir/build/mobile/node_modules/expo-modules-core/android/src/main/java/expo/modules/kotlin/tracing/ExpoTrace.kt:56:1 Expected performance impact from inlining is insignificant. Inlining works best for functions with parameters of functional types","time":"2026-02-22T23:34:35.328Z","v":0,"logId":"019c87b4-7040-7bf8-a216-05f7e609f6dd"}
{"name":"worker","pid":1039,"phase":"RUN_GRADLEW","buildId":"d34559e7-5aef-408c-957f-09a8febd42b4","source":"stdout","level":30,"msg":"w: file:///home/expo/workingdir/build/mobile/node_modules/expo-modules-core/android/src/main/java/expo/modules/kotlin/types/Either.kt:76:12 Parameter 'type' is never used","time":"2026-02-22T23:34:35.328Z","v":0,"logId":"019c87b4-7040-7bf8-a216-05f898a6d03e"}
{"name":"worker","pid":1039,"phase":"RUN_GRADLEW","buildId":"d34559e7-5aef-408c-957f-09a8febd42b4","source":"stdout","level":30,"msg":"w: file:///home/expo/workingdir/build/mobile/node_modules/expo-modules-core/android/src/main/java/expo/modules/kotlin/types/Either.kt:79:12 Parameter 'type' is never used","time":"2026-02-22T23:34:35.328Z","v":0,"logId":"019c87b4-7040-7bf8-a216-05f986d7b49e"}
{"name":"worker","pid":1039,"phase":"RUN_GRADLEW","buildId":"d34559e7-5aef-408c-957f-09a8febd42b4","source":"stdout","level":30,"msg":"w: file:///home/expo/workingdir/build/mobile/node_modules/expo-modules-core/android/src/main/java/expo/modules/kotlin/types/Either.kt:82:11 Parameter 'type' is never used","time":"2026-02-22T23:34:35.328Z","v":0,"logId":"019c87b4-7040-7bf8-a216-05fa47330cd5"}
{"name":"worker","pid":1039,"phase":"RUN_GRADLEW","buildId":"d34559e7-5aef-408c-957f-09a8febd42b4","source":"stdout","level":30,"msg":"w: file:///home/expo/workingdir/build/mobile/node_modules/expo-modules-core/android/src/main/java/expo/modules/kotlin/types/Either.kt:85:11 Parameter 'type' is never used","time":"2026-02-22T23:34:35.328Z","v":0,"logId":"019c87b4-7040-7bf8-a216-05fbd25d1a68"}
{"name":"worker","pid":1039,"phase":"RUN_GRADLEW","buildId":"d34559e7-5aef-408c-957f-09a8febd42b4","source":"stdout","level":30,"msg":"w: file:///home/expo/workingdir/build/mobile/node_modules/expo-modules-core/android/src/main/java/expo/modules/kotlin/types/Either.kt:99:12 Parameter 'type' is never used","time":"2026-02-22T23:34:35.329Z","v":0,"logId":"019c87b4-7041-78a0-9584-efd2ee3a3c73"}
{"name":"worker","pid":1039,"phase":"RUN_GRADLEW","buildId":"d34559e7-5aef-408c-957f-09a8febd42b4","source":"stdout","level":30,"msg":"w: file:///home/expo/workingdir/build/mobile/node_modules/expo-modules-core/android/src/main/java/expo/modules/kotlin/types/Either.kt:102:11 Parameter 'type' is never used","time":"2026-02-22T23:34:35.329Z","v":0,"logId":"019c87b4-7041-78a0-9584-efd35455a92a"}
{"name":"worker","pid":1039,"phase":"RUN_GRADLEW","buildId":"d34559e7-5aef-408c-957f-09a8febd42b4","source":"stdout","level":30,"msg":"w: file:///home/expo/workingdir/build/mobile/node_modules/expo-modules-core/android/src/main/java/expo/modules/kotlin/types/Either.kt:114:12 Parameter 'type' is never used","time":"2026-02-22T23:34:35.329Z","v":0,"logId":"019c87b4-7041-78a0-9584-efd4e67bead3"}
{"name":"worker","pid":1039,"phase":"RUN_GRADLEW","buildId":"d34559e7-5aef-408c-957f-09a8febd42b4","source":"stdout","level":30,"msg":"w: file:///home/expo/workingdir/build/mobile/node_modules/expo-modules-core/android/src/main/java/expo/modules/kotlin/types/Either.kt:117:11 Parameter 'type' is never used","time":"2026-02-22T23:34:35.329Z","v":0,"logId":"019c87b4-7041-78a0-9584-efd5669e8cfc"}
{"name":"worker","pid":1039,"phase":"RUN_GRADLEW","buildId":"d34559e7-5aef-408c-957f-09a8febd42b4","source":"stdout","level":30,"msg":"w: file:///home/expo/workingdir/build/mobile/node_modules/expo-modules-core/android/src/main/java/expo/modules/kotlin/types/JSTypeConverterHelper.kt:44:17 'get(String!): Any?' is deprecated. Deprecated in Java","time":"2026-02-22T23:34:35.329Z","v":0,"logId":"019c87b4-7041-78a0-9584-efd657f39e57"}
{"name":"worker","pid":1039,"phase":"RUN_GRADLEW","buildId":"d34559e7-5aef-408c-957f-09a8febd42b4","source":"stdout","level":30,"msg":"w: file:///home/expo/workingdir/build/mobile/node_modules/expo-modules-core/android/src/main/java/expo/modules/kotlin/types/TypeConverterProvider.kt:175:46 'newInstance(): T!' is deprecated. Deprecated in Java","time":"2026-02-22T23:34:35.329Z","v":0,"logId":"019c87b4-7041-78a0-9584-efd7e21013cb"}
{"name":"worker","pid":1039,"phase":"RUN_GRADLEW","buildId":"d34559e7-5aef-408c-957f-09a8febd42b4","source":"stderr","level":30,"msg":"FAILURE: Build failed with an exception.","time":"2026-02-22T23:34:35.427Z","v":0,"logId":"019c87b4-70a3-76a5-a97c-ad3fc1f997a8"}
{"name":"worker","pid":1039,"phase":"RUN_GRADLEW","buildId":"d34559e7-5aef-408c-957f-09a8febd42b4","source":"stderr","level":30,"msg":"* What went wrong:","time":"2026-02-22T23:34:35.427Z","v":0,"logId":"019c87b4-70a3-76a5-a97c-ad409137717f"}
{"name":"worker","pid":1039,"phase":"RUN_GRADLEW","buildId":"d34559e7-5aef-408c-957f-09a8febd42b4","source":"stderr","level":30,"msg":"Execution failed for task ':app:createBundleReleaseJsAndAssets'.","time":"2026-02-22T23:34:35.427Z","v":0,"logId":"019c87b4-70a3-76a5-a97c-ad417af87d0f"}
{"name":"worker","pid":1039,"phase":"RUN_GRADLEW","buildId":"d34559e7-5aef-408c-957f-09a8febd42b4","source":"stderr","level":30,"msg":"> Process 'command 'node'' finished with non-zero exit value 1","time":"2026-02-22T23:34:35.427Z","v":0,"logId":"019c87b4-70a3-76a5-a97c-ad42a1fce2fa"}
{"name":"worker","pid":1039,"phase":"RUN_GRADLEW","buildId":"d34559e7-5aef-408c-957f-09a8febd42b4","source":"stderr","level":30,"msg":"* Try:","time":"2026-02-22T23:34:35.428Z","v":0,"logId":"019c87b4-70a4-7026-b244-9ccdee3ea127"}
{"name":"worker","pid":1039,"phase":"RUN_GRADLEW","buildId":"d34559e7-5aef-408c-957f-09a8febd42b4","source":"stderr","level":30,"msg":"> Run with --stacktrace option to get the stack trace.","time":"2026-02-22T23:34:35.428Z","v":0,"logId":"019c87b4-70a4-7026-b244-9cce7f220d31"}
{"name":"worker","pid":1039,"phase":"RUN_GRADLEW","buildId":"d34559e7-5aef-408c-957f-09a8febd42b4","source":"stderr","level":30,"msg":"> Run with --info or --debug option to get more log output.","time":"2026-02-22T23:34:35.428Z","v":0,"logId":"019c87b4-70a4-7026-b244-9ccf40abc6b9"}
{"name":"worker","pid":1039,"phase":"RUN_GRADLEW","buildId":"d34559e7-5aef-408c-957f-09a8febd42b4","source":"stderr","level":30,"msg":"> Run with --scan to get full insights.","time":"2026-02-22T23:34:35.428Z","v":0,"logId":"019c87b4-70a4-7026-b244-9cd0beeb5c46"}
{"name":"worker","pid":1039,"phase":"RUN_GRADLEW","buildId":"d34559e7-5aef-408c-957f-09a8febd42b4","source":"stderr","level":30,"msg":"> Get more help at https://help.gradle.org.","time":"2026-02-22T23:34:35.428Z","v":0,"logId":"019c87b4-70a4-7026-b244-9cd119b716a3"}
{"name":"worker","pid":1039,"phase":"RUN_GRADLEW","buildId":"d34559e7-5aef-408c-957f-09a8febd42b4","source":"stderr","level":30,"msg":"BUILD FAILED in 1m 52s","time":"2026-02-22T23:34:35.428Z","v":0,"logId":"019c87b4-70a4-7026-b244-9cd276e5c065"}
{"name":"worker","pid":1039,"phase":"RUN_GRADLEW","buildId":"d34559e7-5aef-408c-957f-09a8febd42b4","source":"stdout","level":30,"msg":"309 actionable tasks: 309 executed","time":"2026-02-22T23:34:35.428Z","v":0,"logId":"019c87b4-70a4-7026-b244-9cd3935e8198"}
{"name":"worker","pid":1039,"phase":"RUN_GRADLEW","buildId":"d34559e7-5aef-408c-957f-09a8febd42b4","level":50,"msg":"Error: Gradle build failed with unknown error. See logs for the \"Run gradlew\" phase for more information.","time":"2026-02-22T23:34:35.801Z","v":0,"logId":"019c87b4-7219-7e86-9c8d-062384892f8f"}
{"name":"worker","pid":1039,"phase":"RUN_GRADLEW","buildId":"d34559e7-5aef-408c-957f-09a8febd42b4","level":30,"marker":"END_PHASE","result":"failed","durationMs":113197,"msg":"End phase: RUN_GRADLEW","time":"2026-02-22T23:34:35.802Z","v":0,"logId":"019c87b4-721a-7b8b-b6d0-8b48b3519056"}
{"name":"worker","pid":1039,"phase":"ON_BUILD_ERROR_HOOK","buildId":"d34559e7-5aef-408c-957f-09a8febd42b4","level":30,"marker":"START_PHASE","msg":"Start phase: ON_BUILD_ERROR_HOOK","time":"2026-02-22T23:34:35.802Z","v":0,"logId":"019c87b4-721a-7b8b-b6d0-8b4924be3ca5"}
{"name":"worker","pid":1039,"phase":"ON_BUILD_ERROR_HOOK","buildId":"d34559e7-5aef-408c-957f-09a8febd42b4","level":30,"marker":"END_PHASE","result":"success","durationMs":0,"msg":"End phase: ON_BUILD_ERROR_HOOK","time":"2026-02-22T23:34:35.802Z","v":0,"logId":"019c87b4-721a-7b8b-b6d0-8b4acc21fe9d"}
{"name":"worker","pid":1039,"phase":"ON_BUILD_COMPLETE_HOOK","buildId":"d34559e7-5aef-408c-957f-09a8febd42b4","level":30,"marker":"START_PHASE","msg":"Start phase: ON_BUILD_COMPLETE_HOOK","time":"2026-02-22T23:34:35.802Z","v":0,"logId":"019c87b4-721a-7b8b-b6d0-8b4b105fc0c5"}
{"name":"worker","pid":1039,"phase":"ON_BUILD_COMPLETE_HOOK","buildId":"d34559e7-5aef-408c-957f-09a8febd42b4","level":30,"marker":"END_PHASE","result":"success","durationMs":0,"msg":"End phase: ON_BUILD_COMPLETE_HOOK","time":"2026-02-22T23:34:35.803Z","v":0,"logId":"019c87b4-721b-7e79-889f-91a69224e7b2"}
{"name":"worker","pid":1039,"phase":"UPLOAD_BUILD_ARTIFACTS","buildId":"d34559e7-5aef-408c-957f-09a8febd42b4","level":30,"marker":"START_PHASE","msg":"Start phase: UPLOAD_BUILD_ARTIFACTS","time":"2026-02-22T23:34:35.803Z","v":0,"logId":"019c87b4-721b-7e79-889f-91a7c17be856"}
{"name":"worker","pid":1039,"phase":"UPLOAD_BUILD_ARTIFACTS","buildId":"d34559e7-5aef-408c-957f-09a8febd42b4","level":30,"marker":"END_PHASE","result":"success","durationMs":0,"msg":"End phase: UPLOAD_BUILD_ARTIFACTS","time":"2026-02-22T23:34:35.803Z","v":0,"logId":"019c87b4-721b-7e79-889f-91a8eaf2fc28"}
{"name":"worker","pid":1039,"phase":"FAIL_BUILD","buildId":"d34559e7-5aef-408c-957f-09a8febd42b4","level":30,"marker":"START_PHASE","msg":"Start phase: FAIL_BUILD","time":"2026-02-22T23:34:35.803Z","v":0,"logId":"019c87b4-721b-7e79-889f-91a9cd5a831d"}
{"name":"worker","pid":1039,"phase":"FAIL_BUILD","buildId":"d34559e7-5aef-408c-957f-09a8febd42b4","level":50,"msg":"Build failed: Gradle build failed with unknown error. See logs for the \"Run gradlew\" phase for more information.","time":"2026-02-22T23:34:35.804Z","v":0,"logId":"019c87b4-721c-7790-83bc-9dc66b75e109"}
{"name":"worker","pid":1039,"phase":"FAIL_BUILD","buildId":"d34559e7-5aef-408c-957f-09a8febd42b4","level":30,"marker":"END_PHASE","result":"failed","msg":"End phase: FAIL_BUILD","time":"2026-02-22T23:34:35.804Z","v":0,"logId":"019c87b4-721c-7790-83bc-9dc713f0c9c8"}
