{"name":"worker","pid":1041,"phase":"SPIN_UP_BUILDER","buildId":"a9ee9932-032e-40af-9f0e-18749f8036bf","level":30,"msg":"AMD, 8 vCPUs, 32 GB RAM","time":"2026-02-22T23:26:21.483Z","v":0,"logId":"019c87ac-e72b-73a7-8e24-5b7ca595de31"}
{"name":"worker","pid":1041,"phase":"SPIN_UP_BUILDER","buildId":"a9ee9932-032e-40af-9f0e-18749f8036bf","level":30,"msg":"","time":"2026-02-22T23:26:21.484Z","v":0,"logId":"019c87ac-e72c-7f19-a2dd-5ca76fc9a9fa"}
{"name":"worker","pid":1041,"phase":"SPIN_UP_BUILDER","buildId":"a9ee9932-032e-40af-9f0e-18749f8036bf","level":30,"msg":"Using image \"ubuntu-22.04-jdk-17-ndk-25.1.8937393\" based on \"ubuntu-2204-jammy-v20220810\"","time":"2026-02-22T23:26:21.486Z","v":0,"logId":"019c87ac-e72e-7a92-9c5d-3af69314bcab"}
{"name":"worker","pid":1041,"phase":"SPIN_UP_BUILDER","buildId":"a9ee9932-032e-40af-9f0e-18749f8036bf","level":30,"msg":"","time":"2026-02-22T23:26:21.486Z","v":0,"logId":"019c87ac-e72e-7a92-9c5d-3af7f19edde2"}
{"name":"worker","pid":1041,"phase":"SPIN_UP_BUILDER","buildId":"a9ee9932-032e-40af-9f0e-18749f8036bf","level":30,"msg":"Installed software:","time":"2026-02-22T23:26:21.486Z","v":0,"logId":"019c87ac-e72e-7a92-9c5d-3af8908d8cf8"}
{"name":"worker","pid":1041,"phase":"SPIN_UP_BUILDER","buildId":"a9ee9932-032e-40af-9f0e-18749f8036bf","level":30,"msg":"- NDK 25.1.8937393","time":"2026-02-22T23:26:21.486Z","v":0,"logId":"019c87ac-e72e-7a92-9c5d-3af9ca2dbee2"}
{"name":"worker","pid":1041,"phase":"SPIN_UP_BUILDER","buildId":"a9ee9932-032e-40af-9f0e-18749f8036bf","level":30,"msg":"- Node.js 18.18.0","time":"2026-02-22T23:26:21.486Z","v":0,"logId":"019c87ac-e72f-7d0b-b349-34bfb5905ee0"}
{"name":"worker","pid":1041,"phase":"SPIN_UP_BUILDER","buildId":"a9ee9932-032e-40af-9f0e-18749f8036bf","level":30,"msg":"- Bun 1.0.14","time":"2026-02-22T23:26:21.487Z","v":0,"logId":"019c87ac-e72f-7d0b-b349-34c041436f5b"}
{"name":"worker","pid":1041,"phase":"SPIN_UP_BUILDER","buildId":"a9ee9932-032e-40af-9f0e-18749f8036bf","level":30,"msg":"- Yarn 1.22.19","time":"2026-02-22T23:26:21.487Z","v":0,"logId":"019c87ac-e72f-7d0b-b349-34c1a4644b35"}
{"name":"worker","pid":1041,"phase":"SPIN_UP_BUILDER","buildId":"a9ee9932-032e-40af-9f0e-18749f8036bf","level":30,"msg":"- pnpm 8.9.2","time":"2026-02-22T23:26:21.487Z","v":0,"logId":"019c87ac-e72f-7d0b-b349-34c29f7b0e5a"}
{"name":"worker","pid":1041,"phase":"SPIN_UP_BUILDER","buildId":"a9ee9932-032e-40af-9f0e-18749f8036bf","level":30,"msg":"- npm 9.8.1","time":"2026-02-22T23:26:21.487Z","v":0,"logId":"019c87ac-e72f-7d0b-b349-34c362e91fef"}
{"name":"worker","pid":1041,"phase":"SPIN_UP_BUILDER","buildId":"a9ee9932-032e-40af-9f0e-18749f8036bf","level":30,"msg":"- Java 17","time":"2026-02-22T23:26:21.487Z","v":0,"logId":"019c87ac-e72f-7d0b-b349-34c4c9c8235e"}
{"name":"worker","pid":1041,"phase":"SPIN_UP_BUILDER","buildId":"a9ee9932-032e-40af-9f0e-18749f8036bf","level":30,"msg":"- node-gyp 10.0.1","time":"2026-02-22T23:26:21.487Z","v":0,"logId":"019c87ac-e72f-7d0b-b349-34c5d442b830"}
{"name":"worker","pid":1041,"phase":"SPIN_UP_BUILDER","buildId":"a9ee9932-032e-40af-9f0e-18749f8036bf","level":30,"msg":"","time":"2026-02-22T23:26:21.487Z","v":0,"logId":"019c87ac-e72f-7d0b-b349-34c60d2b3c4b"}
{"name":"worker","pid":1041,"phase":"SPIN_UP_BUILDER","buildId":"a9ee9932-032e-40af-9f0e-18749f8036bf","level":30,"msg":"Project environment variables:","time":"2026-02-22T23:26:21.487Z","v":0,"logId":"019c87ac-e72f-7d0b-b349-34c7296193e6"}
{"name":"worker","pid":1041,"phase":"SPIN_UP_BUILDER","buildId":"a9ee9932-032e-40af-9f0e-18749f8036bf","level":30,"msg":"  EAS_USE_CACHE=1","time":"2026-02-22T23:26:21.487Z","v":0,"logId":"019c87ac-e72f-7d0b-b349-34c881385004"}
{"name":"worker","pid":1041,"phase":"SPIN_UP_BUILDER","buildId":"a9ee9932-032e-40af-9f0e-18749f8036bf","level":30,"msg":"  __API_SERVER_URL=https://api.expo.dev/","time":"2026-02-22T23:26:21.487Z","v":0,"logId":"019c87ac-e72f-7d0b-b349-34c9705acf02"}
{"name":"worker","pid":1041,"phase":"SPIN_UP_BUILDER","buildId":"a9ee9932-032e-40af-9f0e-18749f8036bf","level":30,"msg":"","time":"2026-02-22T23:26:21.488Z","v":0,"logId":"019c87ac-e730-713f-899d-4453b0c2ed52"}
{"name":"worker","pid":1041,"phase":"SPIN_UP_BUILDER","buildId":"a9ee9932-032e-40af-9f0e-18749f8036bf","level":30,"msg":"Environment secrets:","time":"2026-02-22T23:26:21.488Z","v":0,"logId":"019c87ac-e730-713f-899d-44548966aa65"}
{"name":"worker","pid":1041,"phase":"SPIN_UP_BUILDER","buildId":"a9ee9932-032e-40af-9f0e-18749f8036bf","level":30,"msg":"  EXPO_TOKEN=********","time":"2026-02-22T23:26:21.488Z","v":0,"logId":"019c87ac-e730-713f-899d-4455ab582fac"}
{"name":"worker","pid":1041,"phase":"SPIN_UP_BUILDER","buildId":"a9ee9932-032e-40af-9f0e-18749f8036bf","level":30,"msg":"","time":"2026-02-22T23:26:21.488Z","v":0,"logId":"019c87ac-e730-713f-899d-445688fee9e8"}
{"name":"worker","pid":1041,"phase":"SPIN_UP_BUILDER","buildId":"a9ee9932-032e-40af-9f0e-18749f8036bf","level":30,"msg":"EAS Build environment variables:","time":"2026-02-22T23:26:21.488Z","v":0,"logId":"019c87ac-e730-713f-899d-4457494aa040"}
{"name":"worker","pid":1041,"phase":"SPIN_UP_BUILDER","buildId":"a9ee9932-032e-40af-9f0e-18749f8036bf","level":30,"msg":"  SHELL=/bin/sh","time":"2026-02-22T23:26:21.488Z","v":0,"logId":"019c87ac-e730-713f-899d-4458ef881bc0"}
{"name":"worker","pid":1041,"phase":"SPIN_UP_BUILDER","buildId":"a9ee9932-032e-40af-9f0e-18749f8036bf","level":30,"msg":"  NVM_INC=/home/expo/.nvm/versions/node/v18.18.0/include/node","time":"2026-02-22T23:26:21.488Z","v":0,"logId":"019c87ac-e730-713f-899d-4459eda359f5"}
{"name":"worker","pid":1041,"phase":"SPIN_UP_BUILDER","buildId":"a9ee9932-032e-40af-9f0e-18749f8036bf","level":30,"msg":"  JAVA_HOME=/usr/lib/jvm/java-17-openjdk-amd64","time":"2026-02-22T23:26:21.488Z","v":0,"logId":"019c87ac-e730-713f-899d-445a26b40f0b"}
{"name":"worker","pid":1041,"phase":"SPIN_UP_BUILDER","buildId":"a9ee9932-032e-40af-9f0e-18749f8036bf","level":30,"msg":"  PWD=/usr/local/eas-build-worker","time":"2026-02-22T23:26:21.488Z","v":0,"logId":"019c87ac-e730-713f-899d-445b6f5ed973"}
{"name":"worker","pid":1041,"phase":"SPIN_UP_BUILDER","buildId":"a9ee9932-032e-40af-9f0e-18749f8036bf","level":30,"msg":"  LOGNAME=expo","time":"2026-02-22T23:26:21.488Z","v":0,"logId":"019c87ac-e730-713f-899d-445c1b2d7070"}
{"name":"worker","pid":1041,"phase":"SPIN_UP_BUILDER","buildId":"a9ee9932-032e-40af-9f0e-18749f8036bf","level":30,"msg":"  SYSTEMD_EXEC_PID=1041","time":"2026-02-22T23:26:21.488Z","v":0,"logId":"019c87ac-e730-713f-899d-445df30abf09"}
{"name":"worker","pid":1041,"phase":"SPIN_UP_BUILDER","buildId":"a9ee9932-032e-40af-9f0e-18749f8036bf","level":30,"msg":"  HOME=/home/expo","time":"2026-02-22T23:26:21.488Z","v":0,"logId":"019c87ac-e730-713f-899d-445e52855f0c"}
{"name":"worker","pid":1041,"phase":"SPIN_UP_BUILDER","buildId":"a9ee9932-032e-40af-9f0e-18749f8036bf","level":30,"msg":"  LANG=en_US.UTF-8","time":"2026-02-22T23:26:21.488Z","v":0,"logId":"019c87ac-e730-713f-899d-445f0bc44505"}
{"name":"worker","pid":1041,"phase":"SPIN_UP_BUILDER","buildId":"a9ee9932-032e-40af-9f0e-18749f8036bf","level":30,"msg":"  INVOCATION_ID=a0bd4860cf6a42f6a6b62e324676bc37","time":"2026-02-22T23:26:21.488Z","v":0,"logId":"019c87ac-e730-713f-899d-4460e39d9b89"}
{"name":"worker","pid":1041,"phase":"SPIN_UP_BUILDER","buildId":"a9ee9932-032e-40af-9f0e-18749f8036bf","level":30,"msg":"  ANDROID_NDK_HOME=/home/expo/Android/Sdk/ndk/25.1.8937393","time":"2026-02-22T23:26:21.488Z","v":0,"logId":"019c87ac-e730-713f-899d-4461eb318bd4"}
{"name":"worker","pid":1041,"phase":"SPIN_UP_BUILDER","buildId":"a9ee9932-032e-40af-9f0e-18749f8036bf","level":30,"msg":"  NVM_DIR=/home/expo/.nvm","time":"2026-02-22T23:26:21.488Z","v":0,"logId":"019c87ac-e730-713f-899d-4462bfdb706f"}
{"name":"worker","pid":1041,"phase":"SPIN_UP_BUILDER","buildId":"a9ee9932-032e-40af-9f0e-18749f8036bf","level":30,"msg":"  ANDROID_HOME=/home/expo/Android/Sdk","time":"2026-02-22T23:26:21.488Z","v":0,"logId":"019c87ac-e730-713f-899d-4463cba2c2d7"}
{"name":"worker","pid":1041,"phase":"SPIN_UP_BUILDER","buildId":"a9ee9932-032e-40af-9f0e-18749f8036bf","level":30,"msg":"  USER=expo","time":"2026-02-22T23:26:21.488Z","v":0,"logId":"019c87ac-e730-713f-899d-4464b6c6406c"}
{"name":"worker","pid":1041,"phase":"SPIN_UP_BUILDER","buildId":"a9ee9932-032e-40af-9f0e-18749f8036bf","level":30,"msg":"  SHLVL=0","time":"2026-02-22T23:26:21.488Z","v":0,"logId":"019c87ac-e730-713f-899d-44650f941357"}
{"name":"worker","pid":1041,"phase":"SPIN_UP_BUILDER","buildId":"a9ee9932-032e-40af-9f0e-18749f8036bf","level":30,"msg":"  ANDROID_SDK_ROOT=/home/expo/Android/Sdk","time":"2026-02-22T23:26:21.488Z","v":0,"logId":"019c87ac-e730-713f-899d-44663b25fe40"}
{"name":"worker","pid":1041,"phase":"SPIN_UP_BUILDER","buildId":"a9ee9932-032e-40af-9f0e-18749f8036bf","level":30,"msg":"  JOURNAL_STREAM=8:16757","time":"2026-02-22T23:26:21.488Z","v":0,"logId":"019c87ac-e730-713f-899d-4467a0b2c501"}
{"name":"worker","pid":1041,"phase":"SPIN_UP_BUILDER","buildId":"a9ee9932-032e-40af-9f0e-18749f8036bf","level":30,"msg":"  PATH=/home/expo/workingdir/bin:/home/expo/.nvm/versions/node/v18.18.0/bin:/opt/bundletool:/home/expo/Android/Sdk/build-tools/29.0.3:/home/expo/Android/Sdk/ndk/25.1.8937393:/home/expo/Android/Sdk/cmdline-tools/tools/bin:/home/expo/Android/Sdk/tools:/home/expo/Android/Sdk/tools/bin:/home/expo/Android/Sdk/platform-tools:/usr/local/sbin:/usr/local/bin:/usr/sbin:/usr/bin:/sbin:/bin:/snap/bin:/home/expo/.bun/bin","time":"2026-02-22T23:26:21.488Z","v":0,"logId":"019c87ac-e730-713f-899d-44683d7f22ad"}
{"name":"worker","pid":1041,"phase":"SPIN_UP_BUILDER","buildId":"a9ee9932-032e-40af-9f0e-18749f8036bf","level":30,"msg":"  LOGGER_LEVEL=info","time":"2026-02-22T23:26:21.488Z","v":0,"logId":"019c87ac-e730-713f-899d-4469207fbc81"}
{"name":"worker","pid":1041,"phase":"SPIN_UP_BUILDER","buildId":"a9ee9932-032e-40af-9f0e-18749f8036bf","level":30,"msg":"  NVM_BIN=/home/expo/.nvm/versions/node/v18.18.0/bin","time":"2026-02-22T23:26:21.488Z","v":0,"logId":"019c87ac-e730-713f-899d-446afdb679d8"}
{"name":"worker","pid":1041,"phase":"SPIN_UP_BUILDER","buildId":"a9ee9932-032e-40af-9f0e-18749f8036bf","level":30,"msg":"  EAS_BUILD_WORKER_DIR=/home/expo/eas-build-worker","time":"2026-02-22T23:26:21.488Z","v":0,"logId":"019c87ac-e730-713f-899d-446b3b71cf12"}
{"name":"worker","pid":1041,"phase":"SPIN_UP_BUILDER","buildId":"a9ee9932-032e-40af-9f0e-18749f8036bf","level":30,"msg":"  _=/home/expo/.nvm/versions/node/v18.18.0/bin/node","time":"2026-02-22T23:26:21.488Z","v":0,"logId":"019c87ac-e730-713f-899d-446c675f90d6"}
{"name":"worker","pid":1041,"phase":"SPIN_UP_BUILDER","buildId":"a9ee9932-032e-40af-9f0e-18749f8036bf","level":30,"msg":"  CI=1","time":"2026-02-22T23:26:21.489Z","v":0,"logId":"019c87ac-e731-7414-a3b2-75901d22bbe8"}
{"name":"worker","pid":1041,"phase":"SPIN_UP_BUILDER","buildId":"a9ee9932-032e-40af-9f0e-18749f8036bf","level":30,"msg":"  MAESTRO_DRIVER_STARTUP_TIMEOUT=120000","time":"2026-02-22T23:26:21.489Z","v":0,"logId":"019c87ac-e731-7414-a3b2-7591c1584fdd"}
{"name":"worker","pid":1041,"phase":"SPIN_UP_BUILDER","buildId":"a9ee9932-032e-40af-9f0e-18749f8036bf","level":30,"msg":"  MAESTRO_CLI_NO_ANALYTICS=1","time":"2026-02-22T23:26:21.489Z","v":0,"logId":"019c87ac-e731-7414-a3b2-7592e9886b6f"}
{"name":"worker","pid":1041,"phase":"SPIN_UP_BUILDER","buildId":"a9ee9932-032e-40af-9f0e-18749f8036bf","level":30,"msg":"  EAS_BUILD=true","time":"2026-02-22T23:26:21.489Z","v":0,"logId":"019c87ac-e731-7414-a3b2-7593ed9175d2"}
{"name":"worker","pid":1041,"phase":"SPIN_UP_BUILDER","buildId":"a9ee9932-032e-40af-9f0e-18749f8036bf","level":30,"msg":"  EAS_BUILD_RUNNER=eas-build","time":"2026-02-22T23:26:21.489Z","v":0,"logId":"019c87ac-e731-7414-a3b2-759404ef345a"}
{"name":"worker","pid":1041,"phase":"SPIN_UP_BUILDER","buildId":"a9ee9932-032e-40af-9f0e-18749f8036bf","level":30,"msg":"  EAS_BUILD_PLATFORM=android","time":"2026-02-22T23:26:21.489Z","v":0,"logId":"019c87ac-e731-7414-a3b2-7595df43509d"}
{"name":"worker","pid":1041,"phase":"SPIN_UP_BUILDER","buildId":"a9ee9932-032e-40af-9f0e-18749f8036bf","level":30,"msg":"  NVM_NODEJS_ORG_MIRROR=http://nodejs.production.caches.eas-build.internal","time":"2026-02-22T23:26:21.489Z","v":0,"logId":"019c87ac-e731-7414-a3b2-7596b84e418f"}
{"name":"worker","pid":1041,"phase":"SPIN_UP_BUILDER","buildId":"a9ee9932-032e-40af-9f0e-18749f8036bf","level":30,"msg":"  EAS_BUILD_PROFILE=preview","time":"2026-02-22T23:26:21.489Z","v":0,"logId":"019c87ac-e731-7414-a3b2-75971d98dece"}
{"name":"worker","pid":1041,"phase":"SPIN_UP_BUILDER","buildId":"a9ee9932-032e-40af-9f0e-18749f8036bf","level":30,"msg":"  EAS_BUILD_GIT_COMMIT_HASH=3efc4feaea0c2b9d6f2fd4aa3a7f37bd882798f4","time":"2026-02-22T23:26:21.489Z","v":0,"logId":"019c87ac-e731-7414-a3b2-759863000934"}
{"name":"worker","pid":1041,"phase":"SPIN_UP_BUILDER","buildId":"a9ee9932-032e-40af-9f0e-18749f8036bf","level":30,"msg":"  EAS_BUILD_ID=a9ee9932-032e-40af-9f0e-18749f8036bf","time":"2026-02-22T23:26:21.489Z","v":0,"logId":"019c87ac-e731-7414-a3b2-7599e96098e8"}
{"name":"worker","pid":1041,"phase":"SPIN_UP_BUILDER","buildId":"a9ee9932-032e-40af-9f0e-18749f8036bf","level":30,"msg":"  EAS_BUILD_WORKINGDIR=/home/expo/workingdir/build","time":"2026-02-22T23:26:21.489Z","v":0,"logId":"019c87ac-e731-7414-a3b2-759a70726b19"}
{"name":"worker","pid":1041,"phase":"SPIN_UP_BUILDER","buildId":"a9ee9932-032e-40af-9f0e-18749f8036bf","level":30,"msg":"  EAS_BUILD_PROJECT_ID=cafdcb5d-4be3-464e-a79e-d9776cf124cc","time":"2026-02-22T23:26:21.489Z","v":0,"logId":"019c87ac-e731-7414-a3b2-759b35e47ce9"}
{"name":"worker","pid":1041,"phase":"SPIN_UP_BUILDER","buildId":"a9ee9932-032e-40af-9f0e-18749f8036bf","level":30,"msg":"  EAS_BUILD_MAVEN_CACHE_URL=http://maven.production.caches.eas-build.internal","time":"2026-02-22T23:26:21.489Z","v":0,"logId":"019c87ac-e731-7414-a3b2-759c1c9411ed"}
{"name":"worker","pid":1041,"phase":"SPIN_UP_BUILDER","buildId":"a9ee9932-032e-40af-9f0e-18749f8036bf","level":30,"msg":"  GRADLE_OPTS=-Dorg.gradle.jvmargs=\"-XX:MaxMetaspaceSize=1g -Xmx8g -XX:+HeapDumpOnOutOfMemoryError -Dfile.encoding=UTF-8\" -Dorg.gradle.parallel=true -Dorg.gradle.daemon=false","time":"2026-02-22T23:26:21.489Z","v":0,"logId":"019c87ac-e731-7414-a3b2-759d2ace6827"}
{"name":"worker","pid":1041,"phase":"SPIN_UP_BUILDER","buildId":"a9ee9932-032e-40af-9f0e-18749f8036bf","level":30,"msg":"  EAS_BUILD_ANDROID_VERSION_CODE=1","time":"2026-02-22T23:26:21.489Z","v":0,"logId":"019c87ac-e731-7414-a3b2-759ea1ca7a6a"}
{"name":"worker","pid":1041,"phase":"SPIN_UP_BUILDER","buildId":"a9ee9932-032e-40af-9f0e-18749f8036bf","level":30,"msg":"  EAS_BUILD_USERNAME=plainboy_1","time":"2026-02-22T23:26:21.489Z","v":0,"logId":"019c87ac-e731-7414-a3b2-759feecac037"}
{"name":"worker","pid":1041,"phase":"SPIN_UP_BUILDER","buildId":"a9ee9932-032e-40af-9f0e-18749f8036bf","level":30,"msg":"  __EAS_BUILD_ENVS_DIR=/home/expo/workingdir/env","time":"2026-02-22T23:26:21.489Z","v":0,"logId":"019c87ac-e731-7414-a3b2-75a0e477c53a"}
{"name":"worker","pid":1041,"phase":"SPIN_UP_BUILDER","buildId":"a9ee9932-032e-40af-9f0e-18749f8036bf","level":30,"msg":"","time":"2026-02-22T23:26:21.489Z","v":0,"logId":"019c87ac-e731-7414-a3b2-75a1a3d35c2e"}
{"name":"worker","pid":1041,"phase":"SPIN_UP_BUILDER","buildId":"a9ee9932-032e-40af-9f0e-18749f8036bf","level":30,"job":{"mode":"build","type":"generic","appId":"cafdcb5d-4be3-464e-a79e-d9776cf124cc","cache":{"clear":false,"paths":[],"disabled":false},"updates":{},"version":{"versionCode":"1"},"platform":"android","username":"plainboy_1","buildType":"apk","environment":"preview","triggeredBy":"EAS_CLI","experimental":{},"expoBuildUrl":"https://expo.dev/accounts/plainboy_1/projects/tradeaid/builds/a9ee9932-032e-40af-9f0e-18749f8036bf","initiatingUserId":"e6cf8585-cf2d-414a-9b63-982e4c9df0c2","builderEnvironment":{"env":{"EAS_USE_CACHE":"1","__API_SERVER_URL":"https://api.expo.dev/"},"image":"sdk-50"},"projectRootDirectory":"mobile"},"msg":"Builder is ready, starting build","time":"2026-02-22T23:26:21.490Z","v":0,"logId":"019c87ac-e732-745a-a906-561cd1248d6c"}
{"name":"worker","pid":1041,"phase":"SPIN_UP_BUILDER","buildId":"a9ee9932-032e-40af-9f0e-18749f8036bf","level":30,"marker":"END_PHASE","result":"success","durationMs":7,"msg":"End phase: SPIN_UP_BUILDER","time":"2026-02-22T23:26:21.491Z","v":0,"logId":"019c87ac-e733-7f49-a197-a39d5be5c2bd"}
{"name":"worker","pid":1041,"phase":"INSTALL_CUSTOM_TOOLS","buildId":"a9ee9932-032e-40af-9f0e-18749f8036bf","level":30,"marker":"START_PHASE","msg":"Start phase: INSTALL_CUSTOM_TOOLS","time":"2026-02-22T23:26:21.491Z","v":0,"logId":"019c87ac-e733-7f49-a197-a39edc21f377"}
{"name":"worker","pid":1041,"phase":"INSTALL_CUSTOM_TOOLS","buildId":"a9ee9932-032e-40af-9f0e-18749f8036bf","level":30,"marker":"END_PHASE","result":"success","durationMs":407,"msg":"End phase: INSTALL_CUSTOM_TOOLS","time":"2026-02-22T23:26:21.898Z","v":0,"logId":"019c87ac-e8cb-7d2d-b498-c9bf7badd89c"}
{"name":"worker","pid":1041,"phase":"PREPARE_PROJECT","buildId":"a9ee9932-032e-40af-9f0e-18749f8036bf","level":30,"marker":"START_PHASE","msg":"Start phase: PREPARE_PROJECT","time":"2026-02-22T23:26:21.900Z","v":0,"logId":"019c87ac-e8cd-73da-8867-797bff537236"}
{"name":"worker","pid":1041,"phase":"PREPARE_PROJECT","buildId":"a9ee9932-032e-40af-9f0e-18749f8036bf","level":30,"marker":"END_PHASE","result":"success","durationMs":346,"msg":"End phase: PREPARE_PROJECT","time":"2026-02-22T23:26:22.247Z","v":0,"logId":"019c87ac-ea27-7433-aa44-ae611b4c8dac"}
{"name":"worker","pid":1041,"phase":"PRE_INSTALL_HOOK","buildId":"a9ee9932-032e-40af-9f0e-18749f8036bf","level":30,"marker":"START_PHASE","msg":"Start phase: PRE_INSTALL_HOOK","time":"2026-02-22T23:26:22.247Z","v":0,"logId":"019c87ac-ea27-7433-aa44-ae622fa71dfb"}
{"name":"worker","pid":1041,"phase":"PRE_INSTALL_HOOK","buildId":"a9ee9932-032e-40af-9f0e-18749f8036bf","level":30,"marker":"END_PHASE","result":"success","durationMs":1,"msg":"End phase: PRE_INSTALL_HOOK","time":"2026-02-22T23:26:22.248Z","v":0,"logId":"019c87ac-ea28-7910-9d58-118f76c229a5"}
{"name":"worker","pid":1041,"phase":"READ_EAS_JSON","buildId":"a9ee9932-032e-40af-9f0e-18749f8036bf","level":30,"marker":"START_PHASE","msg":"Start phase: READ_EAS_JSON","time":"2026-02-22T23:26:22.248Z","v":0,"logId":"019c87ac-ea28-7910-9d58-1190f8cc3b1a"}
{"name":"worker","pid":1041,"phase":"READ_EAS_JSON","buildId":"a9ee9932-032e-40af-9f0e-18749f8036bf","level":30,"msg":"Using eas.json:","time":"2026-02-22T23:26:22.248Z","v":0,"logId":"019c87ac-ea28-7910-9d58-1191b8da7ff5"}
{"name":"worker","pid":1041,"phase":"READ_EAS_JSON","buildId":"a9ee9932-032e-40af-9f0e-18749f8036bf","level":30,"msg":"{\r\n  \"cli\": {\r\n    \"appVersionSource\": \"remote\"\r\n  },\r\n  \"build\": {\r\n    \"development\": {\r\n      \"developmentClient\": true,\r\n      \"distribution\": \"internal\",\r\n      \"android\": {\r\n        \"buildType\": \"apk\"\r\n      }\r\n    },\r\n    \"preview\": {\r\n      \"distribution\": \"internal\",\r\n      \"android\": {\r\n        \"buildType\": \"apk\"\r\n      }\r\n    },\r\n    \"production\": {\r\n      \"distribution\": \"store\",\r\n      \"android\": {\r\n        \"buildType\": \"app-bundle\"\r\n      }\r\n    }\r\n  }\r\n}\r\n","time":"2026-02-22T23:26:22.248Z","v":0,"logId":"019c87ac-ea28-7910-9d58-1192f73254bd"}
{"name":"worker","pid":1041,"phase":"READ_EAS_JSON","buildId":"a9ee9932-032e-40af-9f0e-18749f8036bf","level":30,"marker":"END_PHASE","result":"success","durationMs":0,"msg":"End phase: READ_EAS_JSON","time":"2026-02-22T23:26:22.249Z","v":0,"logId":"019c87ac-ea29-7dc0-8706-75de30d66997"}
{"name":"worker","pid":1041,"phase":"READ_PACKAGE_JSON","buildId":"a9ee9932-032e-40af-9f0e-18749f8036bf","level":30,"marker":"START_PHASE","msg":"Start phase: READ_PACKAGE_JSON","time":"2026-02-22T23:26:22.249Z","v":0,"logId":"019c87ac-ea29-7dc0-8706-75df063800b8"}
{"name":"worker","pid":1041,"phase":"READ_PACKAGE_JSON","buildId":"a9ee9932-032e-40af-9f0e-18749f8036bf","level":30,"msg":"Using package.json:","time":"2026-02-22T23:26:22.249Z","v":0,"logId":"019c87ac-ea29-7dc0-8706-75e0bd4e6d8a"}
{"name":"worker","pid":1041,"phase":"READ_PACKAGE_JSON","buildId":"a9ee9932-032e-40af-9f0e-18749f8036bf","level":30,"msg":"{\n  \"name\": \"memescannerai-mobile\",\n  \"version\": \"1.0.0\",\n  \"main\": \"index.js\",\n  \"scripts\": {\n    \"start\": \"expo start\",\n    \"android\": \"expo run:android\",\n    \"ios\": \"expo run:ios\",\n    \"web\": \"expo start --web\"\n  },\n  \"dependencies\": {\n    \"@react-navigation/bottom-tabs\": \"^6.5.11\",\n    \"@react-navigation/native\": \"^6.1.9\",\n    \"@react-navigation/native-stack\": \"^6.9.17\",\n    \"@tanstack/react-query\": \"^5.17.0\",\n    \"axios\": \"^1.6.3\",\n    \"expo\": \"~50.0.0\",\n    \"expo-auth-session\": \"~5.4.0\",\n    \"expo-linear-gradient\": \"~12.7.0\",\n    \"expo-secure-store\": \"~12.8.0\",\n    \"expo-status-bar\": \"~1.11.1\",\n    \"expo-web-browser\": \"~12.8.0\",\n    \"react\": \"18.2.0\",\n    \"react-native\": \"0.73.2\",\n    \"react-native-safe-area-context\": \"4.8.2\",\n    \"react-native-screens\": \"~3.29.0\",\n    \"react-native-svg\": \"14.1.0\"\n  },\n  \"devDependencies\": {\n    \"@babel/core\": \"^7.20.0\",\n    \"@types/react\": \"~18.2.45\",\n    \"typescript\": \"^5.1.3\"\n  },\n  \"private\": true\n}","time":"2026-02-22T23:26:22.249Z","v":0,"logId":"019c87ac-ea29-7dc0-8706-75e154320864"}
{"name":"worker","pid":1041,"phase":"READ_PACKAGE_JSON","buildId":"a9ee9932-032e-40af-9f0e-18749f8036bf","level":30,"marker":"END_PHASE","result":"success","durationMs":0,"msg":"End phase: READ_PACKAGE_JSON","time":"2026-02-22T23:26:22.250Z","v":0,"logId":"019c87ac-ea2a-7237-9ea5-f7a891f8c181"}
{"name":"worker","pid":1041,"phase":"INSTALL_DEPENDENCIES","buildId":"a9ee9932-032e-40af-9f0e-18749f8036bf","level":30,"marker":"START_PHASE","msg":"Start phase: INSTALL_DEPENDENCIES","time":"2026-02-22T23:26:22.250Z","v":0,"logId":"019c87ac-ea2a-7237-9ea5-f7a948f9014f"}
{"name":"worker","pid":1041,"phase":"INSTALL_DEPENDENCIES","buildId":"a9ee9932-032e-40af-9f0e-18749f8036bf","level":30,"msg":"Running \"npm install\" in /home/expo/workingdir/build/mobile directory","time":"2026-02-22T23:26:22.251Z","v":0,"logId":"019c87ac-ea2b-705c-8708-e111198652e7"}
{"name":"worker","pid":1041,"phase":"INSTALL_DEPENDENCIES","buildId":"a9ee9932-032e-40af-9f0e-18749f8036bf","source":"stderr","level":30,"msg":"npm","time":"2026-02-22T23:26:23.239Z","v":0,"logId":"019c87ac-ee07-7e1b-8c0f-4eee287ab86e"}
{"name":"worker","pid":1041,"phase":"INSTALL_DEPENDENCIES","buildId":"a9ee9932-032e-40af-9f0e-18749f8036bf","source":"stderr","level":30,"msg":"WARN EBADENGINE Unsupported engine {","time":"2026-02-22T23:26:23.240Z","v":0,"logId":"019c87ac-ee08-782a-8453-20f24a4bcb4a"}
{"name":"worker","pid":1041,"phase":"INSTALL_DEPENDENCIES","buildId":"a9ee9932-032e-40af-9f0e-18749f8036bf","source":"stderr","level":30,"msg":"npm WARN EBADENGINE   package: '@react-native/babel-plugin-codegen@0.84.0',","time":"2026-02-22T23:26:23.240Z","v":0,"logId":"019c87ac-ee08-782a-8453-20f3914da8cf"}
{"name":"worker","pid":1041,"phase":"INSTALL_DEPENDENCIES","buildId":"a9ee9932-032e-40af-9f0e-18749f8036bf","source":"stderr","level":30,"msg":"npm WARN EBADENGINE   required: { node: '>= 20.19.4' },","time":"2026-02-22T23:26:23.240Z","v":0,"logId":"019c87ac-ee08-782a-8453-20f41eb48519"}
{"name":"worker","pid":1041,"phase":"INSTALL_DEPENDENCIES","buildId":"a9ee9932-032e-40af-9f0e-18749f8036bf","source":"stderr","level":30,"msg":"npm WARN EBADENGINE   current: { node: 'v18.18.0', npm: '9.8.1' }","time":"2026-02-22T23:26:23.240Z","v":0,"logId":"019c87ac-ee08-782a-8453-20f5dd31902c"}
{"name":"worker","pid":1041,"phase":"INSTALL_DEPENDENCIES","buildId":"a9ee9932-032e-40af-9f0e-18749f8036bf","source":"stderr","level":30,"msg":"npm WARN EBADENGINE }","time":"2026-02-22T23:26:23.240Z","v":0,"logId":"019c87ac-ee08-782a-8453-20f616a0cf78"}
{"name":"worker","pid":1041,"phase":"INSTALL_DEPENDENCIES","buildId":"a9ee9932-032e-40af-9f0e-18749f8036bf","source":"stderr","level":30,"msg":"npm WARN EBADENGINE Unsupported engine {","time":"2026-02-22T23:26:23.240Z","v":0,"logId":"019c87ac-ee08-782a-8453-20f7dac8e1e1"}
{"name":"worker","pid":1041,"phase":"INSTALL_DEPENDENCIES","buildId":"a9ee9932-032e-40af-9f0e-18749f8036bf","source":"stderr","level":30,"msg":"npm WARN EBADENGINE   package: '@react-native/babel-preset@0.84.0',","time":"2026-02-22T23:26:23.240Z","v":0,"logId":"019c87ac-ee08-782a-8453-20f8d7ce46ed"}
{"name":"worker","pid":1041,"phase":"INSTALL_DEPENDENCIES","buildId":"a9ee9932-032e-40af-9f0e-18749f8036bf","source":"stderr","level":30,"msg":"npm WARN EBADENGINE   required: { node: '>= 20.19.4' },","time":"2026-02-22T23:26:23.240Z","v":0,"logId":"019c87ac-ee08-782a-8453-20f938f71f17"}
{"name":"worker","pid":1041,"phase":"INSTALL_DEPENDENCIES","buildId":"a9ee9932-032e-40af-9f0e-18749f8036bf","source":"stderr","level":30,"msg":"npm WARN EBADENGINE   current: { node: 'v18.18.0', npm: '9.8.1' }","time":"2026-02-22T23:26:23.240Z","v":0,"logId":"019c87ac-ee08-782a-8453-20fa722f036c"}
{"name":"worker","pid":1041,"phase":"INSTALL_DEPENDENCIES","buildId":"a9ee9932-032e-40af-9f0e-18749f8036bf","source":"stderr","level":30,"msg":"npm WARN EBADENGINE }","time":"2026-02-22T23:26:23.240Z","v":0,"logId":"019c87ac-ee08-782a-8453-20fb0179b8d2"}
{"name":"worker","pid":1041,"phase":"INSTALL_DEPENDENCIES","buildId":"a9ee9932-032e-40af-9f0e-18749f8036bf","source":"stderr","level":30,"msg":"npm WARN EBADENGINE Unsupported engine {","time":"2026-02-22T23:26:23.240Z","v":0,"logId":"019c87ac-ee08-782a-8453-20fccbc8fcc1"}
{"name":"worker","pid":1041,"phase":"INSTALL_DEPENDENCIES","buildId":"a9ee9932-032e-40af-9f0e-18749f8036bf","source":"stderr","level":30,"msg":"npm WARN EBADENGINE   package: '@react-native/codegen@0.84.0',","time":"2026-02-22T23:26:23.240Z","v":0,"logId":"019c87ac-ee08-782a-8453-20fd2b3a8665"}
{"name":"worker","pid":1041,"phase":"INSTALL_DEPENDENCIES","buildId":"a9ee9932-032e-40af-9f0e-18749f8036bf","source":"stderr","level":30,"msg":"npm","time":"2026-02-22T23:26:23.240Z","v":0,"logId":"019c87ac-ee08-782a-8453-20fece13a307"}
{"name":"worker","pid":1041,"phase":"INSTALL_DEPENDENCIES","buildId":"a9ee9932-032e-40af-9f0e-18749f8036bf","source":"stderr","level":30,"msg":"WARN EBADENGINE   required: { node: '>= 20.19.4' },","time":"2026-02-22T23:26:23.240Z","v":0,"logId":"019c87ac-ee08-782a-8453-20ff0d442dd8"}
{"name":"worker","pid":1041,"phase":"INSTALL_DEPENDENCIES","buildId":"a9ee9932-032e-40af-9f0e-18749f8036bf","source":"stderr","level":30,"msg":"npm WARN EBADENGINE   current: { node: 'v18.18.0', npm: '9.8.1' }","time":"2026-02-22T23:26:23.240Z","v":0,"logId":"019c87ac-ee08-782a-8453-21000bbd62e4"}
{"name":"worker","pid":1041,"phase":"INSTALL_DEPENDENCIES","buildId":"a9ee9932-032e-40af-9f0e-18749f8036bf","source":"stderr","level":30,"msg":"npm WARN EBADENGINE }","time":"2026-02-22T23:26:23.240Z","v":0,"logId":"019c87ac-ee08-782a-8453-2101c6020f94"}
{"name":"worker","pid":1041,"phase":"INSTALL_DEPENDENCIES","buildId":"a9ee9932-032e-40af-9f0e-18749f8036bf","source":"stderr","level":30,"msg":"npm WARN","time":"2026-02-22T23:26:24.735Z","v":0,"logId":"019c87ac-f3df-75ed-8987-745c31802f4d"}
{"name":"worker","pid":1041,"phase":"INSTALL_DEPENDENCIES","buildId":"a9ee9932-032e-40af-9f0e-18749f8036bf","source":"stderr","level":30,"msg":"deprecated inflight@1.0.6: This module is not supported, and leaks memory. Do not use it. Check out lru-cache if you want a good and tested way to coalesce async requests by a key value, which is much more comprehensive and powerful.","time":"2026-02-22T23:26:24.735Z","v":0,"logId":"019c87ac-f3df-75ed-8987-745de93a444b"}
{"name":"worker","pid":1041,"phase":"INSTALL_DEPENDENCIES","buildId":"a9ee9932-032e-40af-9f0e-18749f8036bf","source":"stderr","level":30,"msg":"npm WARN deprecated glob@7.2.3: Old versions of glob are not supported, and contain widely publicized security vulnerabilities, which have been fixed in the current version. Please update. Support for old versions may be purchased (at exorbitant rates) by contacting i@izs.me","time":"2026-02-22T23:26:24.963Z","v":0,"logId":"019c87ac-f4c3-7e19-ada2-8df003771f00"}
{"name":"worker","pid":1041,"phase":"INSTALL_DEPENDENCIES","buildId":"a9ee9932-032e-40af-9f0e-18749f8036bf","source":"stderr","level":30,"msg":"npm WARN deprecated rimraf@3.0.2: Rimraf versions prior to v4 are no longer supported","time":"2026-02-22T23:26:24.992Z","v":0,"logId":"019c87ac-f4e0-789c-bb4a-6cbccba8c765"}
{"name":"worker","pid":1041,"phase":"INSTALL_DEPENDENCIES","buildId":"a9ee9932-032e-40af-9f0e-18749f8036bf","source":"stderr","level":30,"msg":"npm WARN deprecated @npmcli/move-file@1.1.2: This functionality has been moved to @npmcli/fs","time":"2026-02-22T23:26:25.084Z","v":0,"logId":"019c87ac-f53c-7331-94f8-502679263a41"}
{"name":"worker","pid":1041,"phase":"INSTALL_DEPENDENCIES","buildId":"a9ee9932-032e-40af-9f0e-18749f8036bf","source":"stderr","level":30,"msg":"npm WARN deprecated sudo-prompt@9.2.1: Package no longer supported. Contact Support at https://www.npmjs.com/support for more info.","time":"2026-02-22T23:26:25.107Z","v":0,"logId":"019c87ac-f553-7531-ba29-ffaba4014d8b"}
{"name":"worker","pid":1041,"phase":"INSTALL_DEPENDENCIES","buildId":"a9ee9932-032e-40af-9f0e-18749f8036bf","source":"stderr","level":30,"msg":"npm WARN deprecated @babel/plugin-proposal-optional-catch-binding@7.18.6: This proposal has been merged to the ECMAScript standard and thus this plugin is no longer maintained. Please use @babel/plugin-transform-optional-catch-binding instead.","time":"2026-02-22T23:26:25.298Z","v":0,"logId":"019c87ac-f612-7b9e-90b7-957eeed34522"}
{"name":"worker","pid":1041,"phase":"INSTALL_DEPENDENCIES","buildId":"a9ee9932-032e-40af-9f0e-18749f8036bf","source":"stderr","level":30,"msg":"npm WARN deprecated @babel/plugin-proposal-class-properties@7.18.6: This proposal has been merged to the ECMAScript standard and thus this plugin is no longer maintained. Please use @babel/plugin-transform-class-properties instead.","time":"2026-02-22T23:26:25.331Z","v":0,"logId":"019c87ac-f633-7ab3-80ba-9f42381ae4b7"}
{"name":"worker","pid":1041,"phase":"INSTALL_DEPENDENCIES","buildId":"a9ee9932-032e-40af-9f0e-18749f8036bf","source":"stderr","level":30,"msg":"npm WARN deprecated @babel/plugin-proposal-async-generator-functions@7.20.7: This proposal has been merged to the ECMAScript standard and thus this plugin is no longer maintained. Please use @babel/plugin-transform-async-generator-functions instead.","time":"2026-02-22T23:26:25.341Z","v":0,"logId":"019c87ac-f63d-7414-93ef-621a92497e5c"}
{"name":"worker","pid":1041,"phase":"INSTALL_DEPENDENCIES","buildId":"a9ee9932-032e-40af-9f0e-18749f8036bf","source":"stderr","level":30,"msg":"npm WARN","time":"2026-02-22T23:26:25.341Z","v":0,"logId":"019c87ac-f63d-7414-93ef-621b2f4cdd2e"}
{"name":"worker","pid":1041,"phase":"INSTALL_DEPENDENCIES","buildId":"a9ee9932-032e-40af-9f0e-18749f8036bf","source":"stderr","level":30,"msg":"deprecated @babel/plugin-proposal-numeric-separator@7.18.6: This proposal has been merged to the ECMAScript standard and thus this plugin is no longer maintained. Please use @babel/plugin-transform-numeric-separator instead.","time":"2026-02-22T23:26:25.342Z","v":0,"logId":"019c87ac-f63e-76ed-b4d4-1fbfd4ae139a"}
{"name":"worker","pid":1041,"phase":"INSTALL_DEPENDENCIES","buildId":"a9ee9932-032e-40af-9f0e-18749f8036bf","source":"stderr","level":30,"msg":"npm","time":"2026-02-22T23:26:25.342Z","v":0,"logId":"019c87ac-f63e-76ed-b4d4-1fc077ec46c9"}
{"name":"worker","pid":1041,"phase":"INSTALL_DEPENDENCIES","buildId":"a9ee9932-032e-40af-9f0e-18749f8036bf","source":"stderr","level":30,"msg":"WARN deprecated @babel/plugin-proposal-object-rest-spread@7.20.7: This proposal has been merged to the ECMAScript standard and thus this plugin is no longer maintained. Please use @babel/plugin-transform-object-rest-spread instead.","time":"2026-02-22T23:26:25.342Z","v":0,"logId":"019c87ac-f63e-76ed-b4d4-1fc1100b9a94"}
{"name":"worker","pid":1041,"phase":"INSTALL_DEPENDENCIES","buildId":"a9ee9932-032e-40af-9f0e-18749f8036bf","source":"stderr","level":30,"msg":"npm WARN deprecated","time":"2026-02-22T23:26:25.343Z","v":0,"logId":"019c87ac-f63f-7f93-901c-19fab04e8f51"}
{"name":"worker","pid":1041,"phase":"INSTALL_DEPENDENCIES","buildId":"a9ee9932-032e-40af-9f0e-18749f8036bf","source":"stderr","level":30,"msg":"@babel/plugin-proposal-optional-chaining@7.21.0: This proposal has been merged to the ECMAScript standard and thus this plugin is no longer maintained. Please use @babel/plugin-transform-optional-chaining instead.","time":"2026-02-22T23:26:25.343Z","v":0,"logId":"019c87ac-f63f-7f93-901c-19fb68556679"}
{"name":"worker","pid":1041,"phase":"INSTALL_DEPENDENCIES","buildId":"a9ee9932-032e-40af-9f0e-18749f8036bf","source":"stderr","level":30,"msg":"npm WARN","time":"2026-02-22T23:26:25.352Z","v":0,"logId":"019c87ac-f648-7b9f-a294-f69645bdab6e"}
{"name":"worker","pid":1041,"phase":"INSTALL_DEPENDENCIES","buildId":"a9ee9932-032e-40af-9f0e-18749f8036bf","source":"stderr","level":30,"msg":"deprecated @babel/plugin-proposal-nullish-coalescing-operator@7.18.6: This proposal has been merged to the ECMAScript standard and thus this plugin is no longer maintained. Please use @babel/plugin-transform-nullish-coalescing-operator instead.","time":"2026-02-22T23:26:25.352Z","v":0,"logId":"019c87ac-f649-7766-9b82-f6f643863136"}
{"name":"worker","pid":1041,"phase":"INSTALL_DEPENDENCIES","buildId":"a9ee9932-032e-40af-9f0e-18749f8036bf","source":"stderr","level":30,"msg":"npm WARN deprecated tar@6.2.1: Old versions of tar are not supported, and contain widely publicized security vulnerabilities, which have been fixed in the current version. Please update. Support for old versions may be purchased (at exorbitant rates) by contacting i@izs.me","time":"2026-02-22T23:26:25.435Z","v":0,"logId":"019c87ac-f69b-7154-8c78-fd996737002d"}
{"name":"worker","pid":1041,"phase":"INSTALL_DEPENDENCIES","buildId":"a9ee9932-032e-40af-9f0e-18749f8036bf","source":"stderr","level":30,"msg":"npm WARN deprecated osenv@0.1.5: This package is no longer supported.","time":"2026-02-22T23:26:26.086Z","v":0,"logId":"019c87ac-f926-7624-8ba8-b1be41b7311f"}
{"name":"worker","pid":1041,"phase":"INSTALL_DEPENDENCIES","buildId":"a9ee9932-032e-40af-9f0e-18749f8036bf","source":"stderr","level":30,"msg":"npm WARN deprecated @xmldom/xmldom@0.7.13: this version is no longer supported, please update to at least 0.8.*","time":"2026-02-22T23:26:27.439Z","v":0,"logId":"019c87ac-fe6f-74f3-b5d2-7b4a5011b431"}
{"name":"worker","pid":1041,"phase":"INSTALL_DEPENDENCIES","buildId":"a9ee9932-032e-40af-9f0e-18749f8036bf","source":"stderr","level":30,"msg":"npm WARN deprecated rimraf@2.6.3: Rimraf versions prior to v4 are no longer supported","time":"2026-02-22T23:26:27.801Z","v":0,"logId":"019c87ac-ffd9-7902-9ceb-f96056e9e20b"}
{"name":"worker","pid":1041,"phase":"INSTALL_DEPENDENCIES","buildId":"a9ee9932-032e-40af-9f0e-18749f8036bf","source":"stderr","level":30,"msg":"npm WARN deprecated glob@7.1.6: Old versions of glob are not supported, and contain widely publicized security vulnerabilities, which have been fixed in the current version. Please update. Support for old versions may be purchased (at exorbitant rates) by contacting i@izs.me","time":"2026-02-22T23:26:27.939Z","v":0,"logId":"019c87ad-0063-7c78-a0c2-b0fa4ce94fe0"}
{"name":"worker","pid":1041,"phase":"INSTALL_DEPENDENCIES","buildId":"a9ee9932-032e-40af-9f0e-18749f8036bf","source":"stderr","level":30,"msg":"npm WARN deprecated glob@7.1.6: Old versions of glob are not supported, and contain widely publicized security vulnerabilities, which have been fixed in the current version. Please update. Support for old versions may be purchased (at exorbitant rates) by contacting i@izs.me","time":"2026-02-22T23:26:28.301Z","v":0,"logId":"019c87ad-01cd-7668-a373-ac460bf8d0b8"}
{"name":"worker","pid":1041,"phase":"INSTALL_DEPENDENCIES","buildId":"a9ee9932-032e-40af-9f0e-18749f8036bf","source":"stderr","level":30,"msg":"npm WARN deprecated glob@7.1.6: Old versions of glob are not supported, and contain widely publicized security vulnerabilities, which have been fixed in the current version. Please update. Support for old versions may be purchased (at exorbitant rates) by contacting i@izs.me","time":"2026-02-22T23:26:28.301Z","v":0,"logId":"019c87ad-01ce-762b-8c75-7d4fe391a877"}
{"name":"worker","pid":1041,"phase":"INSTALL_DEPENDENCIES","buildId":"a9ee9932-032e-40af-9f0e-18749f8036bf","source":"stdout","level":30,"msg":"added 1166 packages, and audited 1167 packages in 12s","time":"2026-02-22T23:26:34.876Z","v":0,"logId":"019c87ad-1b7c-7ae7-a332-ca879f8f54bf"}
{"name":"worker","pid":1041,"phase":"INSTALL_DEPENDENCIES","buildId":"a9ee9932-032e-40af-9f0e-18749f8036bf","source":"stdout","level":30,"msg":"157 packages are looking for funding","time":"2026-02-22T23:26:34.876Z","v":0,"logId":"019c87ad-1b7c-7ae7-a332-ca88a6252961"}
{"name":"worker","pid":1041,"phase":"INSTALL_DEPENDENCIES","buildId":"a9ee9932-032e-40af-9f0e-18749f8036bf","source":"stdout","level":30,"msg":"  run `npm fund` for details","time":"2026-02-22T23:26:34.876Z","v":0,"logId":"019c87ad-1b7c-7ae7-a332-ca8905ad4062"}
{"name":"worker","pid":1041,"phase":"INSTALL_DEPENDENCIES","buildId":"a9ee9932-032e-40af-9f0e-18749f8036bf","source":"stdout","level":30,"msg":"43 vulnerabilities (1 low, 41 high, 1 critical)","time":"2026-02-22T23:26:35.070Z","v":0,"logId":"019c87ad-1c3e-77cf-b322-94160e1831e1"}
{"name":"worker","pid":1041,"phase":"INSTALL_DEPENDENCIES","buildId":"a9ee9932-032e-40af-9f0e-18749f8036bf","source":"stdout","level":30,"msg":"","time":"2026-02-22T23:26:35.070Z","v":0,"logId":"019c87ad-1c3e-77cf-b322-9417203d128e"}
{"name":"worker","pid":1041,"phase":"INSTALL_DEPENDENCIES","buildId":"a9ee9932-032e-40af-9f0e-18749f8036bf","source":"stdout","level":30,"msg":"To address issues that do not require attention, run:","time":"2026-02-22T23:26:35.071Z","v":0,"logId":"019c87ad-1c3f-7867-baac-7a43c25b573f"}
{"name":"worker","pid":1041,"phase":"INSTALL_DEPENDENCIES","buildId":"a9ee9932-032e-40af-9f0e-18749f8036bf","source":"stdout","level":30,"msg":"  npm audit fix","time":"2026-02-22T23:26:35.071Z","v":0,"logId":"019c87ad-1c3f-7867-baac-7a445f43716c"}
{"name":"worker","pid":1041,"phase":"INSTALL_DEPENDENCIES","buildId":"a9ee9932-032e-40af-9f0e-18749f8036bf","source":"stdout","level":30,"msg":"","time":"2026-02-22T23:26:35.071Z","v":0,"logId":"019c87ad-1c3f-7867-baac-7a453d35e040"}
{"name":"worker","pid":1041,"phase":"INSTALL_DEPENDENCIES","buildId":"a9ee9932-032e-40af-9f0e-18749f8036bf","source":"stdout","level":30,"msg":"To address all issues (including breaking changes), run:","time":"2026-02-22T23:26:35.071Z","v":0,"logId":"019c87ad-1c3f-7867-baac-7a46f9c880b9"}
{"name":"worker","pid":1041,"phase":"INSTALL_DEPENDENCIES","buildId":"a9ee9932-032e-40af-9f0e-18749f8036bf","source":"stdout","level":30,"msg":"  npm audit fix --force","time":"2026-02-22T23:26:35.071Z","v":0,"logId":"019c87ad-1c3f-7867-baac-7a4778ead525"}
{"name":"worker","pid":1041,"phase":"INSTALL_DEPENDENCIES","buildId":"a9ee9932-032e-40af-9f0e-18749f8036bf","source":"stdout","level":30,"msg":"","time":"2026-02-22T23:26:35.071Z","v":0,"logId":"019c87ad-1c3f-7867-baac-7a48d05ff085"}
{"name":"worker","pid":1041,"phase":"INSTALL_DEPENDENCIES","buildId":"a9ee9932-032e-40af-9f0e-18749f8036bf","source":"stdout","level":30,"msg":"Run `npm audit` for details.","time":"2026-02-22T23:26:35.071Z","v":0,"logId":"019c87ad-1c3f-7867-baac-7a49d42d190d"}
{"name":"worker","pid":1041,"phase":"INSTALL_DEPENDENCIES","buildId":"a9ee9932-032e-40af-9f0e-18749f8036bf","level":30,"marker":"END_PHASE","result":"success","durationMs":12837,"msg":"End phase: INSTALL_DEPENDENCIES","time":"2026-02-22T23:26:35.088Z","v":0,"logId":"019c87ad-1c50-7b93-a587-2afa36346edb"}
{"name":"worker","pid":1041,"phase":"READ_APP_CONFIG","buildId":"a9ee9932-032e-40af-9f0e-18749f8036bf","level":30,"marker":"START_PHASE","msg":"Start phase: READ_APP_CONFIG","time":"2026-02-22T23:26:35.088Z","v":0,"logId":"019c87ad-1c50-7b93-a587-2afb116f0901"}
{"name":"worker","pid":1041,"phase":"READ_APP_CONFIG","buildId":"a9ee9932-032e-40af-9f0e-18749f8036bf","level":30,"msg":"Using app configuration:","time":"2026-02-22T23:26:35.149Z","v":0,"logId":"019c87ad-1c8d-7ad9-aeb9-b5e660120e16"}
{"name":"worker","pid":1041,"phase":"READ_APP_CONFIG","buildId":"a9ee9932-032e-40af-9f0e-18749f8036bf","level":30,"msg":"{\n  \"name\": \"TradeAid\",\n  \"slug\": \"tradeaid\",\n  \"version\": \"1.0.0\",\n  \"orientation\": \"portrait\",\n  \"icon\": \"./assets/icon.png\",\n  \"userInterfaceStyle\": \"dark\",\n  \"splash\": {\n    \"image\": \"./assets/splash.png\",\n    \"resizeMode\": \"contain\",\n    \"backgroundColor\": \"#0a0f0a\"\n  },\n  \"assetBundlePatterns\": [\n    \"**/*\"\n  ],\n  \"ios\": {\n    \"supportsTablet\": true,\n    \"bundleIdentifier\": \"com.tradeaid.app\",\n    \"buildNumber\": \"1\"\n  },\n  \"android\": {\n    \"adaptiveIcon\": {\n      \"foregroundImage\": \"./assets/adaptive-icon.png\",\n      \"backgroundColor\": \"#0a0f0a\"\n    },\n    \"package\": \"com.tradeaid.app\",\n    \"versionCode\": 1\n  },\n  \"web\": {\n    \"favicon\": \"./assets/favicon.png\"\n  },\n  \"extra\": {\n    \"apiUrl\": \"http://localhost:8000\",\n    \"eas\": {\n      \"projectId\": \"cafdcb5d-4be3-464e-a79e-d9776cf124cc\"\n    }\n  },\n  \"plugins\": [\n    \"expo-secure-store\"\n  ],\n  \"sdkVersion\": \"50.0.0\",\n  \"platforms\": [\n    \"ios\",\n    \"android\"\n  ]\n}","time":"2026-02-22T23:26:35.149Z","v":0,"logId":"019c87ad-1c8d-7ad9-aeb9-b5e73780c7c3"}
{"name":"worker","pid":1041,"phase":"READ_APP_CONFIG","buildId":"a9ee9932-032e-40af-9f0e-18749f8036bf","level":30,"marker":"END_PHASE","result":"success","durationMs":61,"msg":"End phase: READ_APP_CONFIG","time":"2026-02-22T23:26:35.149Z","v":0,"logId":"019c87ad-1c8d-7ad9-aeb9-b5e822c50b29"}
{"name":"worker","pid":1041,"phase":"RUN_EXPO_DOCTOR","buildId":"a9ee9932-032e-40af-9f0e-18749f8036bf","level":30,"marker":"START_PHASE","msg":"Start phase: RUN_EXPO_DOCTOR","time":"2026-02-22T23:26:35.150Z","v":0,"logId":"019c87ad-1c8e-7d4a-b51f-ce53e5e57fc5"}
{"name":"worker","pid":1041,"phase":"RUN_EXPO_DOCTOR","buildId":"a9ee9932-032e-40af-9f0e-18749f8036bf","level":30,"msg":"Running \"expo doctor\"","time":"2026-02-22T23:26:35.150Z","v":0,"logId":"019c87ad-1c8e-7d4a-b51f-ce54375cb498"}
{"name":"worker","pid":1041,"phase":"RUN_EXPO_DOCTOR","buildId":"a9ee9932-032e-40af-9f0e-18749f8036bf","source":"stdout","level":30,"msg":"Running 15 checks on your project...","time":"2026-02-22T23:26:36.567Z","v":0,"logId":"019c87ad-2217-7e0c-a963-3b2250bb2da7"}
{"name":"worker","pid":1041,"phase":"RUN_EXPO_DOCTOR","buildId":"a9ee9932-032e-40af-9f0e-18749f8036bf","source":"stdout","level":30,"msg":"13/15 checks passed. 2 checks failed. Possible issues detected:","time":"2026-02-22T23:26:38.907Z","v":0,"logId":"019c87ad-2b3b-7749-8159-aa81bcb9d1f3"}
{"name":"worker","pid":1041,"phase":"RUN_EXPO_DOCTOR","buildId":"a9ee9932-032e-40af-9f0e-18749f8036bf","source":"stdout","level":30,"msg":"Use the --verbose flag to see more details about passed checks.","time":"2026-02-22T23:26:38.908Z","v":0,"logId":"019c87ad-2b3c-7d65-a9b3-5e9c4665fd06"}
{"name":"worker","pid":1041,"phase":"RUN_EXPO_DOCTOR","buildId":"a9ee9932-032e-40af-9f0e-18749f8036bf","source":"stdout","level":30,"msg":"","time":"2026-02-22T23:26:38.908Z","v":0,"logId":"019c87ad-2b3c-7d65-a9b3-5e9d790ee5fb"}
{"name":"worker","pid":1041,"phase":"RUN_EXPO_DOCTOR","buildId":"a9ee9932-032e-40af-9f0e-18749f8036bf","source":"stdout","level":30,"msg":"✖ Check for app config fields that may not be synced in a non-CNG project","time":"2026-02-22T23:26:38.908Z","v":0,"logId":"019c87ad-2b3c-7d65-a9b3-5e9e182f88ee"}
{"name":"worker","pid":1041,"phase":"RUN_EXPO_DOCTOR","buildId":"a9ee9932-032e-40af-9f0e-18749f8036bf","source":"stdout","level":30,"msg":"This project contains native project folders but also has native configuration properties in app.config.js, indicating it is configured to use Prebuild. When the android/ios folders are present, EAS Build will not sync the following properties: orientation, icon, userInterfaceStyle, splash, ios, android, plugins. ","time":"2026-02-22T23:26:38.908Z","v":0,"logId":"019c87ad-2b3c-7d65-a9b3-5e9f854d0866"}
{"name":"worker","pid":1041,"phase":"RUN_EXPO_DOCTOR","buildId":"a9ee9932-032e-40af-9f0e-18749f8036bf","source":"stdout","level":30,"msg":"","time":"2026-02-22T23:26:38.908Z","v":0,"logId":"019c87ad-2b3c-7d65-a9b3-5ea0e134d134"}
{"name":"worker","pid":1041,"phase":"RUN_EXPO_DOCTOR","buildId":"a9ee9932-032e-40af-9f0e-18749f8036bf","source":"stdout","level":30,"msg":"Advice:","time":"2026-02-22T23:26:38.908Z","v":0,"logId":"019c87ad-2b3c-7d65-a9b3-5ea1a3bd02ef"}
{"name":"worker","pid":1041,"phase":"RUN_EXPO_DOCTOR","buildId":"a9ee9932-032e-40af-9f0e-18749f8036bf","source":"stdout","level":30,"msg":"Add '/android' to your .gitignore file if you intend to use CNG / Prebuild. Learn more: https://docs.expo.dev/workflow/prebuild/#usage-with-eas-build","time":"2026-02-22T23:26:38.908Z","v":0,"logId":"019c87ad-2b3c-7d65-a9b3-5ea2ab89325b"}
{"name":"worker","pid":1041,"phase":"RUN_EXPO_DOCTOR","buildId":"a9ee9932-032e-40af-9f0e-18749f8036bf","source":"stdout","level":30,"msg":"","time":"2026-02-22T23:26:38.908Z","v":0,"logId":"019c87ad-2b3c-7d65-a9b3-5ea3d227d5f9"}
{"name":"worker","pid":1041,"phase":"RUN_EXPO_DOCTOR","buildId":"a9ee9932-032e-40af-9f0e-18749f8036bf","source":"stdout","level":30,"msg":"✖ Check that packages match versions required by installed Expo SDK","time":"2026-02-22T23:26:38.908Z","v":0,"logId":"019c87ad-2b3c-7d65-a9b3-5ea4a02ea90b"}
{"name":"worker","pid":1041,"phase":"RUN_EXPO_DOCTOR","buildId":"a9ee9932-032e-40af-9f0e-18749f8036bf","source":"stdout","level":30,"msg":"The following packages should be updated for best compatibility with the installed expo version:","time":"2026-02-22T23:26:38.908Z","v":0,"logId":"019c87ad-2b3c-7d65-a9b3-5ea53afa32aa"}
{"name":"worker","pid":1041,"phase":"RUN_EXPO_DOCTOR","buildId":"a9ee9932-032e-40af-9f0e-18749f8036bf","source":"stdout","level":30,"msg":"  react-native@0.73.2 - expected version: 0.73.6","time":"2026-02-22T23:26:38.908Z","v":0,"logId":"019c87ad-2b3c-7d65-a9b3-5ea621d8c519"}
{"name":"worker","pid":1041,"phase":"RUN_EXPO_DOCTOR","buildId":"a9ee9932-032e-40af-9f0e-18749f8036bf","source":"stdout","level":30,"msg":"Your project may not work correctly until you install the correct versions of the packages.","time":"2026-02-22T23:26:38.908Z","v":0,"logId":"019c87ad-2b3c-7d65-a9b3-5ea7b032945f"}
{"name":"worker","pid":1041,"phase":"RUN_EXPO_DOCTOR","buildId":"a9ee9932-032e-40af-9f0e-18749f8036bf","source":"stdout","level":30,"msg":"Found outdated dependencies","time":"2026-02-22T23:26:38.908Z","v":0,"logId":"019c87ad-2b3c-7d65-a9b3-5ea83ee56f95"}
{"name":"worker","pid":1041,"phase":"RUN_EXPO_DOCTOR","buildId":"a9ee9932-032e-40af-9f0e-18749f8036bf","source":"stdout","level":30,"msg":"Advice:","time":"2026-02-22T23:26:38.908Z","v":0,"logId":"019c87ad-2b3c-7d65-a9b3-5ea9503b07a5"}
{"name":"worker","pid":1041,"phase":"RUN_EXPO_DOCTOR","buildId":"a9ee9932-032e-40af-9f0e-18749f8036bf","source":"stdout","level":30,"msg":"Use 'npx expo install --check' to review and upgrade your dependencies.","time":"2026-02-22T23:26:38.908Z","v":0,"logId":"019c87ad-2b3c-7d65-a9b3-5eaa7447e66a"}
{"name":"worker","pid":1041,"phase":"RUN_EXPO_DOCTOR","buildId":"a9ee9932-032e-40af-9f0e-18749f8036bf","source":"stdout","level":30,"msg":"To ignore specific packages, add them to \"expo.install.exclude\" in package.json. Learn more: https://expo.fyi/dependency-validation","time":"2026-02-22T23:26:38.908Z","v":0,"logId":"019c87ad-2b3c-7d65-a9b3-5eabf939485c"}
{"name":"worker","pid":1041,"phase":"RUN_EXPO_DOCTOR","buildId":"a9ee9932-032e-40af-9f0e-18749f8036bf","source":"stderr","level":30,"msg":"2 checks failed, indicating possible issues with the project.","time":"2026-02-22T23:26:38.908Z","v":0,"logId":"019c87ad-2b3c-7d65-a9b3-5eaca796b3d3"}
{"name":"worker","pid":1041,"phase":"RUN_EXPO_DOCTOR","buildId":"a9ee9932-032e-40af-9f0e-18749f8036bf","level":50,"err":{"message":"npx -y expo-doctor exited with non-zero code: 1","name":"Error","stack":"Error: npx -y expo-doctor exited with non-zero code: 1\n    at ChildProcess.completionListener (/usr/local/eas-build-worker/node_modules/@expo/spawn-async/build/spawnAsync.js:42:23)\n    at Object.onceWrapper (node:events:632:26)\n    at ChildProcess.emit (node:events:517:28)\n    at ChildProcess.emit (node:domain:489:12)\n    at maybeClose (node:internal/child_process:1098:16)\n    at ChildProcess._handle.onexit (node:internal/child_process:303:5)\n    ...\n    at spawnAsync (/usr/local/eas-build-worker/node_modules/@expo/spawn-async/build/spawnAsync.js:7:23)\n    at spawn (/usr/local/eas-build-worker/packages/turtle-spawn/dist/index.js:16:47)\n    at runExpoDoctor (/usr/local/eas-build-worker/packages/build-tools/dist/common/setup.js:143:52)\n    at process.processTicksAndRejections (node:internal/process/task_queues:95:5)\n    at async /usr/local/eas-build-worker/packages/build-tools/dist/common/setup.js:122:17\n    at async BuildContext.runBuildPhase (/usr/local/eas-build-worker/packages/build-tools/dist/context.js:123:28)\n    at async setupAsync (/usr/local/eas-build-worker/packages/build-tools/dist/common/setup.js:120:9)\n    at async buildAsync (/usr/local/eas-build-worker/packages/build-tools/dist/builders/android.js:41:5)\n    at async runBuilderWithHooksAsync (/usr/local/eas-build-worker/packages/build-tools/dist/builders/common.js:12:13)\n    at async Object.androidBuilder (/usr/local/eas-build-worker/packages/build-tools/dist/builders/android.js:28:16)","signal":null},"msg":"Command \"expo doctor\" failed.","time":"2026-02-22T23:26:38.922Z","v":0,"logId":"019c87ad-2b4a-7a99-856c-c132b968d7ab"}
{"name":"worker","pid":1041,"phase":"RUN_EXPO_DOCTOR","buildId":"a9ee9932-032e-40af-9f0e-18749f8036bf","level":30,"marker":"END_PHASE","result":"warning","durationMs":3772,"msg":"End phase: RUN_EXPO_DOCTOR","time":"2026-02-22T23:26:38.923Z","v":0,"logId":"019c87ad-2b4b-7afe-894d-f76c0c2539a8"}
{"name":"worker","pid":1041,"phase":"FIX_GRADLEW","buildId":"a9ee9932-032e-40af-9f0e-18749f8036bf","level":30,"marker":"START_PHASE","msg":"Start phase: FIX_GRADLEW","time":"2026-02-22T23:26:38.923Z","v":0,"logId":"019c87ad-2b4b-7afe-894d-f76db819c13e"}
{"name":"worker","pid":1041,"phase":"FIX_GRADLEW","buildId":"a9ee9932-032e-40af-9f0e-18749f8036bf","level":30,"marker":"END_PHASE","result":"success","durationMs":1,"msg":"End phase: FIX_GRADLEW","time":"2026-02-22T23:26:38.924Z","v":0,"logId":"019c87ad-2b4c-719e-b82e-542b90de44e4"}
{"name":"worker","pid":1041,"phase":"PREBUILD","buildId":"a9ee9932-032e-40af-9f0e-18749f8036bf","level":30,"marker":"START_PHASE","msg":"Start phase: PREBUILD","time":"2026-02-22T23:26:38.924Z","v":0,"logId":"019c87ad-2b4c-719e-b82e-542caa912ab3"}
{"name":"worker","pid":1041,"phase":"PREBUILD","buildId":"a9ee9932-032e-40af-9f0e-18749f8036bf","level":30,"msg":"Skipped running \"expo prebuild\" because the \"android\" directory already exists. Learn more about the build process: https://docs.expo.dev/build-reference/android-builds/","time":"2026-02-22T23:26:38.924Z","v":0,"logId":"019c87ad-2b4c-719e-b82e-542d3eac1ea2"}
{"name":"worker","pid":1041,"phase":"PREBUILD","buildId":"a9ee9932-032e-40af-9f0e-18749f8036bf","level":30,"marker":"END_PHASE","result":"skipped","durationMs":0,"msg":"End phase: PREBUILD","time":"2026-02-22T23:26:38.925Z","v":0,"logId":"019c87ad-2b4d-7f2a-b519-fa058d3915f2"}
{"name":"worker","pid":1041,"phase":"RESTORE_CACHE","buildId":"a9ee9932-032e-40af-9f0e-18749f8036bf","level":30,"marker":"START_PHASE","msg":"Start phase: RESTORE_CACHE","time":"2026-02-22T23:26:38.925Z","v":0,"logId":"019c87ad-2b4d-7f2a-b519-fa066adae4ea"}
{"name":"worker","pid":1041,"phase":"RESTORE_CACHE","buildId":"a9ee9932-032e-40af-9f0e-18749f8036bf","level":30,"marker":"END_PHASE","result":"success","durationMs":4,"msg":"End phase: RESTORE_CACHE","time":"2026-02-22T23:26:38.929Z","v":0,"logId":"019c87ad-2b51-7379-83e1-cf3ee2ddef1b"}
{"name":"worker","pid":1041,"phase":"POST_INSTALL_HOOK","buildId":"a9ee9932-032e-40af-9f0e-18749f8036bf","level":30,"marker":"START_PHASE","msg":"Start phase: POST_INSTALL_HOOK","time":"2026-02-22T23:26:38.929Z","v":0,"logId":"019c87ad-2b51-7379-83e1-cf3fc7c7f64a"}
{"name":"worker","pid":1041,"phase":"POST_INSTALL_HOOK","buildId":"a9ee9932-032e-40af-9f0e-18749f8036bf","level":30,"marker":"END_PHASE","result":"success","durationMs":0,"msg":"End phase: POST_INSTALL_HOOK","time":"2026-02-22T23:26:38.930Z","v":0,"logId":"019c87ad-2b52-7b98-a227-daaec2191e38"}
{"name":"worker","pid":1041,"phase":"CALCULATE_EXPO_UPDATES_RUNTIME_VERSION","buildId":"a9ee9932-032e-40af-9f0e-18749f8036bf","level":30,"marker":"START_PHASE","msg":"Start phase: CALCULATE_EXPO_UPDATES_RUNTIME_VERSION","time":"2026-02-22T23:26:38.930Z","v":0,"logId":"019c87ad-2b52-7b98-a227-daaf14ce0a39"}
{"name":"worker","pid":1041,"phase":"CALCULATE_EXPO_UPDATES_RUNTIME_VERSION","buildId":"a9ee9932-032e-40af-9f0e-18749f8036bf","level":30,"marker":"END_PHASE","result":"success","durationMs":0,"msg":"End phase: CALCULATE_EXPO_UPDATES_RUNTIME_VERSION","time":"2026-02-22T23:26:38.930Z","v":0,"logId":"019c87ad-2b52-7b98-a227-dab050cd36cd"}
{"name":"worker","pid":1041,"phase":"PREPARE_CREDENTIALS","buildId":"a9ee9932-032e-40af-9f0e-18749f8036bf","level":30,"marker":"START_PHASE","msg":"Start phase: PREPARE_CREDENTIALS","time":"2026-02-22T23:26:38.931Z","v":0,"logId":"019c87ad-2b53-7dd8-9167-8a512a3b6a64"}
{"name":"worker","pid":1041,"phase":"PREPARE_CREDENTIALS","buildId":"a9ee9932-032e-40af-9f0e-18749f8036bf","level":30,"msg":"Writing secrets to the project's directory","time":"2026-02-22T23:26:38.931Z","v":0,"logId":"019c87ad-2b53-7dd8-9167-8a52bf139803"}
{"name":"worker","pid":1041,"phase":"PREPARE_CREDENTIALS","buildId":"a9ee9932-032e-40af-9f0e-18749f8036bf","level":30,"msg":"Injecting signing config into build.gradle","time":"2026-02-22T23:26:38.932Z","v":0,"logId":"019c87ad-2b54-756d-9711-3f2d5882fd44"}
{"name":"worker","pid":1041,"phase":"PREPARE_CREDENTIALS","buildId":"a9ee9932-032e-40af-9f0e-18749f8036bf","level":30,"marker":"END_PHASE","result":"success","durationMs":3,"msg":"End phase: PREPARE_CREDENTIALS","time":"2026-02-22T23:26:38.934Z","v":0,"logId":"019c87ad-2b56-702e-8079-a82a6f7e6f5a"}
{"name":"worker","pid":1041,"phase":"CONFIGURE_EXPO_UPDATES","buildId":"a9ee9932-032e-40af-9f0e-18749f8036bf","level":30,"marker":"START_PHASE","msg":"Start phase: CONFIGURE_EXPO_UPDATES","time":"2026-02-22T23:26:38.934Z","v":0,"logId":"019c87ad-2b57-7c8e-9d25-57d8a196a080"}
{"name":"worker","pid":1041,"phase":"CONFIGURE_EXPO_UPDATES","buildId":"a9ee9932-032e-40af-9f0e-18749f8036bf","level":30,"marker":"END_PHASE","result":"success","durationMs":0,"msg":"End phase: CONFIGURE_EXPO_UPDATES","time":"2026-02-22T23:26:38.935Z","v":0,"logId":"019c87ad-2b57-7c8e-9d25-57d9490e2d62"}
{"name":"worker","pid":1041,"phase":"RUN_GRADLEW","buildId":"a9ee9932-032e-40af-9f0e-18749f8036bf","level":30,"marker":"START_PHASE","msg":"Start phase: RUN_GRADLEW","time":"2026-02-22T23:26:38.935Z","v":0,"logId":"019c87ad-2b57-7c8e-9d25-57dac4997988"}
{"name":"worker","pid":1041,"phase":"RUN_GRADLEW","buildId":"a9ee9932-032e-40af-9f0e-18749f8036bf","level":30,"msg":"Running 'gradlew :app:assembleRelease' in /home/expo/workingdir/build/mobile/android","time":"2026-02-22T23:26:38.936Z","v":0,"logId":"019c87ad-2b58-780c-9bb2-04813b0ecbf5"}
{"name":"worker","pid":1041,"phase":"RUN_GRADLEW","buildId":"a9ee9932-032e-40af-9f0e-18749f8036bf","source":"stdout","level":30,"msg":"Welcome to Gradle 8.3!","time":"2026-02-22T23:26:39.767Z","v":0,"logId":"019c87ad-2e97-7a2d-b731-b813d56a7908"}
{"name":"worker","pid":1041,"phase":"RUN_GRADLEW","buildId":"a9ee9932-032e-40af-9f0e-18749f8036bf","source":"stdout","level":30,"msg":"Here are the highlights of this release:","time":"2026-02-22T23:26:39.768Z","v":0,"logId":"019c87ad-2e98-76f2-b0e4-e27540b8acdf"}
{"name":"worker","pid":1041,"phase":"RUN_GRADLEW","buildId":"a9ee9932-032e-40af-9f0e-18749f8036bf","source":"stdout","level":30,"msg":" - Faster Java compilation","time":"2026-02-22T23:26:39.768Z","v":0,"logId":"019c87ad-2e98-76f2-b0e4-e276ef5cdce4"}
{"name":"worker","pid":1041,"phase":"RUN_GRADLEW","buildId":"a9ee9932-032e-40af-9f0e-18749f8036bf","source":"stdout","level":30,"msg":"- Reduced memory usage","time":"2026-02-22T23:26:39.768Z","v":0,"logId":"019c87ad-2e98-76f2-b0e4-e277b20e41d2"}
{"name":"worker","pid":1041,"phase":"RUN_GRADLEW","buildId":"a9ee9932-032e-40af-9f0e-18749f8036bf","source":"stdout","level":30,"msg":" - Support for running on Java 20","time":"2026-02-22T23:26:39.768Z","v":0,"logId":"019c87ad-2e98-76f2-b0e4-e2787c319ace"}
{"name":"worker","pid":1041,"phase":"RUN_GRADLEW","buildId":"a9ee9932-032e-40af-9f0e-18749f8036bf","source":"stdout","level":30,"msg":"For more details see https://docs.gradle.org/8.3/release-notes.html","time":"2026-02-22T23:26:39.768Z","v":0,"logId":"019c87ad-2e98-76f2-b0e4-e279a35a4d45"}
{"name":"worker","pid":1041,"phase":"RUN_GRADLEW","buildId":"a9ee9932-032e-40af-9f0e-18749f8036bf","source":"stdout","level":30,"msg":"To honour the JVM settings for this build a single-use Daemon process will be forked. For more on this, please refer to https://docs.gradle.org/8.3/userguide/gradle_daemon.html#sec:disabling_the_daemon in the Gradle documentation.","time":"2026-02-22T23:26:39.866Z","v":0,"logId":"019c87ad-2efa-7d1d-8344-cd71ec2f5575"}
{"name":"worker","pid":1041,"phase":"RUN_GRADLEW","buildId":"a9ee9932-032e-40af-9f0e-18749f8036bf","source":"stdout","level":30,"msg":"Daemon will be stopped at the end of the build","time":"2026-02-22T23:26:40.666Z","v":0,"logId":"019c87ad-321a-7126-9778-8b124f9ee074"}
{"name":"worker","pid":1041,"phase":"RUN_GRADLEW","buildId":"a9ee9932-032e-40af-9f0e-18749f8036bf","source":"stdout","level":30,"msg":"Path for java installation '/usr/lib/jvm/openjdk-17' (Common Linux Locations) does not contain a java executable","time":"2026-02-22T23:27:13.766Z","v":0,"logId":"019c87ad-b366-776d-bb57-e3497f006197"}
{"name":"worker","pid":1041,"phase":"RUN_GRADLEW","buildId":"a9ee9932-032e-40af-9f0e-18749f8036bf","source":"stdout","level":30,"msg":"> Task :gradle-plugin:pluginDescriptors","time":"2026-02-22T23:27:16.567Z","v":0,"logId":"019c87ad-be57-74ef-9d9e-3aa451f76985"}
{"name":"worker","pid":1041,"phase":"RUN_GRADLEW","buildId":"a9ee9932-032e-40af-9f0e-18749f8036bf","source":"stdout","level":30,"msg":"> Task :gradle-plugin:processResources","time":"2026-02-22T23:27:16.567Z","v":0,"logId":"019c87ad-be57-74ef-9d9e-3aa5675b8ffe"}
{"name":"worker","pid":1041,"phase":"RUN_GRADLEW","buildId":"a9ee9932-032e-40af-9f0e-18749f8036bf","source":"stdout","level":30,"msg":"> Task :gradle-plugin:compileKotlin","time":"2026-02-22T23:27:23.967Z","v":0,"logId":"019c87ad-db3f-7f9b-9903-4364b01f3016"}
{"name":"worker","pid":1041,"phase":"RUN_GRADLEW","buildId":"a9ee9932-032e-40af-9f0e-18749f8036bf","source":"stdout","level":30,"msg":"> Task :gradle-plugin:compileJava NO-SOURCE","time":"2026-02-22T23:27:23.967Z","v":0,"logId":"019c87ad-db3f-7f9b-9903-4365e0595134"}
{"name":"worker","pid":1041,"phase":"RUN_GRADLEW","buildId":"a9ee9932-032e-40af-9f0e-18749f8036bf","source":"stdout","level":30,"msg":"> Task :gradle-plugin:classes","time":"2026-02-22T23:27:23.967Z","v":0,"logId":"019c87ad-db40-7fc5-9af3-104220c0698b"}
{"name":"worker","pid":1041,"phase":"RUN_GRADLEW","buildId":"a9ee9932-032e-40af-9f0e-18749f8036bf","source":"stdout","level":30,"msg":"> Task :gradle-plugin:jar","time":"2026-02-22T23:27:23.968Z","v":0,"logId":"019c87ad-db40-7fc5-9af3-1043b0a4dffb"}
{"name":"worker","pid":1041,"phase":"RUN_GRADLEW","buildId":"a9ee9932-032e-40af-9f0e-18749f8036bf","source":"stdout","level":30,"msg":"> Task :gradle-plugin:inspectClassesForKotlinIC","time":"2026-02-22T23:27:23.968Z","v":0,"logId":"019c87ad-db40-7fc5-9af3-104416be04b3"}
{"name":"worker","pid":1041,"phase":"RUN_GRADLEW","buildId":"a9ee9932-032e-40af-9f0e-18749f8036bf","source":"stdout","level":30,"msg":"Path for java installation '/usr/lib/jvm/openjdk-17' (Common Linux Locations) does not contain a java executable","time":"2026-02-22T23:27:38.966Z","v":0,"logId":"019c87ae-15d6-712c-90a4-2056ab47bacb"}
{"name":"worker","pid":1041,"phase":"RUN_GRADLEW","buildId":"a9ee9932-032e-40af-9f0e-18749f8036bf","source":"stdout","level":30,"msg":"> Configure project :expo","time":"2026-02-22T23:27:39.466Z","v":0,"logId":"019c87ae-17cb-7a6e-92fe-e4952c5dc570"}
{"name":"worker","pid":1041,"phase":"RUN_GRADLEW","buildId":"a9ee9932-032e-40af-9f0e-18749f8036bf","source":"stdout","level":30,"msg":"Using expo modules","time":"2026-02-22T23:27:39.467Z","v":0,"logId":"019c87ae-17cb-7a6e-92fe-e4960c811283"}
{"name":"worker","pid":1041,"phase":"RUN_GRADLEW","buildId":"a9ee9932-032e-40af-9f0e-18749f8036bf","source":"stdout","level":30,"msg":"- \u001b[32mexpo-application\u001b[0m (5.8.4)","time":"2026-02-22T23:27:39.467Z","v":0,"logId":"019c87ae-17cb-7a6e-92fe-e4971ffe5193"}
{"name":"worker","pid":1041,"phase":"RUN_GRADLEW","buildId":"a9ee9932-032e-40af-9f0e-18749f8036bf","source":"stdout","level":30,"msg":"  - \u001b[32mexpo-constants\u001b[0m (15.4.6)","time":"2026-02-22T23:27:39.467Z","v":0,"logId":"019c87ae-17cb-7a6e-92fe-e49896b13783"}
{"name":"worker","pid":1041,"phase":"RUN_GRADLEW","buildId":"a9ee9932-032e-40af-9f0e-18749f8036bf","source":"stdout","level":30,"msg":"  - \u001b[32mexpo-crypto\u001b[0m (12.8.1)","time":"2026-02-22T23:27:39.467Z","v":0,"logId":"019c87ae-17cb-7a6e-92fe-e4996375e45e"}
{"name":"worker","pid":1041,"phase":"RUN_GRADLEW","buildId":"a9ee9932-032e-40af-9f0e-18749f8036bf","source":"stdout","level":30,"msg":"  - \u001b[32mexpo-file-system\u001b[0m (16.0.9)","time":"2026-02-22T23:27:39.467Z","v":0,"logId":"019c87ae-17cb-7a6e-92fe-e49a00042a6f"}
{"name":"worker","pid":1041,"phase":"RUN_GRADLEW","buildId":"a9ee9932-032e-40af-9f0e-18749f8036bf","source":"stdout","level":30,"msg":"  - \u001b[32mexpo-font\u001b[0m (11.10.3)","time":"2026-02-22T23:27:39.467Z","v":0,"logId":"019c87ae-17cb-7a6e-92fe-e49b830709df"}
{"name":"worker","pid":1041,"phase":"RUN_GRADLEW","buildId":"a9ee9932-032e-40af-9f0e-18749f8036bf","source":"stdout","level":30,"msg":"  - \u001b[32mexpo-keep-awake\u001b[0m (12.8.2)","time":"2026-02-22T23:27:39.467Z","v":0,"logId":"019c87ae-17cb-7a6e-92fe-e49ca9a49fb9"}
{"name":"worker","pid":1041,"phase":"RUN_GRADLEW","buildId":"a9ee9932-032e-40af-9f0e-18749f8036bf","source":"stdout","level":30,"msg":"  - \u001b[32mexpo-linear-gradient\u001b[0m (12.7.2)","time":"2026-02-22T23:27:39.467Z","v":0,"logId":"019c87ae-17cb-7a6e-92fe-e49d5f10d86c"}
{"name":"worker","pid":1041,"phase":"RUN_GRADLEW","buildId":"a9ee9932-032e-40af-9f0e-18749f8036bf","source":"stdout","level":30,"msg":"  - \u001b[32mexpo-modules-core\u001b[0m (1.11.14)","time":"2026-02-22T23:27:39.467Z","v":0,"logId":"019c87ae-17cb-7a6e-92fe-e49e4c2ed53a"}
{"name":"worker","pid":1041,"phase":"RUN_GRADLEW","buildId":"a9ee9932-032e-40af-9f0e-18749f8036bf","source":"stdout","level":30,"msg":"  - \u001b[32mexpo-modules-core$android-annotation\u001b[0m (1.11.14)","time":"2026-02-22T23:27:39.467Z","v":0,"logId":"019c87ae-17cb-7a6e-92fe-e49f71d56e9e"}
{"name":"worker","pid":1041,"phase":"RUN_GRADLEW","buildId":"a9ee9932-032e-40af-9f0e-18749f8036bf","source":"stdout","level":30,"msg":"  - \u001b[32mexpo-modules-core$android-annotation-processor\u001b[0m (1.11.14)","time":"2026-02-22T23:27:39.467Z","v":0,"logId":"019c87ae-17cb-7a6e-92fe-e4a0b977c772"}
{"name":"worker","pid":1041,"phase":"RUN_GRADLEW","buildId":"a9ee9932-032e-40af-9f0e-18749f8036bf","source":"stdout","level":30,"msg":"  - \u001b[32mexpo-secure-store\u001b[0m (12.8.1)","time":"2026-02-22T23:27:39.467Z","v":0,"logId":"019c87ae-17cb-7a6e-92fe-e4a1f9e2c9c9"}
{"name":"worker","pid":1041,"phase":"RUN_GRADLEW","buildId":"a9ee9932-032e-40af-9f0e-18749f8036bf","source":"stdout","level":30,"msg":"  - \u001b[32mexpo-web-browser\u001b[0m (12.8.2)","time":"2026-02-22T23:27:39.467Z","v":0,"logId":"019c87ae-17cb-7a6e-92fe-e4a2af93b893"}
{"name":"worker","pid":1041,"phase":"RUN_GRADLEW","buildId":"a9ee9932-032e-40af-9f0e-18749f8036bf","source":"stdout","level":30,"msg":"Checking the license for package Android SDK Build-Tools 34 in /home/expo/Android/Sdk/licenses","time":"2026-02-22T23:27:48.066Z","v":0,"logId":"019c87ae-3962-7d01-9345-1bebd7994882"}
{"name":"worker","pid":1041,"phase":"RUN_GRADLEW","buildId":"a9ee9932-032e-40af-9f0e-18749f8036bf","source":"stdout","level":30,"msg":"License for package Android SDK Build-Tools 34 accepted.","time":"2026-02-22T23:27:48.066Z","v":0,"logId":"019c87ae-3962-7d01-9345-1bec26a39029"}
{"name":"worker","pid":1041,"phase":"RUN_GRADLEW","buildId":"a9ee9932-032e-40af-9f0e-18749f8036bf","source":"stdout","level":30,"msg":"Preparing \"Install Android SDK Build-Tools 34 v.34.0.0\".","time":"2026-02-22T23:27:48.066Z","v":0,"logId":"019c87ae-3962-7d01-9345-1bed5add064a"}
{"name":"worker","pid":1041,"phase":"RUN_GRADLEW","buildId":"a9ee9932-032e-40af-9f0e-18749f8036bf","source":"stdout","level":30,"msg":"\"Install Android SDK Build-Tools 34 v.34.0.0\" ready.","time":"2026-02-22T23:27:49.166Z","v":0,"logId":"019c87ae-3dae-7428-9655-83b92cf15b02"}
{"name":"worker","pid":1041,"phase":"RUN_GRADLEW","buildId":"a9ee9932-032e-40af-9f0e-18749f8036bf","source":"stdout","level":30,"msg":"Installing Android SDK Build-Tools 34 in /home/expo/Android/Sdk/build-tools/34.0.0","time":"2026-02-22T23:27:49.166Z","v":0,"logId":"019c87ae-3dae-7428-9655-83bab166f4a0"}
{"name":"worker","pid":1041,"phase":"RUN_GRADLEW","buildId":"a9ee9932-032e-40af-9f0e-18749f8036bf","source":"stdout","level":30,"msg":"\"Install Android SDK Build-Tools 34 v.34.0.0\" complete.","time":"2026-02-22T23:27:49.166Z","v":0,"logId":"019c87ae-3dae-7428-9655-83bb053fb676"}
{"name":"worker","pid":1041,"phase":"RUN_GRADLEW","buildId":"a9ee9932-032e-40af-9f0e-18749f8036bf","source":"stdout","level":30,"msg":"\"Install Android SDK Build-Tools 34 v.34.0.0\" finished.","time":"2026-02-22T23:27:49.266Z","v":0,"logId":"019c87ae-3e12-7917-b3fb-5c617ef81755"}
{"name":"worker","pid":1041,"phase":"RUN_GRADLEW","buildId":"a9ee9932-032e-40af-9f0e-18749f8036bf","source":"stdout","level":30,"msg":"Checking the license for package Android SDK Platform 34 in /home/expo/Android/Sdk/licenses","time":"2026-02-22T23:27:49.266Z","v":0,"logId":"019c87ae-3e12-7917-b3fb-5c62dd502207"}
{"name":"worker","pid":1041,"phase":"RUN_GRADLEW","buildId":"a9ee9932-032e-40af-9f0e-18749f8036bf","source":"stdout","level":30,"msg":"License for package Android SDK Platform 34 accepted.","time":"2026-02-22T23:27:49.266Z","v":0,"logId":"019c87ae-3e12-7917-b3fb-5c637b96f9c6"}
{"name":"worker","pid":1041,"phase":"RUN_GRADLEW","buildId":"a9ee9932-032e-40af-9f0e-18749f8036bf","source":"stdout","level":30,"msg":"Preparing \"Install Android SDK Platform 34 (revision 3)\".","time":"2026-02-22T23:27:49.266Z","v":0,"logId":"019c87ae-3e12-7917-b3fb-5c64795bd20e"}
{"name":"worker","pid":1041,"phase":"RUN_GRADLEW","buildId":"a9ee9932-032e-40af-9f0e-18749f8036bf","source":"stdout","level":30,"msg":"\"Install Android SDK Platform 34 (revision 3)\" ready.","time":"2026-02-22T23:27:51.266Z","v":0,"logId":"019c87ae-45e2-7953-91d0-9de96cbbf91e"}
{"name":"worker","pid":1041,"phase":"RUN_GRADLEW","buildId":"a9ee9932-032e-40af-9f0e-18749f8036bf","source":"stdout","level":30,"msg":"Installing Android SDK Platform 34 in /home/expo/Android/Sdk/platforms/android-34","time":"2026-02-22T23:27:51.266Z","v":0,"logId":"019c87ae-45e2-7953-91d0-9deaccd7f165"}
{"name":"worker","pid":1041,"phase":"RUN_GRADLEW","buildId":"a9ee9932-032e-40af-9f0e-18749f8036bf","source":"stdout","level":30,"msg":"\"Install Android SDK Platform 34 (revision 3)\" complete.","time":"2026-02-22T23:27:51.266Z","v":0,"logId":"019c87ae-45e2-7953-91d0-9debba138652"}
{"name":"worker","pid":1041,"phase":"RUN_GRADLEW","buildId":"a9ee9932-032e-40af-9f0e-18749f8036bf","source":"stdout","level":30,"msg":"\"Install Android SDK Platform 34 (revision 3)\" finished.","time":"2026-02-22T23:27:51.266Z","v":0,"logId":"019c87ae-45e2-7953-91d0-9deceb6dca99"}
{"name":"worker","pid":1041,"phase":"RUN_GRADLEW","buildId":"a9ee9932-032e-40af-9f0e-18749f8036bf","source":"stdout","level":30,"msg":"Checking the license for package Android SDK Build-Tools 33.0.1 in /home/expo/Android/Sdk/licenses","time":"2026-02-22T23:27:51.366Z","v":0,"logId":"019c87ae-4646-77dc-b5f6-ed1936123170"}
{"name":"worker","pid":1041,"phase":"RUN_GRADLEW","buildId":"a9ee9932-032e-40af-9f0e-18749f8036bf","source":"stdout","level":30,"msg":"License for package Android SDK Build-Tools 33.0.1 accepted.","time":"2026-02-22T23:27:51.366Z","v":0,"logId":"019c87ae-4646-77dc-b5f6-ed1ace1e043b"}
{"name":"worker","pid":1041,"phase":"RUN_GRADLEW","buildId":"a9ee9932-032e-40af-9f0e-18749f8036bf","source":"stdout","level":30,"msg":"Preparing \"Install Android SDK Build-Tools 33.0.1 v.33.0.1\".","time":"2026-02-22T23:27:51.366Z","v":0,"logId":"019c87ae-4646-77dc-b5f6-ed1b47fd7f7c"}
{"name":"worker","pid":1041,"phase":"RUN_GRADLEW","buildId":"a9ee9932-032e-40af-9f0e-18749f8036bf","source":"stdout","level":30,"msg":"\"Install Android SDK Build-Tools 33.0.1 v.33.0.1\" ready.","time":"2026-02-22T23:27:52.666Z","v":0,"logId":"019c87ae-4b5a-7b67-92ca-8f54e20478d3"}
{"name":"worker","pid":1041,"phase":"RUN_GRADLEW","buildId":"a9ee9932-032e-40af-9f0e-18749f8036bf","source":"stdout","level":30,"msg":"Installing Android SDK Build-Tools 33.0.1 in /home/expo/Android/Sdk/build-tools/33.0.1","time":"2026-02-22T23:27:52.666Z","v":0,"logId":"019c87ae-4b5a-7b67-92ca-8f55e9a04a66"}
{"name":"worker","pid":1041,"phase":"RUN_GRADLEW","buildId":"a9ee9932-032e-40af-9f0e-18749f8036bf","source":"stdout","level":30,"msg":"\"Install Android SDK Build-Tools 33.0.1 v.33.0.1\" complete.","time":"2026-02-22T23:27:52.666Z","v":0,"logId":"019c87ae-4b5a-7b67-92ca-8f56e2d7699e"}
{"name":"worker","pid":1041,"phase":"RUN_GRADLEW","buildId":"a9ee9932-032e-40af-9f0e-18749f8036bf","source":"stdout","level":30,"msg":"\"Install Android SDK Build-Tools 33.0.1 v.33.0.1\" finished.","time":"2026-02-22T23:27:52.666Z","v":0,"logId":"019c87ae-4b5a-7b67-92ca-8f576ae19773"}
{"name":"worker","pid":1041,"phase":"RUN_GRADLEW","buildId":"a9ee9932-032e-40af-9f0e-18749f8036bf","source":"stdout","level":30,"msg":"> Task :expo-crypto:preBuild UP-TO-DATE","time":"2026-02-22T23:27:53.666Z","v":0,"logId":"019c87ae-4f42-74be-a7e4-2920827efc52"}
{"name":"worker","pid":1041,"phase":"RUN_GRADLEW","buildId":"a9ee9932-032e-40af-9f0e-18749f8036bf","source":"stdout","level":30,"msg":"> Task :expo-modules-core:preBuild UP-TO-DATE","time":"2026-02-22T23:27:53.666Z","v":0,"logId":"019c87ae-4f42-74be-a7e4-2921ce30798d"}
{"name":"worker","pid":1041,"phase":"RUN_GRADLEW","buildId":"a9ee9932-032e-40af-9f0e-18749f8036bf","source":"stdout","level":30,"msg":"> Task :expo-modules-core:preReleaseBuild UP-TO-DATE","time":"2026-02-22T23:27:53.666Z","v":0,"logId":"019c87ae-4f42-74be-a7e4-2922e5916163"}
{"name":"worker","pid":1041,"phase":"RUN_GRADLEW","buildId":"a9ee9932-032e-40af-9f0e-18749f8036bf","source":"stdout","level":30,"msg":"> Task :expo-crypto:preReleaseBuild UP-TO-DATE","time":"2026-02-22T23:27:53.666Z","v":0,"logId":"019c87ae-4f42-74be-a7e4-2923203a8792"}
{"name":"worker","pid":1041,"phase":"RUN_GRADLEW","buildId":"a9ee9932-032e-40af-9f0e-18749f8036bf","source":"stdout","level":30,"msg":"> Task :expo-application:preBuild UP-TO-DATE","time":"2026-02-22T23:27:53.666Z","v":0,"logId":"019c87ae-4f42-74be-a7e4-2924ca38c2cc"}
{"name":"worker","pid":1041,"phase":"RUN_GRADLEW","buildId":"a9ee9932-032e-40af-9f0e-18749f8036bf","source":"stdout","level":30,"msg":"> Task :expo-application:preReleaseBuild UP-TO-DATE","time":"2026-02-22T23:27:53.666Z","v":0,"logId":"019c87ae-4f42-74be-a7e4-2925703699d9"}
{"name":"worker","pid":1041,"phase":"RUN_GRADLEW","buildId":"a9ee9932-032e-40af-9f0e-18749f8036bf","source":"stdout","level":30,"msg":"> Task :expo-modules-core$android-annotation-processor:processResources","time":"2026-02-22T23:27:53.666Z","v":0,"logId":"019c87ae-4f42-74be-a7e4-292688291cd9"}
{"name":"worker","pid":1041,"phase":"RUN_GRADLEW","buildId":"a9ee9932-032e-40af-9f0e-18749f8036bf","source":"stdout","level":30,"msg":"> Task :expo-file-system:preBuild UP-TO-DATE","time":"2026-02-22T23:27:53.666Z","v":0,"logId":"019c87ae-4f42-74be-a7e4-29270c07329b"}
{"name":"worker","pid":1041,"phase":"RUN_GRADLEW","buildId":"a9ee9932-032e-40af-9f0e-18749f8036bf","source":"stdout","level":30,"msg":"> Task :expo-file-system:preReleaseBuild UP-TO-DATE","time":"2026-02-22T23:27:53.666Z","v":0,"logId":"019c87ae-4f42-74be-a7e4-292854d388aa"}
{"name":"worker","pid":1041,"phase":"RUN_GRADLEW","buildId":"a9ee9932-032e-40af-9f0e-18749f8036bf","source":"stdout","level":30,"msg":"> Task :expo-modules-core:generateReleaseBuildConfig","time":"2026-02-22T23:27:53.767Z","v":0,"logId":"019c87ae-4fa7-79df-acb3-d3e3bf7b0bde"}
{"name":"worker","pid":1041,"phase":"RUN_GRADLEW","buildId":"a9ee9932-032e-40af-9f0e-18749f8036bf","source":"stdout","level":30,"msg":"> Task :expo-application:generateReleaseBuildConfig","time":"2026-02-22T23:27:53.767Z","v":0,"logId":"019c87ae-4fa7-79df-acb3-d3e4fcb121db"}
{"name":"worker","pid":1041,"phase":"RUN_GRADLEW","buildId":"a9ee9932-032e-40af-9f0e-18749f8036bf","source":"stdout","level":30,"msg":"> Task :expo-application:generateReleaseResValues","time":"2026-02-22T23:27:53.767Z","v":0,"logId":"019c87ae-4fa7-79df-acb3-d3e50cf8f89f"}
{"name":"worker","pid":1041,"phase":"RUN_GRADLEW","buildId":"a9ee9932-032e-40af-9f0e-18749f8036bf","source":"stdout","level":30,"msg":"> Task :expo-application:generateReleaseResources","time":"2026-02-22T23:27:53.767Z","v":0,"logId":"019c87ae-4fa7-79df-acb3-d3e67a2c61f5"}
{"name":"worker","pid":1041,"phase":"RUN_GRADLEW","buildId":"a9ee9932-032e-40af-9f0e-18749f8036bf","source":"stdout","level":30,"msg":"> Task :expo-modules-core:generateReleaseResValues","time":"2026-02-22T23:27:53.767Z","v":0,"logId":"019c87ae-4fa7-79df-acb3-d3e7b01d08e4"}
{"name":"worker","pid":1041,"phase":"RUN_GRADLEW","buildId":"a9ee9932-032e-40af-9f0e-18749f8036bf","source":"stdout","level":30,"msg":"> Task :expo-modules-core:generateReleaseResources","time":"2026-02-22T23:27:53.767Z","v":0,"logId":"019c87ae-4fa8-7416-bcbc-735a524fa5f5"}
{"name":"worker","pid":1041,"phase":"RUN_GRADLEW","buildId":"a9ee9932-032e-40af-9f0e-18749f8036bf","source":"stdout","level":30,"msg":"> Task :expo-crypto:generateReleaseBuildConfig","time":"2026-02-22T23:27:53.768Z","v":0,"logId":"019c87ae-4fa8-7416-bcbc-735b0ca6f57f"}
{"name":"worker","pid":1041,"phase":"RUN_GRADLEW","buildId":"a9ee9932-032e-40af-9f0e-18749f8036bf","source":"stdout","level":30,"msg":"> Task :expo-file-system:generateReleaseBuildConfig","time":"2026-02-22T23:27:53.768Z","v":0,"logId":"019c87ae-4fa8-7416-bcbc-735cd4e3e8ec"}
{"name":"worker","pid":1041,"phase":"RUN_GRADLEW","buildId":"a9ee9932-032e-40af-9f0e-18749f8036bf","source":"stdout","level":30,"msg":"> Task :expo-file-system:generateReleaseResValues","time":"2026-02-22T23:27:53.768Z","v":0,"logId":"019c87ae-4fa8-7416-bcbc-735d10b6ea92"}
{"name":"worker","pid":1041,"phase":"RUN_GRADLEW","buildId":"a9ee9932-032e-40af-9f0e-18749f8036bf","source":"stdout","level":30,"msg":"> Task :expo-file-system:generateReleaseResources","time":"2026-02-22T23:27:53.768Z","v":0,"logId":"019c87ae-4fa8-7416-bcbc-735e813c55cf"}
{"name":"worker","pid":1041,"phase":"RUN_GRADLEW","buildId":"a9ee9932-032e-40af-9f0e-18749f8036bf","source":"stdout","level":30,"msg":"> Task :expo-crypto:generateReleaseResValues","time":"2026-02-22T23:27:53.768Z","v":0,"logId":"019c87ae-4fa8-7416-bcbc-735f50dd4cef"}
{"name":"worker","pid":1041,"phase":"RUN_GRADLEW","buildId":"a9ee9932-032e-40af-9f0e-18749f8036bf","source":"stdout","level":30,"msg":"> Task :expo-crypto:generateReleaseResources","time":"2026-02-22T23:27:53.768Z","v":0,"logId":"019c87ae-4fa8-7416-bcbc-736045a4813c"}
{"name":"worker","pid":1041,"phase":"RUN_GRADLEW","buildId":"a9ee9932-032e-40af-9f0e-18749f8036bf","source":"stdout","level":30,"msg":"> Task :expo-constants:createExpoConfig","time":"2026-02-22T23:27:53.967Z","v":0,"logId":"019c87ae-506f-7382-81cf-916d7c953ec9"}
{"name":"worker","pid":1041,"phase":"RUN_GRADLEW","buildId":"a9ee9932-032e-40af-9f0e-18749f8036bf","source":"stdout","level":30,"msg":"> Task :expo-constants:preBuild","time":"2026-02-22T23:27:53.967Z","v":0,"logId":"019c87ae-506f-7382-81cf-916e8545bacd"}
{"name":"worker","pid":1041,"phase":"RUN_GRADLEW","buildId":"a9ee9932-032e-40af-9f0e-18749f8036bf","source":"stdout","level":30,"msg":"> Task :expo-constants:preReleaseBuild","time":"2026-02-22T23:27:53.967Z","v":0,"logId":"019c87ae-506f-7382-81cf-916f4b3cf7fb"}
{"name":"worker","pid":1041,"phase":"RUN_GRADLEW","buildId":"a9ee9932-032e-40af-9f0e-18749f8036bf","source":"stdout","level":30,"msg":"> Task :expo-constants:generateReleaseBuildConfig","time":"2026-02-22T23:27:53.967Z","v":0,"logId":"019c87ae-506f-7382-81cf-9170a58ae817"}
{"name":"worker","pid":1041,"phase":"RUN_GRADLEW","buildId":"a9ee9932-032e-40af-9f0e-18749f8036bf","source":"stdout","level":30,"msg":"> Task :expo-application:packageReleaseResources","time":"2026-02-22T23:27:53.967Z","v":0,"logId":"019c87ae-506f-7382-81cf-917152cbdd5d"}
{"name":"worker","pid":1041,"phase":"RUN_GRADLEW","buildId":"a9ee9932-032e-40af-9f0e-18749f8036bf","source":"stdout","level":30,"msg":"> Task :expo-modules-core:packageReleaseResources","time":"2026-02-22T23:27:53.967Z","v":0,"logId":"019c87ae-506f-7382-81cf-917204845f32"}
{"name":"worker","pid":1041,"phase":"RUN_GRADLEW","buildId":"a9ee9932-032e-40af-9f0e-18749f8036bf","source":"stdout","level":30,"msg":"> Task :expo-constants:generateReleaseResValues","time":"2026-02-22T23:27:53.967Z","v":0,"logId":"019c87ae-506f-7382-81cf-91733c346cc2"}
{"name":"worker","pid":1041,"phase":"RUN_GRADLEW","buildId":"a9ee9932-032e-40af-9f0e-18749f8036bf","source":"stdout","level":30,"msg":"> Task :expo-constants:generateReleaseResources","time":"2026-02-22T23:27:53.967Z","v":0,"logId":"019c87ae-506f-7382-81cf-91745b708681"}
{"name":"worker","pid":1041,"phase":"RUN_GRADLEW","buildId":"a9ee9932-032e-40af-9f0e-18749f8036bf","source":"stdout","level":30,"msg":"> Task :expo-file-system:packageReleaseResources","time":"2026-02-22T23:27:53.967Z","v":0,"logId":"019c87ae-506f-7382-81cf-9175befc4d70"}
{"name":"worker","pid":1041,"phase":"RUN_GRADLEW","buildId":"a9ee9932-032e-40af-9f0e-18749f8036bf","source":"stdout","level":30,"msg":"> Task :expo-crypto:packageReleaseResources","time":"2026-02-22T23:27:53.967Z","v":0,"logId":"019c87ae-506f-7382-81cf-917635e1acdb"}
{"name":"worker","pid":1041,"phase":"RUN_GRADLEW","buildId":"a9ee9932-032e-40af-9f0e-18749f8036bf","source":"stdout","level":30,"msg":"> Task :expo-constants:packageReleaseResources","time":"2026-02-22T23:27:53.967Z","v":0,"logId":"019c87ae-506f-7382-81cf-9177949ccbdb"}
{"name":"worker","pid":1041,"phase":"RUN_GRADLEW","buildId":"a9ee9932-032e-40af-9f0e-18749f8036bf","source":"stdout","level":30,"msg":"> Task :expo:generateExpoModulesPackageList","time":"2026-02-22T23:27:54.266Z","v":0,"logId":"019c87ae-519b-73cb-b115-81db22da6226"}
{"name":"worker","pid":1041,"phase":"RUN_GRADLEW","buildId":"a9ee9932-032e-40af-9f0e-18749f8036bf","source":"stdout","level":30,"msg":"> Task :expo:preBuild","time":"2026-02-22T23:27:54.267Z","v":0,"logId":"019c87ae-519b-73cb-b115-81dc3d1bf277"}
{"name":"worker","pid":1041,"phase":"RUN_GRADLEW","buildId":"a9ee9932-032e-40af-9f0e-18749f8036bf","source":"stdout","level":30,"msg":"> Task :expo:preReleaseBuild","time":"2026-02-22T23:27:54.267Z","v":0,"logId":"019c87ae-519b-73cb-b115-81dd4ab19af0"}
{"name":"worker","pid":1041,"phase":"RUN_GRADLEW","buildId":"a9ee9932-032e-40af-9f0e-18749f8036bf","source":"stdout","level":30,"msg":"> Task :expo-application:parseReleaseLocalResources","time":"2026-02-22T23:27:54.471Z","v":0,"logId":"019c87ae-5267-7a7f-927d-b577726f4dcf"}
{"name":"worker","pid":1041,"phase":"RUN_GRADLEW","buildId":"a9ee9932-032e-40af-9f0e-18749f8036bf","source":"stdout","level":30,"msg":"> Task :expo-constants:parseReleaseLocalResources","time":"2026-02-22T23:27:54.471Z","v":0,"logId":"019c87ae-5267-7a7f-927d-b5783f4abf99"}
{"name":"worker","pid":1041,"phase":"RUN_GRADLEW","buildId":"a9ee9932-032e-40af-9f0e-18749f8036bf","source":"stdout","level":30,"msg":"> Task :expo-modules-core:parseReleaseLocalResources","time":"2026-02-22T23:27:54.475Z","v":0,"logId":"019c87ae-526b-7f28-b2fc-b8efeb197540"}
{"name":"worker","pid":1041,"phase":"RUN_GRADLEW","buildId":"a9ee9932-032e-40af-9f0e-18749f8036bf","source":"stdout","level":30,"msg":"> Task :expo-file-system:parseReleaseLocalResources","time":"2026-02-22T23:27:54.566Z","v":0,"logId":"019c87ae-52c6-766a-94e5-92611588add6"}
{"name":"worker","pid":1041,"phase":"RUN_GRADLEW","buildId":"a9ee9932-032e-40af-9f0e-18749f8036bf","source":"stdout","level":30,"msg":"> Task :expo:mergeReleaseJniLibFolders","time":"2026-02-22T23:27:54.566Z","v":0,"logId":"019c87ae-52c6-766a-94e5-9262d9c9bf38"}
{"name":"worker","pid":1041,"phase":"RUN_GRADLEW","buildId":"a9ee9932-032e-40af-9f0e-18749f8036bf","source":"stdout","level":30,"msg":"> Task :expo:mergeReleaseNativeLibs NO-SOURCE","time":"2026-02-22T23:27:54.566Z","v":0,"logId":"019c87ae-52c6-766a-94e5-926326b1a6b3"}
{"name":"worker","pid":1041,"phase":"RUN_GRADLEW","buildId":"a9ee9932-032e-40af-9f0e-18749f8036bf","source":"stdout","level":30,"msg":"> Task :expo:stripReleaseDebugSymbols NO-SOURCE","time":"2026-02-22T23:27:54.566Z","v":0,"logId":"019c87ae-52c6-766a-94e5-9264b315b31f"}
{"name":"worker","pid":1041,"phase":"RUN_GRADLEW","buildId":"a9ee9932-032e-40af-9f0e-18749f8036bf","source":"stdout","level":30,"msg":"> Task :expo-modules-core:javaPreCompileRelease","time":"2026-02-22T23:27:54.566Z","v":0,"logId":"019c87ae-52c6-766a-94e5-9265aff79033"}
{"name":"worker","pid":1041,"phase":"RUN_GRADLEW","buildId":"a9ee9932-032e-40af-9f0e-18749f8036bf","source":"stdout","level":30,"msg":"> Task :expo-application:javaPreCompileRelease","time":"2026-02-22T23:27:54.566Z","v":0,"logId":"019c87ae-52c6-766a-94e5-926608cbbfa4"}
{"name":"worker","pid":1041,"phase":"RUN_GRADLEW","buildId":"a9ee9932-032e-40af-9f0e-18749f8036bf","source":"stdout","level":30,"msg":"> Task :expo-modules-core:processReleaseManifest","time":"2026-02-22T23:27:54.566Z","v":0,"logId":"019c87ae-52c7-723d-9ed4-2538cacaba33"}
{"name":"worker","pid":1041,"phase":"RUN_GRADLEW","buildId":"a9ee9932-032e-40af-9f0e-18749f8036bf","source":"stdout","level":30,"msg":"/home/expo/workingdir/build/mobile/node_modules/expo-modules-core/android/src/main/AndroidManifest.xml:8:9-11:45 Warning:","time":"2026-02-22T23:27:54.567Z","v":0,"logId":"019c87ae-52c7-723d-9ed4-2539eed2e6c4"}
{"name":"worker","pid":1041,"phase":"RUN_GRADLEW","buildId":"a9ee9932-032e-40af-9f0e-18749f8036bf","source":"stdout","level":30,"msg":"\tmeta-data#com.facebook.soloader.enabled@android:value was tagged at AndroidManifest.xml:8 to replace other declarations but no other declaration present","time":"2026-02-22T23:27:54.567Z","v":0,"logId":"019c87ae-52c7-723d-9ed4-253af61bb48d"}
{"name":"worker","pid":1041,"phase":"RUN_GRADLEW","buildId":"a9ee9932-032e-40af-9f0e-18749f8036bf","source":"stdout","level":30,"msg":"> Task :expo:generateReleaseResValues","time":"2026-02-22T23:27:54.567Z","v":0,"logId":"019c87ae-52c7-723d-9ed4-253bc4edc950"}
{"name":"worker","pid":1041,"phase":"RUN_GRADLEW","buildId":"a9ee9932-032e-40af-9f0e-18749f8036bf","source":"stdout","level":30,"msg":"> Task :expo:extractDeepLinksForAarRelease","time":"2026-02-22T23:27:54.567Z","v":0,"logId":"019c87ae-52c7-723d-9ed4-253c652381c2"}
{"name":"worker","pid":1041,"phase":"RUN_GRADLEW","buildId":"a9ee9932-032e-40af-9f0e-18749f8036bf","source":"stdout","level":30,"msg":"> Task :expo:generateReleaseBuildConfig","time":"2026-02-22T23:27:54.567Z","v":0,"logId":"019c87ae-52c7-723d-9ed4-253db5a08c4e"}
{"name":"worker","pid":1041,"phase":"RUN_GRADLEW","buildId":"a9ee9932-032e-40af-9f0e-18749f8036bf","source":"stdout","level":30,"msg":"> Task :expo:generateReleaseResources","time":"2026-02-22T23:27:54.567Z","v":0,"logId":"019c87ae-52c7-723d-9ed4-253e8a37f8c8"}
{"name":"worker","pid":1041,"phase":"RUN_GRADLEW","buildId":"a9ee9932-032e-40af-9f0e-18749f8036bf","source":"stdout","level":30,"msg":"> Task :expo:packageReleaseResources","time":"2026-02-22T23:27:54.567Z","v":0,"logId":"019c87ae-52c7-723d-9ed4-253f4ef51a13"}
{"name":"worker","pid":1041,"phase":"RUN_GRADLEW","buildId":"a9ee9932-032e-40af-9f0e-18749f8036bf","source":"stdout","level":30,"msg":"> Task :expo-crypto:parseReleaseLocalResources","time":"2026-02-22T23:27:54.567Z","v":0,"logId":"019c87ae-52c7-723d-9ed4-2540e1d3c2e6"}
{"name":"worker","pid":1041,"phase":"RUN_GRADLEW","buildId":"a9ee9932-032e-40af-9f0e-18749f8036bf","source":"stdout","level":30,"msg":"> Task :expo-application:processReleaseManifest","time":"2026-02-22T23:27:54.567Z","v":0,"logId":"019c87ae-52c7-723d-9ed4-2541e153c904"}
{"name":"worker","pid":1041,"phase":"RUN_GRADLEW","buildId":"a9ee9932-032e-40af-9f0e-18749f8036bf","source":"stdout","level":30,"msg":"> Task :expo:copyReleaseJniLibsProjectAndLocalJars","time":"2026-02-22T23:27:54.567Z","v":0,"logId":"019c87ae-52c7-723d-9ed4-254244607efe"}
{"name":"worker","pid":1041,"phase":"RUN_GRADLEW","buildId":"a9ee9932-032e-40af-9f0e-18749f8036bf","source":"stdout","level":30,"msg":"> Task :expo:processReleaseManifest","time":"2026-02-22T23:27:54.567Z","v":0,"logId":"019c87ae-52c7-723d-9ed4-2543af9eb706"}
{"name":"worker","pid":1041,"phase":"RUN_GRADLEW","buildId":"a9ee9932-032e-40af-9f0e-18749f8036bf","source":"stdout","level":30,"msg":"> Task :expo-constants:processReleaseManifest","time":"2026-02-22T23:27:54.666Z","v":0,"logId":"019c87ae-532a-735a-8079-cbd9eaba408c"}
{"name":"worker","pid":1041,"phase":"RUN_GRADLEW","buildId":"a9ee9932-032e-40af-9f0e-18749f8036bf","source":"stdout","level":30,"msg":"> Task :expo-constants:generateReleaseRFile","time":"2026-02-22T23:27:54.666Z","v":0,"logId":"019c87ae-532a-735a-8079-cbda37f38cea"}
{"name":"worker","pid":1041,"phase":"RUN_GRADLEW","buildId":"a9ee9932-032e-40af-9f0e-18749f8036bf","source":"stdout","level":30,"msg":"> Task :expo-crypto:processReleaseManifest","time":"2026-02-22T23:27:54.666Z","v":0,"logId":"019c87ae-532a-735a-8079-cbdb0398b4a3"}
{"name":"worker","pid":1041,"phase":"RUN_GRADLEW","buildId":"a9ee9932-032e-40af-9f0e-18749f8036bf","source":"stdout","level":30,"msg":"> Task :expo-application:generateReleaseRFile","time":"2026-02-22T23:27:54.666Z","v":0,"logId":"019c87ae-532a-735a-8079-cbdc4d236548"}
{"name":"worker","pid":1041,"phase":"RUN_GRADLEW","buildId":"a9ee9932-032e-40af-9f0e-18749f8036bf","source":"stdout","level":30,"msg":"> Task :expo-file-system:processReleaseManifest","time":"2026-02-22T23:27:54.666Z","v":0,"logId":"019c87ae-532a-735a-8079-cbdd2ad16dcd"}
{"name":"worker","pid":1041,"phase":"RUN_GRADLEW","buildId":"a9ee9932-032e-40af-9f0e-18749f8036bf","source":"stdout","level":30,"msg":"/home/expo/workingdir/build/mobile/node_modules/expo-file-system/android/src/main/AndroidManifest.xml:6:9-8:20 Warning:","time":"2026-02-22T23:27:54.666Z","v":0,"logId":"019c87ae-532a-735a-8079-cbde12a0e96f"}
{"name":"worker","pid":1041,"phase":"RUN_GRADLEW","buildId":"a9ee9932-032e-40af-9f0e-18749f8036bf","source":"stdout","level":30,"msg":"\tprovider#expo.modules.filesystem.FileSystemFileProvider@android:authorities was tagged at AndroidManifest.xml:6 to replace other declarations but no other declaration present","time":"2026-02-22T23:27:54.666Z","v":0,"logId":"019c87ae-532a-735a-8079-cbdf372c4d14"}
{"name":"worker","pid":1041,"phase":"RUN_GRADLEW","buildId":"a9ee9932-032e-40af-9f0e-18749f8036bf","source":"stdout","level":30,"msg":"> Task :expo-file-system:generateReleaseRFile","time":"2026-02-22T23:27:54.671Z","v":0,"logId":"019c87ae-532f-76ed-8f9e-8a591eb0476e"}
{"name":"worker","pid":1041,"phase":"RUN_GRADLEW","buildId":"a9ee9932-032e-40af-9f0e-18749f8036bf","source":"stdout","level":30,"msg":"> Task :expo-crypto:generateReleaseRFile","time":"2026-02-22T23:27:54.671Z","v":0,"logId":"019c87ae-532f-76ed-8f9e-8a5ac2792bc4"}
{"name":"worker","pid":1041,"phase":"RUN_GRADLEW","buildId":"a9ee9932-032e-40af-9f0e-18749f8036bf","source":"stdout","level":30,"msg":"> Task :expo-font:preBuild UP-TO-DATE","time":"2026-02-22T23:27:54.671Z","v":0,"logId":"019c87ae-532f-76ed-8f9e-8a5b4f8d42fe"}
{"name":"worker","pid":1041,"phase":"RUN_GRADLEW","buildId":"a9ee9932-032e-40af-9f0e-18749f8036bf","source":"stdout","level":30,"msg":"> Task :expo-font:preReleaseBuild UP-TO-DATE","time":"2026-02-22T23:27:54.671Z","v":0,"logId":"019c87ae-532f-76ed-8f9e-8a5cf4cb6ef3"}
{"name":"worker","pid":1041,"phase":"RUN_GRADLEW","buildId":"a9ee9932-032e-40af-9f0e-18749f8036bf","source":"stdout","level":30,"msg":"> Task :expo-font:generateReleaseBuildConfig","time":"2026-02-22T23:27:54.671Z","v":0,"logId":"019c87ae-532f-76ed-8f9e-8a5dd9ad0b7c"}
{"name":"worker","pid":1041,"phase":"RUN_GRADLEW","buildId":"a9ee9932-032e-40af-9f0e-18749f8036bf","source":"stdout","level":30,"msg":"> Task :expo-font:generateReleaseResValues","time":"2026-02-22T23:27:54.671Z","v":0,"logId":"019c87ae-532f-76ed-8f9e-8a5e8649479c"}
{"name":"worker","pid":1041,"phase":"RUN_GRADLEW","buildId":"a9ee9932-032e-40af-9f0e-18749f8036bf","source":"stdout","level":30,"msg":"> Task :expo-font:generateReleaseResources","time":"2026-02-22T23:27:54.671Z","v":0,"logId":"019c87ae-532f-76ed-8f9e-8a5fb8fc209f"}
{"name":"worker","pid":1041,"phase":"RUN_GRADLEW","buildId":"a9ee9932-032e-40af-9f0e-18749f8036bf","source":"stdout","level":30,"msg":"> Task :expo-font:packageReleaseResources","time":"2026-02-22T23:27:54.671Z","v":0,"logId":"019c87ae-532f-76ed-8f9e-8a604a4da2d2"}
{"name":"worker","pid":1041,"phase":"RUN_GRADLEW","buildId":"a9ee9932-032e-40af-9f0e-18749f8036bf","source":"stdout","level":30,"msg":"> Task :expo-font:parseReleaseLocalResources","time":"2026-02-22T23:27:54.767Z","v":0,"logId":"019c87ae-538f-7e9b-81d5-599c2ecb84d6"}
{"name":"worker","pid":1041,"phase":"RUN_GRADLEW","buildId":"a9ee9932-032e-40af-9f0e-18749f8036bf","source":"stdout","level":30,"msg":"> Task :expo-file-system:javaPreCompileRelease","time":"2026-02-22T23:27:54.768Z","v":0,"logId":"019c87ae-5390-7437-8b0a-0802a4f6325d"}
{"name":"worker","pid":1041,"phase":"RUN_GRADLEW","buildId":"a9ee9932-032e-40af-9f0e-18749f8036bf","source":"stdout","level":30,"msg":"> Task :expo-modules-core:generateReleaseRFile","time":"2026-02-22T23:27:54.768Z","v":0,"logId":"019c87ae-5390-7437-8b0a-0803a44dbe61"}
{"name":"worker","pid":1041,"phase":"RUN_GRADLEW","buildId":"a9ee9932-032e-40af-9f0e-18749f8036bf","source":"stdout","level":30,"msg":"> Task :expo-keep-awake:preBuild UP-TO-DATE","time":"2026-02-22T23:27:54.768Z","v":0,"logId":"019c87ae-5390-7437-8b0a-08043598fe8e"}
{"name":"worker","pid":1041,"phase":"RUN_GRADLEW","buildId":"a9ee9932-032e-40af-9f0e-18749f8036bf","source":"stdout","level":30,"msg":"> Task :expo-keep-awake:preReleaseBuild UP-TO-DATE","time":"2026-02-22T23:27:54.768Z","v":0,"logId":"019c87ae-5390-7437-8b0a-0805083a83bf"}
{"name":"worker","pid":1041,"phase":"RUN_GRADLEW","buildId":"a9ee9932-032e-40af-9f0e-18749f8036bf","source":"stdout","level":30,"msg":"> Task :expo-keep-awake:generateReleaseBuildConfig","time":"2026-02-22T23:27:54.768Z","v":0,"logId":"019c87ae-5390-7437-8b0a-080609bfaa9c"}
{"name":"worker","pid":1041,"phase":"RUN_GRADLEW","buildId":"a9ee9932-032e-40af-9f0e-18749f8036bf","source":"stdout","level":30,"msg":"> Task :expo-keep-awake:generateReleaseResValues","time":"2026-02-22T23:27:54.768Z","v":0,"logId":"019c87ae-5390-7437-8b0a-08070a2dd3ac"}
{"name":"worker","pid":1041,"phase":"RUN_GRADLEW","buildId":"a9ee9932-032e-40af-9f0e-18749f8036bf","source":"stdout","level":30,"msg":"> Task :expo-keep-awake:generateReleaseResources","time":"2026-02-22T23:27:54.768Z","v":0,"logId":"019c87ae-5390-7437-8b0a-0808363f9e2b"}
{"name":"worker","pid":1041,"phase":"RUN_GRADLEW","buildId":"a9ee9932-032e-40af-9f0e-18749f8036bf","source":"stdout","level":30,"msg":"> Task :expo-keep-awake:packageReleaseResources","time":"2026-02-22T23:27:54.768Z","v":0,"logId":"019c87ae-5390-7437-8b0a-08093b7b908d"}
{"name":"worker","pid":1041,"phase":"RUN_GRADLEW","buildId":"a9ee9932-032e-40af-9f0e-18749f8036bf","source":"stdout","level":30,"msg":"> Task :expo-crypto:javaPreCompileRelease","time":"2026-02-22T23:27:54.768Z","v":0,"logId":"019c87ae-5390-7437-8b0a-080a76b00a6a"}
{"name":"worker","pid":1041,"phase":"RUN_GRADLEW","buildId":"a9ee9932-032e-40af-9f0e-18749f8036bf","source":"stdout","level":30,"msg":"> Task :expo-keep-awake:parseReleaseLocalResources","time":"2026-02-22T23:27:54.768Z","v":0,"logId":"019c87ae-5390-7437-8b0a-080b0e4970f1"}
{"name":"worker","pid":1041,"phase":"RUN_GRADLEW","buildId":"a9ee9932-032e-40af-9f0e-18749f8036bf","source":"stdout","level":30,"msg":"> Task :expo-constants:javaPreCompileRelease","time":"2026-02-22T23:27:54.768Z","v":0,"logId":"019c87ae-5390-7437-8b0a-080c93bf6f02"}
{"name":"worker","pid":1041,"phase":"RUN_GRADLEW","buildId":"a9ee9932-032e-40af-9f0e-18749f8036bf","source":"stdout","level":30,"msg":"> Task :expo-linear-gradient:preBuild UP-TO-DATE","time":"2026-02-22T23:27:54.768Z","v":0,"logId":"019c87ae-5390-7437-8b0a-080dcca82ecb"}
{"name":"worker","pid":1041,"phase":"RUN_GRADLEW","buildId":"a9ee9932-032e-40af-9f0e-18749f8036bf","source":"stdout","level":30,"msg":"> Task :expo-linear-gradient:preReleaseBuild UP-TO-DATE","time":"2026-02-22T23:27:54.768Z","v":0,"logId":"019c87ae-5390-7437-8b0a-080ee0cf3e51"}
{"name":"worker","pid":1041,"phase":"RUN_GRADLEW","buildId":"a9ee9932-032e-40af-9f0e-18749f8036bf","source":"stdout","level":30,"msg":"> Task :expo-linear-gradient:generateReleaseBuildConfig","time":"2026-02-22T23:27:54.768Z","v":0,"logId":"019c87ae-5390-7437-8b0a-080f43c600e7"}
{"name":"worker","pid":1041,"phase":"RUN_GRADLEW","buildId":"a9ee9932-032e-40af-9f0e-18749f8036bf","source":"stdout","level":30,"msg":"> Task :expo-linear-gradient:generateReleaseResValues","time":"2026-02-22T23:27:54.768Z","v":0,"logId":"019c87ae-5390-7437-8b0a-0810c9d6beee"}
{"name":"worker","pid":1041,"phase":"RUN_GRADLEW","buildId":"a9ee9932-032e-40af-9f0e-18749f8036bf","source":"stdout","level":30,"msg":"> Task :expo-linear-gradient:generateReleaseResources","time":"2026-02-22T23:27:54.768Z","v":0,"logId":"019c87ae-5390-7437-8b0a-08111aed01b5"}
{"name":"worker","pid":1041,"phase":"RUN_GRADLEW","buildId":"a9ee9932-032e-40af-9f0e-18749f8036bf","source":"stdout","level":30,"msg":"> Task :expo-linear-gradient:packageReleaseResources","time":"2026-02-22T23:27:54.768Z","v":0,"logId":"019c87ae-5390-7437-8b0a-08125a71b468"}
{"name":"worker","pid":1041,"phase":"RUN_GRADLEW","buildId":"a9ee9932-032e-40af-9f0e-18749f8036bf","source":"stdout","level":30,"msg":"> Task :expo-keep-awake:javaPreCompileRelease","time":"2026-02-22T23:27:54.768Z","v":0,"logId":"019c87ae-5390-7437-8b0a-08137ffe3192"}
{"name":"worker","pid":1041,"phase":"RUN_GRADLEW","buildId":"a9ee9932-032e-40af-9f0e-18749f8036bf","source":"stdout","level":30,"msg":"> Task :expo-linear-gradient:processReleaseManifest","time":"2026-02-22T23:27:54.768Z","v":0,"logId":"019c87ae-5390-7437-8b0a-081450e0d244"}
{"name":"worker","pid":1041,"phase":"RUN_GRADLEW","buildId":"a9ee9932-032e-40af-9f0e-18749f8036bf","source":"stdout","level":30,"msg":"> Task :expo-linear-gradient:javaPreCompileRelease","time":"2026-02-22T23:27:54.768Z","v":0,"logId":"019c87ae-5390-7437-8b0a-0815547fb538"}
{"name":"worker","pid":1041,"phase":"RUN_GRADLEW","buildId":"a9ee9932-032e-40af-9f0e-18749f8036bf","source":"stdout","level":30,"msg":"> Task :expo-secure-store:preBuild UP-TO-DATE","time":"2026-02-22T23:27:54.768Z","v":0,"logId":"019c87ae-5390-7437-8b0a-0816b2ffe3fc"}
{"name":"worker","pid":1041,"phase":"RUN_GRADLEW","buildId":"a9ee9932-032e-40af-9f0e-18749f8036bf","source":"stdout","level":30,"msg":"> Task :expo-secure-store:preReleaseBuild UP-TO-DATE","time":"2026-02-22T23:27:54.768Z","v":0,"logId":"019c87ae-5390-7437-8b0a-0817b8d11d88"}
{"name":"worker","pid":1041,"phase":"RUN_GRADLEW","buildId":"a9ee9932-032e-40af-9f0e-18749f8036bf","source":"stdout","level":30,"msg":"> Task :expo-secure-store:generateReleaseBuildConfig","time":"2026-02-22T23:27:54.768Z","v":0,"logId":"019c87ae-5390-7437-8b0a-0818a81b2be3"}
{"name":"worker","pid":1041,"phase":"RUN_GRADLEW","buildId":"a9ee9932-032e-40af-9f0e-18749f8036bf","source":"stdout","level":30,"msg":"> Task :expo-secure-store:generateReleaseResValues","time":"2026-02-22T23:27:54.768Z","v":0,"logId":"019c87ae-5390-7437-8b0a-08197dea1f1a"}
{"name":"worker","pid":1041,"phase":"RUN_GRADLEW","buildId":"a9ee9932-032e-40af-9f0e-18749f8036bf","source":"stdout","level":30,"msg":"> Task :expo-secure-store:generateReleaseResources","time":"2026-02-22T23:27:54.768Z","v":0,"logId":"019c87ae-5390-7437-8b0a-081a6d9f5e4d"}
{"name":"worker","pid":1041,"phase":"RUN_GRADLEW","buildId":"a9ee9932-032e-40af-9f0e-18749f8036bf","source":"stdout","level":30,"msg":"> Task :expo-secure-store:packageReleaseResources","time":"2026-02-22T23:27:54.768Z","v":0,"logId":"019c87ae-5390-7437-8b0a-081bb93eb708"}
{"name":"worker","pid":1041,"phase":"RUN_GRADLEW","buildId":"a9ee9932-032e-40af-9f0e-18749f8036bf","source":"stdout","level":30,"msg":"> Task :expo-secure-store:parseReleaseLocalResources","time":"2026-02-22T23:27:54.867Z","v":0,"logId":"019c87ae-53f3-7d2d-b566-f67abd3c0d6e"}
{"name":"worker","pid":1041,"phase":"RUN_GRADLEW","buildId":"a9ee9932-032e-40af-9f0e-18749f8036bf","source":"stdout","level":30,"msg":"> Task :expo-secure-store:processReleaseManifest","time":"2026-02-22T23:27:54.867Z","v":0,"logId":"019c87ae-53f3-7d2d-b566-f67b4d87804f"}
{"name":"worker","pid":1041,"phase":"RUN_GRADLEW","buildId":"a9ee9932-032e-40af-9f0e-18749f8036bf","source":"stdout","level":30,"msg":"> Task :expo-secure-store:generateReleaseRFile","time":"2026-02-22T23:27:54.867Z","v":0,"logId":"019c87ae-53f3-7d2d-b566-f67c5a4937c6"}
{"name":"worker","pid":1041,"phase":"RUN_GRADLEW","buildId":"a9ee9932-032e-40af-9f0e-18749f8036bf","source":"stdout","level":30,"msg":"> Task :expo-font:javaPreCompileRelease","time":"2026-02-22T23:27:54.867Z","v":0,"logId":"019c87ae-53f3-7d2d-b566-f67dc2477540"}
{"name":"worker","pid":1041,"phase":"RUN_GRADLEW","buildId":"a9ee9932-032e-40af-9f0e-18749f8036bf","source":"stdout","level":30,"msg":"> Task :expo-web-browser:preBuild UP-TO-DATE","time":"2026-02-22T23:27:54.867Z","v":0,"logId":"019c87ae-53f3-7d2d-b566-f67e3e25609c"}
{"name":"worker","pid":1041,"phase":"RUN_GRADLEW","buildId":"a9ee9932-032e-40af-9f0e-18749f8036bf","source":"stdout","level":30,"msg":"> Task :expo-web-browser:preReleaseBuild UP-TO-DATE","time":"2026-02-22T23:27:54.867Z","v":0,"logId":"019c87ae-53f3-7d2d-b566-f67f267f6953"}
{"name":"worker","pid":1041,"phase":"RUN_GRADLEW","buildId":"a9ee9932-032e-40af-9f0e-18749f8036bf","source":"stdout","level":30,"msg":"> Task :expo-web-browser:generateReleaseBuildConfig","time":"2026-02-22T23:27:54.867Z","v":0,"logId":"019c87ae-53f3-7d2d-b566-f680128cbbaf"}
{"name":"worker","pid":1041,"phase":"RUN_GRADLEW","buildId":"a9ee9932-032e-40af-9f0e-18749f8036bf","source":"stdout","level":30,"msg":"> Task :expo-web-browser:generateReleaseResValues","time":"2026-02-22T23:27:54.867Z","v":0,"logId":"019c87ae-53f3-7d2d-b566-f681a71762de"}
{"name":"worker","pid":1041,"phase":"RUN_GRADLEW","buildId":"a9ee9932-032e-40af-9f0e-18749f8036bf","source":"stdout","level":30,"msg":"> Task :expo-web-browser:generateReleaseResources","time":"2026-02-22T23:27:54.867Z","v":0,"logId":"019c87ae-53f3-7d2d-b566-f682ff538e91"}
{"name":"worker","pid":1041,"phase":"RUN_GRADLEW","buildId":"a9ee9932-032e-40af-9f0e-18749f8036bf","source":"stdout","level":30,"msg":"> Task :expo-web-browser:packageReleaseResources","time":"2026-02-22T23:27:54.867Z","v":0,"logId":"019c87ae-53f3-7d2d-b566-f6835ea3c12a"}
{"name":"worker","pid":1041,"phase":"RUN_GRADLEW","buildId":"a9ee9932-032e-40af-9f0e-18749f8036bf","source":"stdout","level":30,"msg":"> Task :expo-linear-gradient:parseReleaseLocalResources","time":"2026-02-22T23:27:54.867Z","v":0,"logId":"019c87ae-53f3-7d2d-b566-f6847809a228"}
{"name":"worker","pid":1041,"phase":"RUN_GRADLEW","buildId":"a9ee9932-032e-40af-9f0e-18749f8036bf","source":"stdout","level":30,"msg":"> Task :expo-linear-gradient:generateReleaseRFile","time":"2026-02-22T23:27:55.066Z","v":0,"logId":"019c87ae-54bb-7983-9e19-a7516cc28b02"}
{"name":"worker","pid":1041,"phase":"RUN_GRADLEW","buildId":"a9ee9932-032e-40af-9f0e-18749f8036bf","source":"stdout","level":30,"msg":"> Task :expo-secure-store:javaPreCompileRelease","time":"2026-02-22T23:27:55.067Z","v":0,"logId":"019c87ae-54bb-7983-9e19-a7528253e21c"}
{"name":"worker","pid":1041,"phase":"RUN_GRADLEW","buildId":"a9ee9932-032e-40af-9f0e-18749f8036bf","source":"stdout","level":30,"msg":"> Task :expo:parseReleaseLocalResources","time":"2026-02-22T23:27:55.067Z","v":0,"logId":"019c87ae-54bb-7983-9e19-a7530198f808"}
{"name":"worker","pid":1041,"phase":"RUN_GRADLEW","buildId":"a9ee9932-032e-40af-9f0e-18749f8036bf","source":"stdout","level":30,"msg":"> Task :expo-keep-awake:processReleaseManifest","time":"2026-02-22T23:27:55.067Z","v":0,"logId":"019c87ae-54bb-7983-9e19-a75498bac905"}
{"name":"worker","pid":1041,"phase":"RUN_GRADLEW","buildId":"a9ee9932-032e-40af-9f0e-18749f8036bf","source":"stdout","level":30,"msg":"> Task :expo-web-browser:javaPreCompileRelease","time":"2026-02-22T23:27:55.067Z","v":0,"logId":"019c87ae-54bb-7983-9e19-a755465e4a17"}
{"name":"worker","pid":1041,"phase":"RUN_GRADLEW","buildId":"a9ee9932-032e-40af-9f0e-18749f8036bf","source":"stdout","level":30,"msg":"> Task :expo:javaPreCompileRelease","time":"2026-02-22T23:27:55.067Z","v":0,"logId":"019c87ae-54bb-7983-9e19-a7565d939a69"}
{"name":"worker","pid":1041,"phase":"RUN_GRADLEW","buildId":"a9ee9932-032e-40af-9f0e-18749f8036bf","source":"stdout","level":30,"msg":"> Task :expo-keep-awake:generateReleaseRFile","time":"2026-02-22T23:27:55.067Z","v":0,"logId":"019c87ae-54bb-7983-9e19-a7577e71570b"}
{"name":"worker","pid":1041,"phase":"RUN_GRADLEW","buildId":"a9ee9932-032e-40af-9f0e-18749f8036bf","source":"stdout","level":30,"msg":"> Task :react-native-safe-area-context:preBuild UP-TO-DATE","time":"2026-02-22T23:27:55.067Z","v":0,"logId":"019c87ae-54bb-7983-9e19-a7583f5f2f2b"}
{"name":"worker","pid":1041,"phase":"RUN_GRADLEW","buildId":"a9ee9932-032e-40af-9f0e-18749f8036bf","source":"stdout","level":30,"msg":"> Task :react-native-safe-area-context:preReleaseBuild UP-TO-DATE","time":"2026-02-22T23:27:55.067Z","v":0,"logId":"019c87ae-54bb-7983-9e19-a759cd8e67a2"}
{"name":"worker","pid":1041,"phase":"RUN_GRADLEW","buildId":"a9ee9932-032e-40af-9f0e-18749f8036bf","source":"stdout","level":30,"msg":"> Task :expo-web-browser:processReleaseManifest","time":"2026-02-22T23:27:55.168Z","v":0,"logId":"019c87ae-5520-7334-abb2-a2dd2509a6ef"}
{"name":"worker","pid":1041,"phase":"RUN_GRADLEW","buildId":"a9ee9932-032e-40af-9f0e-18749f8036bf","source":"stdout","level":30,"msg":"> Task :react-native-screens:preBuild UP-TO-DATE","time":"2026-02-22T23:27:55.168Z","v":0,"logId":"019c87ae-5520-7334-abb2-a2def17b868b"}
{"name":"worker","pid":1041,"phase":"RUN_GRADLEW","buildId":"a9ee9932-032e-40af-9f0e-18749f8036bf","source":"stdout","level":30,"msg":"> Task :react-native-screens:preReleaseBuild UP-TO-DATE","time":"2026-02-22T23:27:55.168Z","v":0,"logId":"019c87ae-5520-7334-abb2-a2dfb65b29ab"}
{"name":"worker","pid":1041,"phase":"RUN_GRADLEW","buildId":"a9ee9932-032e-40af-9f0e-18749f8036bf","source":"stdout","level":30,"msg":"> Task :expo-web-browser:parseReleaseLocalResources","time":"2026-02-22T23:27:55.168Z","v":0,"logId":"019c87ae-5520-7334-abb2-a2e0a0ac973a"}
{"name":"worker","pid":1041,"phase":"RUN_GRADLEW","buildId":"a9ee9932-032e-40af-9f0e-18749f8036bf","source":"stdout","level":30,"msg":"> Task :react-native-screens:mergeReleaseJniLibFolders","time":"2026-02-22T23:27:55.168Z","v":0,"logId":"019c87ae-5520-7334-abb2-a2e1d469dd93"}
{"name":"worker","pid":1041,"phase":"RUN_GRADLEW","buildId":"a9ee9932-032e-40af-9f0e-18749f8036bf","source":"stdout","level":30,"msg":"> Task :react-native-screens:mergeReleaseNativeLibs NO-SOURCE","time":"2026-02-22T23:27:55.168Z","v":0,"logId":"019c87ae-5520-7334-abb2-a2e2fbe2a201"}
{"name":"worker","pid":1041,"phase":"RUN_GRADLEW","buildId":"a9ee9932-032e-40af-9f0e-18749f8036bf","source":"stdout","level":30,"msg":"> Task :react-native-screens:stripReleaseDebugSymbols NO-SOURCE","time":"2026-02-22T23:27:55.168Z","v":0,"logId":"019c87ae-5520-7334-abb2-a2e3cda3749b"}
{"name":"worker","pid":1041,"phase":"RUN_GRADLEW","buildId":"a9ee9932-032e-40af-9f0e-18749f8036bf","source":"stdout","level":30,"msg":"> Task :expo-web-browser:generateReleaseRFile","time":"2026-02-22T23:27:55.168Z","v":0,"logId":"019c87ae-5520-7334-abb2-a2e4b2707949"}
{"name":"worker","pid":1041,"phase":"RUN_GRADLEW","buildId":"a9ee9932-032e-40af-9f0e-18749f8036bf","source":"stdout","level":30,"msg":"> Task :react-native-screens:generateReleaseResValues","time":"2026-02-22T23:27:55.168Z","v":0,"logId":"019c87ae-5520-7334-abb2-a2e5aa8b2e1c"}
{"name":"worker","pid":1041,"phase":"RUN_GRADLEW","buildId":"a9ee9932-032e-40af-9f0e-18749f8036bf","source":"stdout","level":30,"msg":"> Task :react-native-screens:extractDeepLinksForAarRelease","time":"2026-02-22T23:27:55.168Z","v":0,"logId":"019c87ae-5520-7334-abb2-a2e62c499459"}
{"name":"worker","pid":1041,"phase":"RUN_GRADLEW","buildId":"a9ee9932-032e-40af-9f0e-18749f8036bf","source":"stdout","level":30,"msg":"> Task :react-native-screens:generateReleaseBuildConfig","time":"2026-02-22T23:27:55.168Z","v":0,"logId":"019c87ae-5520-7334-abb2-a2e7396104fd"}
{"name":"worker","pid":1041,"phase":"RUN_GRADLEW","buildId":"a9ee9932-032e-40af-9f0e-18749f8036bf","source":"stdout","level":30,"msg":"> Task :react-native-safe-area-context:mergeReleaseJniLibFolders","time":"2026-02-22T23:27:55.168Z","v":0,"logId":"019c87ae-5521-7f0b-96bb-e4bafbe7845e"}
{"name":"worker","pid":1041,"phase":"RUN_GRADLEW","buildId":"a9ee9932-032e-40af-9f0e-18749f8036bf","source":"stdout","level":30,"msg":"> Task :react-native-screens:generateReleaseResources","time":"2026-02-22T23:27:55.169Z","v":0,"logId":"019c87ae-5521-7f0b-96bb-e4bbb0a7feb3"}
{"name":"worker","pid":1041,"phase":"RUN_GRADLEW","buildId":"a9ee9932-032e-40af-9f0e-18749f8036bf","source":"stdout","level":30,"msg":"> Task :react-native-safe-area-context:mergeReleaseNativeLibs NO-SOURCE","time":"2026-02-22T23:27:55.169Z","v":0,"logId":"019c87ae-5521-7f0b-96bb-e4bc78a7a61e"}
{"name":"worker","pid":1041,"phase":"RUN_GRADLEW","buildId":"a9ee9932-032e-40af-9f0e-18749f8036bf","source":"stdout","level":30,"msg":"> Task :react-native-safe-area-context:stripReleaseDebugSymbols NO-SOURCE","time":"2026-02-22T23:27:55.169Z","v":0,"logId":"019c87ae-5521-7f0b-96bb-e4bd270c5eb3"}
{"name":"worker","pid":1041,"phase":"RUN_GRADLEW","buildId":"a9ee9932-032e-40af-9f0e-18749f8036bf","source":"stdout","level":30,"msg":"> Task :expo-font:processReleaseManifest","time":"2026-02-22T23:27:55.169Z","v":0,"logId":"019c87ae-5521-7f0b-96bb-e4be7c028362"}
{"name":"worker","pid":1041,"phase":"RUN_GRADLEW","buildId":"a9ee9932-032e-40af-9f0e-18749f8036bf","source":"stdout","level":30,"msg":"> Task :react-native-screens:copyReleaseJniLibsProjectAndLocalJars","time":"2026-02-22T23:27:55.169Z","v":0,"logId":"019c87ae-5521-7f0b-96bb-e4bf9ca869db"}
{"name":"worker","pid":1041,"phase":"RUN_GRADLEW","buildId":"a9ee9932-032e-40af-9f0e-18749f8036bf","source":"stdout","level":30,"msg":"> Task :react-native-safe-area-context:generateReleaseResValues","time":"2026-02-22T23:27:55.169Z","v":0,"logId":"019c87ae-5521-7f0b-96bb-e4c081493a06"}
{"name":"worker","pid":1041,"phase":"RUN_GRADLEW","buildId":"a9ee9932-032e-40af-9f0e-18749f8036bf","source":"stdout","level":30,"msg":"> Task :react-native-safe-area-context:extractDeepLinksForAarRelease","time":"2026-02-22T23:27:55.169Z","v":0,"logId":"019c87ae-5521-7f0b-96bb-e4c1877662e6"}
{"name":"worker","pid":1041,"phase":"RUN_GRADLEW","buildId":"a9ee9932-032e-40af-9f0e-18749f8036bf","source":"stdout","level":30,"msg":"> Task :react-native-safe-area-context:generateReleaseBuildConfig","time":"2026-02-22T23:27:55.169Z","v":0,"logId":"019c87ae-5521-7f0b-96bb-e4c29ceeb781"}
{"name":"worker","pid":1041,"phase":"RUN_GRADLEW","buildId":"a9ee9932-032e-40af-9f0e-18749f8036bf","source":"stdout","level":30,"msg":"> Task :react-native-safe-area-context:generateReleaseResources","time":"2026-02-22T23:27:55.169Z","v":0,"logId":"019c87ae-5521-7f0b-96bb-e4c30f7ea0e9"}
{"name":"worker","pid":1041,"phase":"RUN_GRADLEW","buildId":"a9ee9932-032e-40af-9f0e-18749f8036bf","source":"stdout","level":30,"msg":"> Task :react-native-safe-area-context:packageReleaseResources","time":"2026-02-22T23:27:55.169Z","v":0,"logId":"019c87ae-5521-7f0b-96bb-e4c460382d39"}
{"name":"worker","pid":1041,"phase":"RUN_GRADLEW","buildId":"a9ee9932-032e-40af-9f0e-18749f8036bf","source":"stdout","level":30,"msg":"> Task :react-native-safe-area-context:copyReleaseJniLibsProjectAndLocalJars","time":"2026-02-22T23:27:55.266Z","v":0,"logId":"019c87ae-5582-7f34-b460-44bc810176e3"}
{"name":"worker","pid":1041,"phase":"RUN_GRADLEW","buildId":"a9ee9932-032e-40af-9f0e-18749f8036bf","source":"stdout","level":30,"msg":"> Task :expo-font:generateReleaseRFile","time":"2026-02-22T23:27:55.267Z","v":0,"logId":"019c87ae-5583-7b00-8a9c-2c86de03e1fc"}
{"name":"worker","pid":1041,"phase":"RUN_GRADLEW","buildId":"a9ee9932-032e-40af-9f0e-18749f8036bf","source":"stdout","level":30,"msg":"> Task :react-native-safe-area-context:processReleaseManifest","time":"2026-02-22T23:27:55.267Z","v":0,"logId":"019c87ae-5583-7b00-8a9c-2c87c4df19db"}
{"name":"worker","pid":1041,"phase":"RUN_GRADLEW","buildId":"a9ee9932-032e-40af-9f0e-18749f8036bf","source":"stdout","level":30,"msg":"package=\"com.th3rdwave.safeareacontext\" found in source AndroidManifest.xml: /home/expo/workingdir/build/mobile/node_modules/react-native-safe-area-context/android/src/main/AndroidManifest.xml.","time":"2026-02-22T23:27:55.267Z","v":0,"logId":"019c87ae-5583-7b00-8a9c-2c88049a0cc0"}
{"name":"worker","pid":1041,"phase":"RUN_GRADLEW","buildId":"a9ee9932-032e-40af-9f0e-18749f8036bf","source":"stdout","level":30,"msg":"Setting the namespace via the package attribute in the source AndroidManifest.xml is no longer supported, and the value is ignored.","time":"2026-02-22T23:27:55.267Z","v":0,"logId":"019c87ae-5583-7b00-8a9c-2c89eeda15a3"}
{"name":"worker","pid":1041,"phase":"RUN_GRADLEW","buildId":"a9ee9932-032e-40af-9f0e-18749f8036bf","source":"stdout","level":30,"msg":"Recommendation: remove package=\"com.th3rdwave.safeareacontext\" from the source AndroidManifest.xml: /home/expo/workingdir/build/mobile/node_modules/react-native-safe-area-context/android/src/main/AndroidManifest.xml.","time":"2026-02-22T23:27:55.267Z","v":0,"logId":"019c87ae-5583-7b00-8a9c-2c8a155d284c"}
{"name":"worker","pid":1041,"phase":"RUN_GRADLEW","buildId":"a9ee9932-032e-40af-9f0e-18749f8036bf","source":"stdout","level":30,"msg":"> Task :react-native-screens:packageReleaseResources","time":"2026-02-22T23:27:55.267Z","v":0,"logId":"019c87ae-5583-7b00-8a9c-2c8be823673d"}
{"name":"worker","pid":1041,"phase":"RUN_GRADLEW","buildId":"a9ee9932-032e-40af-9f0e-18749f8036bf","source":"stdout","level":30,"msg":"> Task :react-native-screens:parseReleaseLocalResources","time":"2026-02-22T23:27:55.267Z","v":0,"logId":"019c87ae-5583-7b00-8a9c-2c8c85a6df90"}
{"name":"worker","pid":1041,"phase":"RUN_GRADLEW","buildId":"a9ee9932-032e-40af-9f0e-18749f8036bf","source":"stdout","level":30,"msg":"> Task :react-native-screens:processReleaseManifest","time":"2026-02-22T23:27:55.267Z","v":0,"logId":"019c87ae-5583-7b00-8a9c-2c8df926363a"}
{"name":"worker","pid":1041,"phase":"RUN_GRADLEW","buildId":"a9ee9932-032e-40af-9f0e-18749f8036bf","source":"stdout","level":30,"msg":"package=\"com.swmansion.rnscreens\" found in source AndroidManifest.xml: /home/expo/workingdir/build/mobile/node_modules/react-native-screens/android/src/main/AndroidManifest.xml.","time":"2026-02-22T23:27:55.267Z","v":0,"logId":"019c87ae-5583-7b00-8a9c-2c8eba92b920"}
{"name":"worker","pid":1041,"phase":"RUN_GRADLEW","buildId":"a9ee9932-032e-40af-9f0e-18749f8036bf","source":"stdout","level":30,"msg":"Setting the namespace via the package attribute in the source AndroidManifest.xml is no longer supported, and the value is ignored.","time":"2026-02-22T23:27:55.267Z","v":0,"logId":"019c87ae-5583-7b00-8a9c-2c8fd79bcd64"}
{"name":"worker","pid":1041,"phase":"RUN_GRADLEW","buildId":"a9ee9932-032e-40af-9f0e-18749f8036bf","source":"stdout","level":30,"msg":"Recommendation: remove package=\"com.swmansion.rnscreens\" from the source AndroidManifest.xml: /home/expo/workingdir/build/mobile/node_modules/react-native-screens/android/src/main/AndroidManifest.xml.","time":"2026-02-22T23:27:55.267Z","v":0,"logId":"019c87ae-5583-7b00-8a9c-2c90cdc3ce41"}
{"name":"worker","pid":1041,"phase":"RUN_GRADLEW","buildId":"a9ee9932-032e-40af-9f0e-18749f8036bf","source":"stdout","level":30,"msg":"> Task :expo:mergeReleaseShaders","time":"2026-02-22T23:27:55.267Z","v":0,"logId":"019c87ae-5583-7b00-8a9c-2c91b6205298"}
{"name":"worker","pid":1041,"phase":"RUN_GRADLEW","buildId":"a9ee9932-032e-40af-9f0e-18749f8036bf","source":"stdout","level":30,"msg":"> Task :expo:compileReleaseShaders NO-SOURCE","time":"2026-02-22T23:27:55.267Z","v":0,"logId":"019c87ae-5583-7b00-8a9c-2c92b10eaa96"}
{"name":"worker","pid":1041,"phase":"RUN_GRADLEW","buildId":"a9ee9932-032e-40af-9f0e-18749f8036bf","source":"stdout","level":30,"msg":"> Task :expo:generateReleaseAssets UP-TO-DATE","time":"2026-02-22T23:27:55.267Z","v":0,"logId":"019c87ae-5583-7b00-8a9c-2c93e1675bd3"}
{"name":"worker","pid":1041,"phase":"RUN_GRADLEW","buildId":"a9ee9932-032e-40af-9f0e-18749f8036bf","source":"stdout","level":30,"msg":"> Task :react-native-screens:generateReleaseRFile","time":"2026-02-22T23:27:55.267Z","v":0,"logId":"019c87ae-5583-7b00-8a9c-2c946b393fdd"}
{"name":"worker","pid":1041,"phase":"RUN_GRADLEW","buildId":"a9ee9932-032e-40af-9f0e-18749f8036bf","source":"stdout","level":30,"msg":"> Task :expo:packageReleaseAssets","time":"2026-02-22T23:27:55.366Z","v":0,"logId":"019c87ae-55e6-7258-ba46-29c2858d3ce9"}
{"name":"worker","pid":1041,"phase":"RUN_GRADLEW","buildId":"a9ee9932-032e-40af-9f0e-18749f8036bf","source":"stdout","level":30,"msg":"> Task :expo-modules-core$android-annotation:processResources NO-SOURCE","time":"2026-02-22T23:27:55.366Z","v":0,"logId":"019c87ae-55e6-7258-ba46-29c383233d8d"}
{"name":"worker","pid":1041,"phase":"RUN_GRADLEW","buildId":"a9ee9932-032e-40af-9f0e-18749f8036bf","source":"stdout","level":30,"msg":"> Task :expo:prepareLintJarForPublish","time":"2026-02-22T23:27:55.366Z","v":0,"logId":"019c87ae-55e7-7bc8-9815-d973329d2616"}
{"name":"worker","pid":1041,"phase":"RUN_GRADLEW","buildId":"a9ee9932-032e-40af-9f0e-18749f8036bf","source":"stdout","level":30,"msg":"> Task :expo:prepareReleaseArtProfile","time":"2026-02-22T23:27:55.367Z","v":0,"logId":"019c87ae-55e7-7bc8-9815-d97415a8c68f"}
{"name":"worker","pid":1041,"phase":"RUN_GRADLEW","buildId":"a9ee9932-032e-40af-9f0e-18749f8036bf","source":"stdout","level":30,"msg":"> Task :react-native-safe-area-context:mergeReleaseShaders","time":"2026-02-22T23:27:55.367Z","v":0,"logId":"019c87ae-55e7-7bc8-9815-d975a86a35d3"}
{"name":"worker","pid":1041,"phase":"RUN_GRADLEW","buildId":"a9ee9932-032e-40af-9f0e-18749f8036bf","source":"stdout","level":30,"msg":"> Task :react-native-safe-area-context:compileReleaseShaders NO-SOURCE","time":"2026-02-22T23:27:55.367Z","v":0,"logId":"019c87ae-55e7-7bc8-9815-d9767314eb0c"}
{"name":"worker","pid":1041,"phase":"RUN_GRADLEW","buildId":"a9ee9932-032e-40af-9f0e-18749f8036bf","source":"stdout","level":30,"msg":"> Task :react-native-safe-area-context:generateReleaseAssets UP-TO-DATE","time":"2026-02-22T23:27:55.367Z","v":0,"logId":"019c87ae-55e7-7bc8-9815-d97716669812"}
{"name":"worker","pid":1041,"phase":"RUN_GRADLEW","buildId":"a9ee9932-032e-40af-9f0e-18749f8036bf","source":"stdout","level":30,"msg":"> Task :react-native-safe-area-context:parseReleaseLocalResources","time":"2026-02-22T23:27:55.367Z","v":0,"logId":"019c87ae-55e7-7bc8-9815-d9788d2c7b2d"}
{"name":"worker","pid":1041,"phase":"RUN_GRADLEW","buildId":"a9ee9932-032e-40af-9f0e-18749f8036bf","source":"stdout","level":30,"msg":"> Task :react-native-svg:preBuild UP-TO-DATE","time":"2026-02-22T23:27:55.367Z","v":0,"logId":"019c87ae-55e7-7bc8-9815-d97963a1fedf"}
{"name":"worker","pid":1041,"phase":"RUN_GRADLEW","buildId":"a9ee9932-032e-40af-9f0e-18749f8036bf","source":"stdout","level":30,"msg":"> Task :react-native-svg:preReleaseBuild UP-TO-DATE","time":"2026-02-22T23:27:55.367Z","v":0,"logId":"019c87ae-55e7-7bc8-9815-d97ac9344a5b"}
{"name":"worker","pid":1041,"phase":"RUN_GRADLEW","buildId":"a9ee9932-032e-40af-9f0e-18749f8036bf","source":"stdout","level":30,"msg":"> Task :react-native-safe-area-context:packageReleaseAssets","time":"2026-02-22T23:27:55.966Z","v":0,"logId":"019c87ae-583e-7b4c-88d9-aeeff7f0ec46"}
{"name":"worker","pid":1041,"phase":"RUN_GRADLEW","buildId":"a9ee9932-032e-40af-9f0e-18749f8036bf","source":"stdout","level":30,"msg":"> Task :react-native-svg:mergeReleaseJniLibFolders","time":"2026-02-22T23:27:55.966Z","v":0,"logId":"019c87ae-583e-7b4c-88d9-aef03a8d9c56"}
{"name":"worker","pid":1041,"phase":"RUN_GRADLEW","buildId":"a9ee9932-032e-40af-9f0e-18749f8036bf","source":"stdout","level":30,"msg":"> Task :react-native-safe-area-context:generateReleaseRFile","time":"2026-02-22T23:27:55.966Z","v":0,"logId":"019c87ae-583e-7b4c-88d9-aef1bdcaedcf"}
{"name":"worker","pid":1041,"phase":"RUN_GRADLEW","buildId":"a9ee9932-032e-40af-9f0e-18749f8036bf","source":"stdout","level":30,"msg":"> Task :expo-modules-core$android-annotation:compileKotlin","time":"2026-02-22T23:27:56.066Z","v":0,"logId":"019c87ae-58a2-73b6-963c-dfef7f34def6"}
{"name":"worker","pid":1041,"phase":"RUN_GRADLEW","buildId":"a9ee9932-032e-40af-9f0e-18749f8036bf","source":"stdout","level":30,"msg":"> Task :expo-modules-core$android-annotation:compileJava NO-SOURCE","time":"2026-02-22T23:27:56.066Z","v":0,"logId":"019c87ae-58a3-7d2a-a91d-f05f28e13de7"}
{"name":"worker","pid":1041,"phase":"RUN_GRADLEW","buildId":"a9ee9932-032e-40af-9f0e-18749f8036bf","source":"stdout","level":30,"msg":"> Task :expo-modules-core$android-annotation:classes UP-TO-DATE","time":"2026-02-22T23:27:56.067Z","v":0,"logId":"019c87ae-58a3-7d2a-a91d-f060fffea1b8"}
{"name":"worker","pid":1041,"phase":"RUN_GRADLEW","buildId":"a9ee9932-032e-40af-9f0e-18749f8036bf","source":"stdout","level":30,"msg":"> Task :expo-modules-core$android-annotation:jar","time":"2026-02-22T23:27:56.067Z","v":0,"logId":"019c87ae-58a3-7d2a-a91d-f061d9fe9798"}
{"name":"worker","pid":1041,"phase":"RUN_GRADLEW","buildId":"a9ee9932-032e-40af-9f0e-18749f8036bf","source":"stdout","level":30,"msg":"> Task :expo-modules-core$android-annotation:inspectClassesForKotlinIC","time":"2026-02-22T23:27:56.067Z","v":0,"logId":"019c87ae-58a3-7d2a-a91d-f06277525185"}
{"name":"worker","pid":1041,"phase":"RUN_GRADLEW","buildId":"a9ee9932-032e-40af-9f0e-18749f8036bf","source":"stdout","level":30,"msg":"> Task :react-native-safe-area-context:prepareLintJarForPublish","time":"2026-02-22T23:27:56.366Z","v":0,"logId":"019c87ae-59ce-7283-987d-1443b83a5ce1"}
{"name":"worker","pid":1041,"phase":"RUN_GRADLEW","buildId":"a9ee9932-032e-40af-9f0e-18749f8036bf","source":"stdout","level":30,"msg":"> Task :expo:generateReleaseRFile","time":"2026-02-22T23:27:56.366Z","v":0,"logId":"019c87ae-59ce-7283-987d-144435f5b11b"}
{"name":"worker","pid":1041,"phase":"RUN_GRADLEW","buildId":"a9ee9932-032e-40af-9f0e-18749f8036bf","source":"stdout","level":30,"msg":"> Task :react-native-svg:mergeReleaseNativeLibs NO-SOURCE","time":"2026-02-22T23:27:56.366Z","v":0,"logId":"019c87ae-59ce-7283-987d-1445096be202"}
{"name":"worker","pid":1041,"phase":"RUN_GRADLEW","buildId":"a9ee9932-032e-40af-9f0e-18749f8036bf","source":"stdout","level":30,"msg":"> Task :react-native-svg:stripReleaseDebugSymbols NO-SOURCE","time":"2026-02-22T23:27:56.366Z","v":0,"logId":"019c87ae-59ce-7283-987d-14465fc95f5a"}
{"name":"worker","pid":1041,"phase":"RUN_GRADLEW","buildId":"a9ee9932-032e-40af-9f0e-18749f8036bf","source":"stdout","level":30,"msg":"> Task :react-native-safe-area-context:javaPreCompileRelease","time":"2026-02-22T23:27:56.566Z","v":0,"logId":"019c87ae-5a96-75be-b096-03d2ee4a84eb"}
{"name":"worker","pid":1041,"phase":"RUN_GRADLEW","buildId":"a9ee9932-032e-40af-9f0e-18749f8036bf","source":"stdout","level":30,"msg":"> Task :expo:writeReleaseAarMetadata","time":"2026-02-22T23:27:56.566Z","v":0,"logId":"019c87ae-5a96-75be-b096-03d344202433"}
{"name":"worker","pid":1041,"phase":"RUN_GRADLEW","buildId":"a9ee9932-032e-40af-9f0e-18749f8036bf","source":"stdout","level":30,"msg":"> Task :react-native-svg:generateReleaseResValues","time":"2026-02-22T23:27:56.566Z","v":0,"logId":"019c87ae-5a96-75be-b096-03d42b400ef2"}
{"name":"worker","pid":1041,"phase":"RUN_GRADLEW","buildId":"a9ee9932-032e-40af-9f0e-18749f8036bf","source":"stdout","level":30,"msg":"> Task :react-native-svg:extractDeepLinksForAarRelease","time":"2026-02-22T23:27:56.566Z","v":0,"logId":"019c87ae-5a96-75be-b096-03d5b4f4734b"}
{"name":"worker","pid":1041,"phase":"RUN_GRADLEW","buildId":"a9ee9932-032e-40af-9f0e-18749f8036bf","source":"stdout","level":30,"msg":"> Task :react-native-svg:generateReleaseBuildConfig","time":"2026-02-22T23:27:56.566Z","v":0,"logId":"019c87ae-5a96-75be-b096-03d6763d7513"}
{"name":"worker","pid":1041,"phase":"RUN_GRADLEW","buildId":"a9ee9932-032e-40af-9f0e-18749f8036bf","source":"stdout","level":30,"msg":"> Task :expo-modules-core$android-annotation-processor:compileKotlin","time":"2026-02-22T23:27:57.166Z","v":0,"logId":"019c87ae-5cee-76e1-9225-d43f5f7c9628"}
{"name":"worker","pid":1041,"phase":"RUN_GRADLEW","buildId":"a9ee9932-032e-40af-9f0e-18749f8036bf","source":"stdout","level":30,"msg":"> Task :react-native-svg:copyReleaseJniLibsProjectAndLocalJars","time":"2026-02-22T23:27:57.467Z","v":0,"logId":"019c87ae-5e1b-7621-a1cb-32dae5ea613b"}
{"name":"worker","pid":1041,"phase":"RUN_GRADLEW","buildId":"a9ee9932-032e-40af-9f0e-18749f8036bf","source":"stdout","level":30,"msg":"> Task :expo-modules-core$android-annotation-processor:compileJava NO-SOURCE","time":"2026-02-22T23:27:57.467Z","v":0,"logId":"019c87ae-5e1b-7621-a1cb-32db6c658d4f"}
{"name":"worker","pid":1041,"phase":"RUN_GRADLEW","buildId":"a9ee9932-032e-40af-9f0e-18749f8036bf","source":"stdout","level":30,"msg":"> Task :expo-modules-core$android-annotation-processor:classes","time":"2026-02-22T23:27:57.467Z","v":0,"logId":"019c87ae-5e1b-7621-a1cb-32dc3f252bb6"}
{"name":"worker","pid":1041,"phase":"RUN_GRADLEW","buildId":"a9ee9932-032e-40af-9f0e-18749f8036bf","source":"stdout","level":30,"msg":"> Task :expo-modules-core$android-annotation-processor:jar","time":"2026-02-22T23:27:57.467Z","v":0,"logId":"019c87ae-5e1b-7621-a1cb-32dd0cf7e7fc"}
{"name":"worker","pid":1041,"phase":"RUN_GRADLEW","buildId":"a9ee9932-032e-40af-9f0e-18749f8036bf","source":"stdout","level":30,"msg":"> Task :expo-modules-core$android-annotation-processor:inspectClassesForKotlinIC","time":"2026-02-22T23:27:57.467Z","v":0,"logId":"019c87ae-5e1b-7621-a1cb-32de08dd0489"}
{"name":"worker","pid":1041,"phase":"RUN_GRADLEW","buildId":"a9ee9932-032e-40af-9f0e-18749f8036bf","source":"stdout","level":30,"msg":"> Task :react-native-svg:generateReleaseResources","time":"2026-02-22T23:27:57.467Z","v":0,"logId":"019c87ae-5e1b-7621-a1cb-32df7fcbae0e"}
{"name":"worker","pid":1041,"phase":"RUN_GRADLEW","buildId":"a9ee9932-032e-40af-9f0e-18749f8036bf","source":"stdout","level":30,"msg":"> Task :react-native-svg:packageReleaseResources","time":"2026-02-22T23:27:57.467Z","v":0,"logId":"019c87ae-5e1b-7621-a1cb-32e06c5d8e79"}
{"name":"worker","pid":1041,"phase":"RUN_GRADLEW","buildId":"a9ee9932-032e-40af-9f0e-18749f8036bf","source":"stdout","level":30,"msg":"> Task :react-native-svg:parseReleaseLocalResources","time":"2026-02-22T23:27:57.467Z","v":0,"logId":"019c87ae-5e1b-7621-a1cb-32e132ff5b5b"}
{"name":"worker","pid":1041,"phase":"RUN_GRADLEW","buildId":"a9ee9932-032e-40af-9f0e-18749f8036bf","source":"stdout","level":30,"msg":"> Task :react-native-svg:processReleaseManifest","time":"2026-02-22T23:27:57.467Z","v":0,"logId":"019c87ae-5e1b-7621-a1cb-32e2543f008e"}
{"name":"worker","pid":1041,"phase":"RUN_GRADLEW","buildId":"a9ee9932-032e-40af-9f0e-18749f8036bf","source":"stdout","level":30,"msg":"package=\"com.horcrux.svg\" found in source AndroidManifest.xml: /home/expo/workingdir/build/mobile/node_modules/react-native-svg/android/src/main/AndroidManifest.xml.","time":"2026-02-22T23:27:57.467Z","v":0,"logId":"019c87ae-5e1b-7621-a1cb-32e3814a02a4"}
{"name":"worker","pid":1041,"phase":"RUN_GRADLEW","buildId":"a9ee9932-032e-40af-9f0e-18749f8036bf","source":"stdout","level":30,"msg":"Setting the namespace via the package attribute in the source AndroidManifest.xml is no longer supported, and the value is ignored.","time":"2026-02-22T23:27:57.467Z","v":0,"logId":"019c87ae-5e1b-7621-a1cb-32e4534f54f3"}
{"name":"worker","pid":1041,"phase":"RUN_GRADLEW","buildId":"a9ee9932-032e-40af-9f0e-18749f8036bf","source":"stdout","level":30,"msg":"Recommendation: remove package=\"com.horcrux.svg\" from the source AndroidManifest.xml: /home/expo/workingdir/build/mobile/node_modules/react-native-svg/android/src/main/AndroidManifest.xml.","time":"2026-02-22T23:27:57.467Z","v":0,"logId":"019c87ae-5e1b-7621-a1cb-32e52cb885dd"}
{"name":"worker","pid":1041,"phase":"RUN_GRADLEW","buildId":"a9ee9932-032e-40af-9f0e-18749f8036bf","source":"stdout","level":30,"msg":"> Task :react-native-svg:generateReleaseRFile","time":"2026-02-22T23:27:57.566Z","v":0,"logId":"019c87ae-5e7f-7ad4-aa8f-d73023212fbe"}
{"name":"worker","pid":1041,"phase":"RUN_GRADLEW","buildId":"a9ee9932-032e-40af-9f0e-18749f8036bf","source":"stdout","level":30,"msg":"> Task :react-native-safe-area-context:prepareReleaseArtProfile","time":"2026-02-22T23:27:57.766Z","v":0,"logId":"019c87ae-5f46-709f-9320-8046775f7efc"}
{"name":"worker","pid":1041,"phase":"RUN_GRADLEW","buildId":"a9ee9932-032e-40af-9f0e-18749f8036bf","source":"stdout","level":30,"msg":"> Task :react-native-safe-area-context:writeReleaseAarMetadata","time":"2026-02-22T23:27:57.767Z","v":0,"logId":"019c87ae-5f47-7ed0-bcae-acda25f688b7"}
{"name":"worker","pid":1041,"phase":"RUN_GRADLEW","buildId":"a9ee9932-032e-40af-9f0e-18749f8036bf","source":"stdout","level":30,"msg":"> Task :react-native-screens:javaPreCompileRelease","time":"2026-02-22T23:27:57.767Z","v":0,"logId":"019c87ae-5f47-7ed0-bcae-acdb5d7eb4e7"}
{"name":"worker","pid":1041,"phase":"RUN_GRADLEW","buildId":"a9ee9932-032e-40af-9f0e-18749f8036bf","source":"stdout","level":30,"msg":"> Task :react-native-screens:mergeReleaseShaders","time":"2026-02-22T23:27:57.866Z","v":0,"logId":"019c87ae-5faa-7726-9ba0-49b411c33c88"}
{"name":"worker","pid":1041,"phase":"RUN_GRADLEW","buildId":"a9ee9932-032e-40af-9f0e-18749f8036bf","source":"stdout","level":30,"msg":"> Task :react-native-screens:compileReleaseShaders NO-SOURCE","time":"2026-02-22T23:27:57.866Z","v":0,"logId":"019c87ae-5faa-7726-9ba0-49b53ad4c21f"}
{"name":"worker","pid":1041,"phase":"RUN_GRADLEW","buildId":"a9ee9932-032e-40af-9f0e-18749f8036bf","source":"stdout","level":30,"msg":"> Task :react-native-screens:generateReleaseAssets","time":"2026-02-22T23:27:57.866Z","v":0,"logId":"019c87ae-5faa-7726-9ba0-49b6e46b4e7d"}
{"name":"worker","pid":1041,"phase":"RUN_GRADLEW","buildId":"a9ee9932-032e-40af-9f0e-18749f8036bf","source":"stdout","level":30,"msg":"UP-TO-DATE","time":"2026-02-22T23:27:57.866Z","v":0,"logId":"019c87ae-5faa-7726-9ba0-49b7d6e98762"}
{"name":"worker","pid":1041,"phase":"RUN_GRADLEW","buildId":"a9ee9932-032e-40af-9f0e-18749f8036bf","source":"stdout","level":30,"msg":"> Task :react-native-screens:packageReleaseAssets","time":"2026-02-22T23:27:57.866Z","v":0,"logId":"019c87ae-5faa-7726-9ba0-49b855e86b9e"}
{"name":"worker","pid":1041,"phase":"RUN_GRADLEW","buildId":"a9ee9932-032e-40af-9f0e-18749f8036bf","source":"stdout","level":30,"msg":"> Task :react-native-screens:prepareLintJarForPublish","time":"2026-02-22T23:27:57.866Z","v":0,"logId":"019c87ae-5faa-7726-9ba0-49b95d1c24aa"}
{"name":"worker","pid":1041,"phase":"RUN_GRADLEW","buildId":"a9ee9932-032e-40af-9f0e-18749f8036bf","source":"stdout","level":30,"msg":"> Task :react-native-screens:prepareReleaseArtProfile","time":"2026-02-22T23:27:57.866Z","v":0,"logId":"019c87ae-5faa-7726-9ba0-49ba886504b8"}
{"name":"worker","pid":1041,"phase":"RUN_GRADLEW","buildId":"a9ee9932-032e-40af-9f0e-18749f8036bf","source":"stdout","level":30,"msg":"> Task :react-native-screens:writeReleaseAarMetadata","time":"2026-02-22T23:27:57.866Z","v":0,"logId":"019c87ae-5faa-7726-9ba0-49bbac8d729c"}
{"name":"worker","pid":1041,"phase":"RUN_GRADLEW","buildId":"a9ee9932-032e-40af-9f0e-18749f8036bf","source":"stdout","level":30,"msg":"> Task :expo-application:mergeReleaseJniLibFolders","time":"2026-02-22T23:27:57.866Z","v":0,"logId":"019c87ae-5faa-7726-9ba0-49bc6160cf75"}
{"name":"worker","pid":1041,"phase":"RUN_GRADLEW","buildId":"a9ee9932-032e-40af-9f0e-18749f8036bf","source":"stdout","level":30,"msg":"> Task :expo-application:mergeReleaseNativeLibs NO-SOURCE","time":"2026-02-22T23:27:57.866Z","v":0,"logId":"019c87ae-5faa-7726-9ba0-49bdf972e691"}
{"name":"worker","pid":1041,"phase":"RUN_GRADLEW","buildId":"a9ee9932-032e-40af-9f0e-18749f8036bf","source":"stdout","level":30,"msg":"> Task :expo-application:stripReleaseDebugSymbols NO-SOURCE","time":"2026-02-22T23:27:57.866Z","v":0,"logId":"019c87ae-5fab-7f1f-8572-37e879683e0c"}
{"name":"worker","pid":1041,"phase":"RUN_GRADLEW","buildId":"a9ee9932-032e-40af-9f0e-18749f8036bf","source":"stdout","level":30,"msg":"> Task :expo-application:copyReleaseJniLibsProjectAndLocalJars","time":"2026-02-22T23:27:57.867Z","v":0,"logId":"019c87ae-5fab-7f1f-8572-37e9f00d110a"}
{"name":"worker","pid":1041,"phase":"RUN_GRADLEW","buildId":"a9ee9932-032e-40af-9f0e-18749f8036bf","source":"stdout","level":30,"msg":"> Task :expo-application:extractDeepLinksForAarRelease","time":"2026-02-22T23:27:57.867Z","v":0,"logId":"019c87ae-5fab-7f1f-8572-37ead68c71bc"}
{"name":"worker","pid":1041,"phase":"RUN_GRADLEW","buildId":"a9ee9932-032e-40af-9f0e-18749f8036bf","source":"stdout","level":30,"msg":"> Task :expo-application:mergeReleaseShaders","time":"2026-02-22T23:27:57.867Z","v":0,"logId":"019c87ae-5fab-7f1f-8572-37eb68aa5074"}
{"name":"worker","pid":1041,"phase":"RUN_GRADLEW","buildId":"a9ee9932-032e-40af-9f0e-18749f8036bf","source":"stdout","level":30,"msg":"> Task :expo-application:compileReleaseShaders NO-SOURCE","time":"2026-02-22T23:27:57.867Z","v":0,"logId":"019c87ae-5fab-7f1f-8572-37ec293c20db"}
{"name":"worker","pid":1041,"phase":"RUN_GRADLEW","buildId":"a9ee9932-032e-40af-9f0e-18749f8036bf","source":"stdout","level":30,"msg":"> Task :expo-application:generateReleaseAssets UP-TO-DATE","time":"2026-02-22T23:27:57.867Z","v":0,"logId":"019c87ae-5fab-7f1f-8572-37ed2fe2d30c"}
{"name":"worker","pid":1041,"phase":"RUN_GRADLEW","buildId":"a9ee9932-032e-40af-9f0e-18749f8036bf","source":"stdout","level":30,"msg":"> Task :expo-application:packageReleaseAssets","time":"2026-02-22T23:27:57.867Z","v":0,"logId":"019c87ae-5fab-7f1f-8572-37ee3e2b2fe8"}
{"name":"worker","pid":1041,"phase":"RUN_GRADLEW","buildId":"a9ee9932-032e-40af-9f0e-18749f8036bf","source":"stdout","level":30,"msg":"> Task :expo-application:prepareLintJarForPublish","time":"2026-02-22T23:27:57.867Z","v":0,"logId":"019c87ae-5fab-7f1f-8572-37ef73cd464e"}
{"name":"worker","pid":1041,"phase":"RUN_GRADLEW","buildId":"a9ee9932-032e-40af-9f0e-18749f8036bf","source":"stdout","level":30,"msg":"> Task :expo-application:prepareReleaseArtProfile","time":"2026-02-22T23:27:57.867Z","v":0,"logId":"019c87ae-5fab-7f1f-8572-37f07dbfb23b"}
{"name":"worker","pid":1041,"phase":"RUN_GRADLEW","buildId":"a9ee9932-032e-40af-9f0e-18749f8036bf","source":"stdout","level":30,"msg":"> Task :expo-application:writeReleaseAarMetadata","time":"2026-02-22T23:27:57.867Z","v":0,"logId":"019c87ae-5fab-7f1f-8572-37f1db50375f"}
{"name":"worker","pid":1041,"phase":"RUN_GRADLEW","buildId":"a9ee9932-032e-40af-9f0e-18749f8036bf","source":"stdout","level":30,"msg":"> Task :expo-constants:mergeReleaseJniLibFolders","time":"2026-02-22T23:27:57.867Z","v":0,"logId":"019c87ae-5fab-7f1f-8572-37f2182a0135"}
{"name":"worker","pid":1041,"phase":"RUN_GRADLEW","buildId":"a9ee9932-032e-40af-9f0e-18749f8036bf","source":"stdout","level":30,"msg":"> Task :expo-constants:mergeReleaseNativeLibs NO-SOURCE","time":"2026-02-22T23:27:57.867Z","v":0,"logId":"019c87ae-5fab-7f1f-8572-37f38571bc3a"}
{"name":"worker","pid":1041,"phase":"RUN_GRADLEW","buildId":"a9ee9932-032e-40af-9f0e-18749f8036bf","source":"stdout","level":30,"msg":"> Task :expo-constants:stripReleaseDebugSymbols NO-SOURCE","time":"2026-02-22T23:27:57.867Z","v":0,"logId":"019c87ae-5fab-7f1f-8572-37f44f683e60"}
{"name":"worker","pid":1041,"phase":"RUN_GRADLEW","buildId":"a9ee9932-032e-40af-9f0e-18749f8036bf","source":"stdout","level":30,"msg":"> Task :expo-constants:copyReleaseJniLibsProjectAndLocalJars","time":"2026-02-22T23:27:57.867Z","v":0,"logId":"019c87ae-5fab-7f1f-8572-37f5cc777721"}
{"name":"worker","pid":1041,"phase":"RUN_GRADLEW","buildId":"a9ee9932-032e-40af-9f0e-18749f8036bf","source":"stdout","level":30,"msg":"> Task :expo-constants:extractDeepLinksForAarRelease","time":"2026-02-22T23:27:57.867Z","v":0,"logId":"019c87ae-5fab-7f1f-8572-37f6494a64c3"}
{"name":"worker","pid":1041,"phase":"RUN_GRADLEW","buildId":"a9ee9932-032e-40af-9f0e-18749f8036bf","source":"stdout","level":30,"msg":"> Task :expo-constants:mergeReleaseShaders","time":"2026-02-22T23:27:57.966Z","v":0,"logId":"019c87ae-600e-77ac-bcc9-6d89a864f7ab"}
{"name":"worker","pid":1041,"phase":"RUN_GRADLEW","buildId":"a9ee9932-032e-40af-9f0e-18749f8036bf","source":"stdout","level":30,"msg":"> Task :expo-crypto:mergeReleaseJniLibFolders","time":"2026-02-22T23:27:57.966Z","v":0,"logId":"019c87ae-600e-77ac-bcc9-6d8a1b57ea65"}
{"name":"worker","pid":1041,"phase":"RUN_GRADLEW","buildId":"a9ee9932-032e-40af-9f0e-18749f8036bf","source":"stdout","level":30,"msg":"> Task :expo-crypto:mergeReleaseNativeLibs NO-SOURCE","time":"2026-02-22T23:27:57.966Z","v":0,"logId":"019c87ae-600e-77ac-bcc9-6d8b110121ed"}
{"name":"worker","pid":1041,"phase":"RUN_GRADLEW","buildId":"a9ee9932-032e-40af-9f0e-18749f8036bf","source":"stdout","level":30,"msg":"> Task :expo-constants:compileReleaseShaders NO-SOURCE","time":"2026-02-22T23:27:57.966Z","v":0,"logId":"019c87ae-600e-77ac-bcc9-6d8c384e5312"}
{"name":"worker","pid":1041,"phase":"RUN_GRADLEW","buildId":"a9ee9932-032e-40af-9f0e-18749f8036bf","source":"stdout","level":30,"msg":"> Task :expo-constants:generateReleaseAssets UP-TO-DATE","time":"2026-02-22T23:27:57.966Z","v":0,"logId":"019c87ae-600e-77ac-bcc9-6d8d9b27f31e"}
{"name":"worker","pid":1041,"phase":"RUN_GRADLEW","buildId":"a9ee9932-032e-40af-9f0e-18749f8036bf","source":"stdout","level":30,"msg":"> Task :expo-crypto:stripReleaseDebugSymbols NO-SOURCE","time":"2026-02-22T23:27:57.966Z","v":0,"logId":"019c87ae-600e-77ac-bcc9-6d8efa0006fa"}
{"name":"worker","pid":1041,"phase":"RUN_GRADLEW","buildId":"a9ee9932-032e-40af-9f0e-18749f8036bf","source":"stdout","level":30,"msg":"> Task :expo-constants:packageReleaseAssets","time":"2026-02-22T23:27:57.966Z","v":0,"logId":"019c87ae-600e-77ac-bcc9-6d8fa3640782"}
{"name":"worker","pid":1041,"phase":"RUN_GRADLEW","buildId":"a9ee9932-032e-40af-9f0e-18749f8036bf","source":"stdout","level":30,"msg":"> Task :expo-constants:prepareLintJarForPublish","time":"2026-02-22T23:27:57.967Z","v":0,"logId":"019c87ae-600f-793b-bc61-60510e5bd752"}
{"name":"worker","pid":1041,"phase":"RUN_GRADLEW","buildId":"a9ee9932-032e-40af-9f0e-18749f8036bf","source":"stdout","level":30,"msg":"> Task :expo-constants:prepareReleaseArtProfile","time":"2026-02-22T23:27:57.967Z","v":0,"logId":"019c87ae-600f-793b-bc61-6052945c5708"}
{"name":"worker","pid":1041,"phase":"RUN_GRADLEW","buildId":"a9ee9932-032e-40af-9f0e-18749f8036bf","source":"stdout","level":30,"msg":"> Task :expo-constants:writeReleaseAarMetadata","time":"2026-02-22T23:27:57.967Z","v":0,"logId":"019c87ae-600f-793b-bc61-60536335511b"}
{"name":"worker","pid":1041,"phase":"RUN_GRADLEW","buildId":"a9ee9932-032e-40af-9f0e-18749f8036bf","source":"stdout","level":30,"msg":"> Task :expo-crypto:copyReleaseJniLibsProjectAndLocalJars","time":"2026-02-22T23:27:57.967Z","v":0,"logId":"019c87ae-600f-793b-bc61-605454edbf77"}
{"name":"worker","pid":1041,"phase":"RUN_GRADLEW","buildId":"a9ee9932-032e-40af-9f0e-18749f8036bf","source":"stdout","level":30,"msg":"> Task :expo-file-system:mergeReleaseJniLibFolders","time":"2026-02-22T23:27:57.967Z","v":0,"logId":"019c87ae-600f-793b-bc61-6055fc591141"}
{"name":"worker","pid":1041,"phase":"RUN_GRADLEW","buildId":"a9ee9932-032e-40af-9f0e-18749f8036bf","source":"stdout","level":30,"msg":"> Task :expo-file-system:mergeReleaseNativeLibs NO-SOURCE","time":"2026-02-22T23:27:57.967Z","v":0,"logId":"019c87ae-600f-793b-bc61-6056bacf5855"}
{"name":"worker","pid":1041,"phase":"RUN_GRADLEW","buildId":"a9ee9932-032e-40af-9f0e-18749f8036bf","source":"stdout","level":30,"msg":"> Task :expo-file-system:stripReleaseDebugSymbols NO-SOURCE","time":"2026-02-22T23:27:57.967Z","v":0,"logId":"019c87ae-600f-793b-bc61-6057459c0ffb"}
{"name":"worker","pid":1041,"phase":"RUN_GRADLEW","buildId":"a9ee9932-032e-40af-9f0e-18749f8036bf","source":"stdout","level":30,"msg":"> Task :expo-file-system:copyReleaseJniLibsProjectAndLocalJars","time":"2026-02-22T23:27:57.967Z","v":0,"logId":"019c87ae-600f-793b-bc61-6058ff66fe4c"}
{"name":"worker","pid":1041,"phase":"RUN_GRADLEW","buildId":"a9ee9932-032e-40af-9f0e-18749f8036bf","source":"stdout","level":30,"msg":"> Task :expo-crypto:extractDeepLinksForAarRelease","time":"2026-02-22T23:27:57.967Z","v":0,"logId":"019c87ae-600f-793b-bc61-605900d57878"}
{"name":"worker","pid":1041,"phase":"RUN_GRADLEW","buildId":"a9ee9932-032e-40af-9f0e-18749f8036bf","source":"stdout","level":30,"msg":"> Task :expo-file-system:extractDeepLinksForAarRelease","time":"2026-02-22T23:27:57.967Z","v":0,"logId":"019c87ae-600f-793b-bc61-605af56c25dc"}
{"name":"worker","pid":1041,"phase":"RUN_GRADLEW","buildId":"a9ee9932-032e-40af-9f0e-18749f8036bf","source":"stdout","level":30,"msg":"> Task :expo-crypto:mergeReleaseShaders","time":"2026-02-22T23:27:58.072Z","v":0,"logId":"019c87ae-6078-71e5-8c42-3286a5eee276"}
{"name":"worker","pid":1041,"phase":"RUN_GRADLEW","buildId":"a9ee9932-032e-40af-9f0e-18749f8036bf","source":"stdout","level":30,"msg":"> Task :expo-crypto:compileReleaseShaders NO-SOURCE","time":"2026-02-22T23:27:58.072Z","v":0,"logId":"019c87ae-6078-71e5-8c42-32872f523b8e"}
{"name":"worker","pid":1041,"phase":"RUN_GRADLEW","buildId":"a9ee9932-032e-40af-9f0e-18749f8036bf","source":"stdout","level":30,"msg":"> Task :expo-crypto:generateReleaseAssets UP-TO-DATE","time":"2026-02-22T23:27:58.072Z","v":0,"logId":"019c87ae-6078-71e5-8c42-3288400b890a"}
{"name":"worker","pid":1041,"phase":"RUN_GRADLEW","buildId":"a9ee9932-032e-40af-9f0e-18749f8036bf","source":"stdout","level":30,"msg":"> Task :expo-font:mergeReleaseJniLibFolders","time":"2026-02-22T23:27:58.072Z","v":0,"logId":"019c87ae-6078-71e5-8c42-328943aaf255"}
{"name":"worker","pid":1041,"phase":"RUN_GRADLEW","buildId":"a9ee9932-032e-40af-9f0e-18749f8036bf","source":"stdout","level":30,"msg":"> Task :expo-file-system:mergeReleaseShaders","time":"2026-02-22T23:27:58.072Z","v":0,"logId":"019c87ae-6078-71e5-8c42-328aae26d870"}
{"name":"worker","pid":1041,"phase":"RUN_GRADLEW","buildId":"a9ee9932-032e-40af-9f0e-18749f8036bf","source":"stdout","level":30,"msg":"> Task :expo-crypto:packageReleaseAssets","time":"2026-02-22T23:27:58.072Z","v":0,"logId":"019c87ae-6078-71e5-8c42-328b89caca91"}
{"name":"worker","pid":1041,"phase":"RUN_GRADLEW","buildId":"a9ee9932-032e-40af-9f0e-18749f8036bf","source":"stdout","level":30,"msg":"> Task :expo-font:mergeReleaseNativeLibs NO-SOURCE","time":"2026-02-22T23:27:58.072Z","v":0,"logId":"019c87ae-6078-71e5-8c42-328c2f290893"}
{"name":"worker","pid":1041,"phase":"RUN_GRADLEW","buildId":"a9ee9932-032e-40af-9f0e-18749f8036bf","source":"stdout","level":30,"msg":"> Task :expo-file-system:compileReleaseShaders NO-SOURCE","time":"2026-02-22T23:27:58.072Z","v":0,"logId":"019c87ae-6078-71e5-8c42-328d9d274cf8"}
{"name":"worker","pid":1041,"phase":"RUN_GRADLEW","buildId":"a9ee9932-032e-40af-9f0e-18749f8036bf","source":"stdout","level":30,"msg":"> Task :expo-file-system:generateReleaseAssets UP-TO-DATE","time":"2026-02-22T23:27:58.072Z","v":0,"logId":"019c87ae-6078-71e5-8c42-328e34cb9521"}
{"name":"worker","pid":1041,"phase":"RUN_GRADLEW","buildId":"a9ee9932-032e-40af-9f0e-18749f8036bf","source":"stdout","level":30,"msg":"> Task :expo-crypto:prepareLintJarForPublish","time":"2026-02-22T23:27:58.072Z","v":0,"logId":"019c87ae-6078-71e5-8c42-328ffc304f7c"}
{"name":"worker","pid":1041,"phase":"RUN_GRADLEW","buildId":"a9ee9932-032e-40af-9f0e-18749f8036bf","source":"stdout","level":30,"msg":"> Task :expo-crypto:prepareReleaseArtProfile","time":"2026-02-22T23:27:58.072Z","v":0,"logId":"019c87ae-6078-71e5-8c42-329032808197"}
{"name":"worker","pid":1041,"phase":"RUN_GRADLEW","buildId":"a9ee9932-032e-40af-9f0e-18749f8036bf","source":"stdout","level":30,"msg":"> Task :expo-font:stripReleaseDebugSymbols NO-SOURCE","time":"2026-02-22T23:27:58.072Z","v":0,"logId":"019c87ae-6078-71e5-8c42-32915a1cc948"}
{"name":"worker","pid":1041,"phase":"RUN_GRADLEW","buildId":"a9ee9932-032e-40af-9f0e-18749f8036bf","source":"stdout","level":30,"msg":"> Task :expo-font:copyReleaseJniLibsProjectAndLocalJars","time":"2026-02-22T23:27:58.072Z","v":0,"logId":"019c87ae-6078-71e5-8c42-3292382013c0"}
{"name":"worker","pid":1041,"phase":"RUN_GRADLEW","buildId":"a9ee9932-032e-40af-9f0e-18749f8036bf","source":"stdout","level":30,"msg":"> Task :expo-font:extractDeepLinksForAarRelease","time":"2026-02-22T23:27:58.072Z","v":0,"logId":"019c87ae-6078-71e5-8c42-3293364e0be6"}
{"name":"worker","pid":1041,"phase":"RUN_GRADLEW","buildId":"a9ee9932-032e-40af-9f0e-18749f8036bf","source":"stdout","level":30,"msg":"> Task :expo-file-system:packageReleaseAssets","time":"2026-02-22T23:27:58.072Z","v":0,"logId":"019c87ae-6079-7750-a978-b9450006a34f"}
{"name":"worker","pid":1041,"phase":"RUN_GRADLEW","buildId":"a9ee9932-032e-40af-9f0e-18749f8036bf","source":"stdout","level":30,"msg":"> Task :expo-file-system:prepareLintJarForPublish","time":"2026-02-22T23:27:58.073Z","v":0,"logId":"019c87ae-6079-7750-a978-b9467e466551"}
{"name":"worker","pid":1041,"phase":"RUN_GRADLEW","buildId":"a9ee9932-032e-40af-9f0e-18749f8036bf","source":"stdout","level":30,"msg":"> Task :expo-file-system:prepareReleaseArtProfile","time":"2026-02-22T23:27:58.073Z","v":0,"logId":"019c87ae-6079-7750-a978-b947e28db121"}
{"name":"worker","pid":1041,"phase":"RUN_GRADLEW","buildId":"a9ee9932-032e-40af-9f0e-18749f8036bf","source":"stdout","level":30,"msg":"> Task :expo-crypto:writeReleaseAarMetadata","time":"2026-02-22T23:27:58.073Z","v":0,"logId":"019c87ae-6079-7750-a978-b948129eb292"}
{"name":"worker","pid":1041,"phase":"RUN_GRADLEW","buildId":"a9ee9932-032e-40af-9f0e-18749f8036bf","source":"stdout","level":30,"msg":"> Task :expo-keep-awake:mergeReleaseJniLibFolders","time":"2026-02-22T23:27:58.073Z","v":0,"logId":"019c87ae-6079-7750-a978-b949d71a9ed8"}
{"name":"worker","pid":1041,"phase":"RUN_GRADLEW","buildId":"a9ee9932-032e-40af-9f0e-18749f8036bf","source":"stdout","level":30,"msg":"> Task :expo-keep-awake:mergeReleaseNativeLibs NO-SOURCE","time":"2026-02-22T23:27:58.073Z","v":0,"logId":"019c87ae-6079-7750-a978-b94a67d7d123"}
{"name":"worker","pid":1041,"phase":"RUN_GRADLEW","buildId":"a9ee9932-032e-40af-9f0e-18749f8036bf","source":"stdout","level":30,"msg":"> Task :expo-font:mergeReleaseShaders","time":"2026-02-22T23:27:58.073Z","v":0,"logId":"019c87ae-6079-7750-a978-b94b7dda6a78"}
{"name":"worker","pid":1041,"phase":"RUN_GRADLEW","buildId":"a9ee9932-032e-40af-9f0e-18749f8036bf","source":"stdout","level":30,"msg":"> Task :expo-keep-awake:stripReleaseDebugSymbols NO-SOURCE","time":"2026-02-22T23:27:58.073Z","v":0,"logId":"019c87ae-6079-7750-a978-b94ce4e6ef45"}
{"name":"worker","pid":1041,"phase":"RUN_GRADLEW","buildId":"a9ee9932-032e-40af-9f0e-18749f8036bf","source":"stdout","level":30,"msg":"> Task :expo-font:compileReleaseShaders NO-SOURCE","time":"2026-02-22T23:27:58.073Z","v":0,"logId":"019c87ae-6079-7750-a978-b94d76edeea6"}
{"name":"worker","pid":1041,"phase":"RUN_GRADLEW","buildId":"a9ee9932-032e-40af-9f0e-18749f8036bf","source":"stdout","level":30,"msg":"> Task :expo-font:generateReleaseAssets UP-TO-DATE","time":"2026-02-22T23:27:58.073Z","v":0,"logId":"019c87ae-6079-7750-a978-b94e95031c73"}
{"name":"worker","pid":1041,"phase":"RUN_GRADLEW","buildId":"a9ee9932-032e-40af-9f0e-18749f8036bf","source":"stdout","level":30,"msg":"> Task :expo-file-system:writeReleaseAarMetadata","time":"2026-02-22T23:27:58.073Z","v":0,"logId":"019c87ae-6079-7750-a978-b94f93bbaf0c"}
{"name":"worker","pid":1041,"phase":"RUN_GRADLEW","buildId":"a9ee9932-032e-40af-9f0e-18749f8036bf","source":"stdout","level":30,"msg":"> Task :expo-keep-awake:copyReleaseJniLibsProjectAndLocalJars","time":"2026-02-22T23:27:58.073Z","v":0,"logId":"019c87ae-6079-7750-a978-b9506dd20f1d"}
{"name":"worker","pid":1041,"phase":"RUN_GRADLEW","buildId":"a9ee9932-032e-40af-9f0e-18749f8036bf","source":"stdout","level":30,"msg":"> Task :expo-keep-awake:extractDeepLinksForAarRelease","time":"2026-02-22T23:27:58.073Z","v":0,"logId":"019c87ae-6079-7750-a978-b9518ca7e7ed"}
{"name":"worker","pid":1041,"phase":"RUN_GRADLEW","buildId":"a9ee9932-032e-40af-9f0e-18749f8036bf","source":"stdout","level":30,"msg":"> Task :expo-linear-gradient:mergeReleaseJniLibFolders","time":"2026-02-22T23:27:58.073Z","v":0,"logId":"019c87ae-6079-7750-a978-b952224cee80"}
{"name":"worker","pid":1041,"phase":"RUN_GRADLEW","buildId":"a9ee9932-032e-40af-9f0e-18749f8036bf","source":"stdout","level":30,"msg":"> Task :expo-font:packageReleaseAssets","time":"2026-02-22T23:27:58.073Z","v":0,"logId":"019c87ae-6079-7750-a978-b9539e14a8a1"}
{"name":"worker","pid":1041,"phase":"RUN_GRADLEW","buildId":"a9ee9932-032e-40af-9f0e-18749f8036bf","source":"stdout","level":30,"msg":"> Task :expo-secure-store:mergeReleaseJniLibFolders","time":"2026-02-22T23:27:58.073Z","v":0,"logId":"019c87ae-6079-7750-a978-b954b4618970"}
{"name":"worker","pid":1041,"phase":"RUN_GRADLEW","buildId":"a9ee9932-032e-40af-9f0e-18749f8036bf","source":"stdout","level":30,"msg":"> Task :expo-linear-gradient:mergeReleaseNativeLibs NO-SOURCE","time":"2026-02-22T23:27:58.073Z","v":0,"logId":"019c87ae-6079-7750-a978-b95559558ced"}
{"name":"worker","pid":1041,"phase":"RUN_GRADLEW","buildId":"a9ee9932-032e-40af-9f0e-18749f8036bf","source":"stdout","level":30,"msg":"> Task :expo-font:prepareLintJarForPublish","time":"2026-02-22T23:27:58.073Z","v":0,"logId":"019c87ae-6079-7750-a978-b956d8766675"}
{"name":"worker","pid":1041,"phase":"RUN_GRADLEW","buildId":"a9ee9932-032e-40af-9f0e-18749f8036bf","source":"stdout","level":30,"msg":"> Task :expo-font:prepareReleaseArtProfile","time":"2026-02-22T23:27:58.073Z","v":0,"logId":"019c87ae-6079-7750-a978-b957bc27de40"}
{"name":"worker","pid":1041,"phase":"RUN_GRADLEW","buildId":"a9ee9932-032e-40af-9f0e-18749f8036bf","source":"stdout","level":30,"msg":"> Task :expo-secure-store:mergeReleaseNativeLibs NO-SOURCE","time":"2026-02-22T23:27:58.073Z","v":0,"logId":"019c87ae-6079-7750-a978-b958ee316792"}
{"name":"worker","pid":1041,"phase":"RUN_GRADLEW","buildId":"a9ee9932-032e-40af-9f0e-18749f8036bf","source":"stdout","level":30,"msg":"> Task :expo-keep-awake:mergeReleaseShaders","time":"2026-02-22T23:27:58.073Z","v":0,"logId":"019c87ae-6079-7750-a978-b95962615d71"}
{"name":"worker","pid":1041,"phase":"RUN_GRADLEW","buildId":"a9ee9932-032e-40af-9f0e-18749f8036bf","source":"stdout","level":30,"msg":"> Task :expo-secure-store:stripReleaseDebugSymbols NO-SOURCE","time":"2026-02-22T23:27:58.073Z","v":0,"logId":"019c87ae-6079-7750-a978-b95af286a57d"}
{"name":"worker","pid":1041,"phase":"RUN_GRADLEW","buildId":"a9ee9932-032e-40af-9f0e-18749f8036bf","source":"stdout","level":30,"msg":"> Task :expo-keep-awake:compileReleaseShaders NO-SOURCE","time":"2026-02-22T23:27:58.073Z","v":0,"logId":"019c87ae-6079-7750-a978-b95be60f6063"}
{"name":"worker","pid":1041,"phase":"RUN_GRADLEW","buildId":"a9ee9932-032e-40af-9f0e-18749f8036bf","source":"stdout","level":30,"msg":"> Task :expo-keep-awake:generateReleaseAssets UP-TO-DATE","time":"2026-02-22T23:27:58.073Z","v":0,"logId":"019c87ae-6079-7750-a978-b95cf2872b4a"}
{"name":"worker","pid":1041,"phase":"RUN_GRADLEW","buildId":"a9ee9932-032e-40af-9f0e-18749f8036bf","source":"stdout","level":30,"msg":"> Task :expo-font:writeReleaseAarMetadata","time":"2026-02-22T23:27:58.073Z","v":0,"logId":"019c87ae-6079-7750-a978-b95d148d1707"}
{"name":"worker","pid":1041,"phase":"RUN_GRADLEW","buildId":"a9ee9932-032e-40af-9f0e-18749f8036bf","source":"stdout","level":30,"msg":"> Task :expo-secure-store:copyReleaseJniLibsProjectAndLocalJars","time":"2026-02-22T23:27:58.073Z","v":0,"logId":"019c87ae-6079-7750-a978-b95e67bb94ce"}
{"name":"worker","pid":1041,"phase":"RUN_GRADLEW","buildId":"a9ee9932-032e-40af-9f0e-18749f8036bf","source":"stdout","level":30,"msg":"> Task :expo-linear-gradient:stripReleaseDebugSymbols NO-SOURCE","time":"2026-02-22T23:27:58.073Z","v":0,"logId":"019c87ae-6079-7750-a978-b95f25e30b18"}
{"name":"worker","pid":1041,"phase":"RUN_GRADLEW","buildId":"a9ee9932-032e-40af-9f0e-18749f8036bf","source":"stdout","level":30,"msg":"> Task :expo-secure-store:extractDeepLinksForAarRelease","time":"2026-02-22T23:27:58.073Z","v":0,"logId":"019c87ae-6079-7750-a978-b960d5c59695"}
{"name":"worker","pid":1041,"phase":"RUN_GRADLEW","buildId":"a9ee9932-032e-40af-9f0e-18749f8036bf","source":"stdout","level":30,"msg":"> Task :expo-keep-awake:packageReleaseAssets","time":"2026-02-22T23:27:58.073Z","v":0,"logId":"019c87ae-6079-7750-a978-b961d937f7ab"}
{"name":"worker","pid":1041,"phase":"RUN_GRADLEW","buildId":"a9ee9932-032e-40af-9f0e-18749f8036bf","source":"stdout","level":30,"msg":"> Task :expo-web-browser:mergeReleaseJniLibFolders","time":"2026-02-22T23:27:58.073Z","v":0,"logId":"019c87ae-6079-7750-a978-b9625728152c"}
{"name":"worker","pid":1041,"phase":"RUN_GRADLEW","buildId":"a9ee9932-032e-40af-9f0e-18749f8036bf","source":"stdout","level":30,"msg":"> Task :expo-keep-awake:prepareLintJarForPublish","time":"2026-02-22T23:27:58.073Z","v":0,"logId":"019c87ae-6079-7750-a978-b9638cb254fe"}
{"name":"worker","pid":1041,"phase":"RUN_GRADLEW","buildId":"a9ee9932-032e-40af-9f0e-18749f8036bf","source":"stdout","level":30,"msg":"> Task :expo-linear-gradient:copyReleaseJniLibsProjectAndLocalJars","time":"2026-02-22T23:27:58.073Z","v":0,"logId":"019c87ae-6079-7750-a978-b9640b207b02"}
{"name":"worker","pid":1041,"phase":"RUN_GRADLEW","buildId":"a9ee9932-032e-40af-9f0e-18749f8036bf","source":"stdout","level":30,"msg":"> Task :expo-keep-awake:prepareReleaseArtProfile","time":"2026-02-22T23:27:58.073Z","v":0,"logId":"019c87ae-6079-7750-a978-b965beb9a302"}
{"name":"worker","pid":1041,"phase":"RUN_GRADLEW","buildId":"a9ee9932-032e-40af-9f0e-18749f8036bf","source":"stdout","level":30,"msg":"> Task :expo-web-browser:mergeReleaseNativeLibs NO-SOURCE","time":"2026-02-22T23:27:58.073Z","v":0,"logId":"019c87ae-6079-7750-a978-b9668942265b"}
{"name":"worker","pid":1041,"phase":"RUN_GRADLEW","buildId":"a9ee9932-032e-40af-9f0e-18749f8036bf","source":"stdout","level":30,"msg":"> Task :expo-linear-gradient:extractDeepLinksForAarRelease","time":"2026-02-22T23:27:58.073Z","v":0,"logId":"019c87ae-6079-7750-a978-b9671c9fbd5e"}
{"name":"worker","pid":1041,"phase":"RUN_GRADLEW","buildId":"a9ee9932-032e-40af-9f0e-18749f8036bf","source":"stdout","level":30,"msg":"> Task :expo-web-browser:stripReleaseDebugSymbols NO-SOURCE","time":"2026-02-22T23:27:58.073Z","v":0,"logId":"019c87ae-6079-7750-a978-b96814705832"}
{"name":"worker","pid":1041,"phase":"RUN_GRADLEW","buildId":"a9ee9932-032e-40af-9f0e-18749f8036bf","source":"stdout","level":30,"msg":"> Task :expo-keep-awake:writeReleaseAarMetadata","time":"2026-02-22T23:27:58.073Z","v":0,"logId":"019c87ae-607a-731e-b8d9-c1b6634664e8"}
{"name":"worker","pid":1041,"phase":"RUN_GRADLEW","buildId":"a9ee9932-032e-40af-9f0e-18749f8036bf","source":"stdout","level":30,"msg":"> Task :expo-secure-store:mergeReleaseShaders","time":"2026-02-22T23:27:58.074Z","v":0,"logId":"019c87ae-607a-731e-b8d9-c1b7844c2501"}
{"name":"worker","pid":1041,"phase":"RUN_GRADLEW","buildId":"a9ee9932-032e-40af-9f0e-18749f8036bf","source":"stdout","level":30,"msg":"> Task :expo-secure-store:compileReleaseShaders NO-SOURCE","time":"2026-02-22T23:27:58.074Z","v":0,"logId":"019c87ae-607a-731e-b8d9-c1b86c7f87f9"}
{"name":"worker","pid":1041,"phase":"RUN_GRADLEW","buildId":"a9ee9932-032e-40af-9f0e-18749f8036bf","source":"stdout","level":30,"msg":"> Task :expo-secure-store:generateReleaseAssets UP-TO-DATE","time":"2026-02-22T23:27:58.074Z","v":0,"logId":"019c87ae-607a-731e-b8d9-c1b978bffe55"}
{"name":"worker","pid":1041,"phase":"RUN_GRADLEW","buildId":"a9ee9932-032e-40af-9f0e-18749f8036bf","source":"stdout","level":30,"msg":"> Task :expo-web-browser:copyReleaseJniLibsProjectAndLocalJars","time":"2026-02-22T23:27:58.074Z","v":0,"logId":"019c87ae-607a-731e-b8d9-c1ba065d60d8"}
{"name":"worker","pid":1041,"phase":"RUN_GRADLEW","buildId":"a9ee9932-032e-40af-9f0e-18749f8036bf","source":"stdout","level":30,"msg":"> Task :expo-linear-gradient:mergeReleaseShaders","time":"2026-02-22T23:27:58.074Z","v":0,"logId":"019c87ae-607a-731e-b8d9-c1bbe0d25a6a"}
{"name":"worker","pid":1041,"phase":"RUN_GRADLEW","buildId":"a9ee9932-032e-40af-9f0e-18749f8036bf","source":"stdout","level":30,"msg":"> Task :expo-web-browser:extractDeepLinksForAarRelease","time":"2026-02-22T23:27:58.074Z","v":0,"logId":"019c87ae-607a-731e-b8d9-c1bcaf61113a"}
{"name":"worker","pid":1041,"phase":"RUN_GRADLEW","buildId":"a9ee9932-032e-40af-9f0e-18749f8036bf","source":"stdout","level":30,"msg":"> Task :expo-linear-gradient:compileReleaseShaders NO-SOURCE","time":"2026-02-22T23:27:58.074Z","v":0,"logId":"019c87ae-607a-731e-b8d9-c1bd38be9d47"}
{"name":"worker","pid":1041,"phase":"RUN_GRADLEW","buildId":"a9ee9932-032e-40af-9f0e-18749f8036bf","source":"stdout","level":30,"msg":"> Task :expo-linear-gradient:generateReleaseAssets UP-TO-DATE","time":"2026-02-22T23:27:58.074Z","v":0,"logId":"019c87ae-607a-731e-b8d9-c1bee360ed31"}
{"name":"worker","pid":1041,"phase":"RUN_GRADLEW","buildId":"a9ee9932-032e-40af-9f0e-18749f8036bf","source":"stdout","level":30,"msg":"> Task :expo-web-browser:mergeReleaseShaders","time":"2026-02-22T23:27:58.074Z","v":0,"logId":"019c87ae-607a-731e-b8d9-c1bf508b7cf2"}
{"name":"worker","pid":1041,"phase":"RUN_GRADLEW","buildId":"a9ee9932-032e-40af-9f0e-18749f8036bf","source":"stdout","level":30,"msg":"> Task :expo-web-browser:compileReleaseShaders NO-SOURCE","time":"2026-02-22T23:27:58.074Z","v":0,"logId":"019c87ae-607a-731e-b8d9-c1c0e8bc0383"}
{"name":"worker","pid":1041,"phase":"RUN_GRADLEW","buildId":"a9ee9932-032e-40af-9f0e-18749f8036bf","source":"stdout","level":30,"msg":"> Task :expo-web-browser:generateReleaseAssets UP-TO-DATE","time":"2026-02-22T23:27:58.074Z","v":0,"logId":"019c87ae-607a-731e-b8d9-c1c1b33288e9"}
{"name":"worker","pid":1041,"phase":"RUN_GRADLEW","buildId":"a9ee9932-032e-40af-9f0e-18749f8036bf","source":"stdout","level":30,"msg":"> Task :expo-linear-gradient:packageReleaseAssets","time":"2026-02-22T23:27:58.074Z","v":0,"logId":"019c87ae-607a-731e-b8d9-c1c2774adbae"}
{"name":"worker","pid":1041,"phase":"RUN_GRADLEW","buildId":"a9ee9932-032e-40af-9f0e-18749f8036bf","source":"stdout","level":30,"msg":"> Task :expo-secure-store:packageReleaseAssets","time":"2026-02-22T23:27:58.074Z","v":0,"logId":"019c87ae-607a-731e-b8d9-c1c36935f91d"}
{"name":"worker","pid":1041,"phase":"RUN_GRADLEW","buildId":"a9ee9932-032e-40af-9f0e-18749f8036bf","source":"stdout","level":30,"msg":"> Task :expo-linear-gradient:prepareLintJarForPublish","time":"2026-02-22T23:27:58.074Z","v":0,"logId":"019c87ae-607a-731e-b8d9-c1c455a5c35b"}
{"name":"worker","pid":1041,"phase":"RUN_GRADLEW","buildId":"a9ee9932-032e-40af-9f0e-18749f8036bf","source":"stdout","level":30,"msg":"> Task :expo-secure-store:prepareLintJarForPublish","time":"2026-02-22T23:27:58.074Z","v":0,"logId":"019c87ae-607a-731e-b8d9-c1c525af8abe"}
{"name":"worker","pid":1041,"phase":"RUN_GRADLEW","buildId":"a9ee9932-032e-40af-9f0e-18749f8036bf","source":"stdout","level":30,"msg":"> Task :expo-secure-store:prepareReleaseArtProfile","time":"2026-02-22T23:27:58.074Z","v":0,"logId":"019c87ae-607a-731e-b8d9-c1c6d02ad0b5"}
{"name":"worker","pid":1041,"phase":"RUN_GRADLEW","buildId":"a9ee9932-032e-40af-9f0e-18749f8036bf","source":"stdout","level":30,"msg":"> Task :expo-linear-gradient:prepareReleaseArtProfile","time":"2026-02-22T23:27:58.074Z","v":0,"logId":"019c87ae-607a-731e-b8d9-c1c7fb4314f4"}
{"name":"worker","pid":1041,"phase":"RUN_GRADLEW","buildId":"a9ee9932-032e-40af-9f0e-18749f8036bf","source":"stdout","level":30,"msg":"> Task :expo-web-browser:packageReleaseAssets","time":"2026-02-22T23:27:58.074Z","v":0,"logId":"019c87ae-607a-731e-b8d9-c1c81a4e03e7"}
{"name":"worker","pid":1041,"phase":"RUN_GRADLEW","buildId":"a9ee9932-032e-40af-9f0e-18749f8036bf","source":"stdout","level":30,"msg":"> Task :expo-secure-store:writeReleaseAarMetadata","time":"2026-02-22T23:27:58.074Z","v":0,"logId":"019c87ae-607a-731e-b8d9-c1c9d8e614d2"}
{"name":"worker","pid":1041,"phase":"RUN_GRADLEW","buildId":"a9ee9932-032e-40af-9f0e-18749f8036bf","source":"stdout","level":30,"msg":"> Task :expo-web-browser:prepareLintJarForPublish","time":"2026-02-22T23:27:58.074Z","v":0,"logId":"019c87ae-607a-731e-b8d9-c1ca732b0ad1"}
{"name":"worker","pid":1041,"phase":"RUN_GRADLEW","buildId":"a9ee9932-032e-40af-9f0e-18749f8036bf","source":"stdout","level":30,"msg":"> Task :expo-linear-gradient:writeReleaseAarMetadata","time":"2026-02-22T23:27:58.074Z","v":0,"logId":"019c87ae-607a-731e-b8d9-c1cbdc7d7d09"}
{"name":"worker","pid":1041,"phase":"RUN_GRADLEW","buildId":"a9ee9932-032e-40af-9f0e-18749f8036bf","source":"stdout","level":30,"msg":"> Task :expo-web-browser:prepareReleaseArtProfile","time":"2026-02-22T23:27:58.074Z","v":0,"logId":"019c87ae-607a-731e-b8d9-c1cc109b06a0"}
{"name":"worker","pid":1041,"phase":"RUN_GRADLEW","buildId":"a9ee9932-032e-40af-9f0e-18749f8036bf","source":"stdout","level":30,"msg":"> Task :expo-application:extractDeepLinksRelease","time":"2026-02-22T23:27:58.074Z","v":0,"logId":"019c87ae-607a-731e-b8d9-c1cdc3bc518f"}
{"name":"worker","pid":1041,"phase":"RUN_GRADLEW","buildId":"a9ee9932-032e-40af-9f0e-18749f8036bf","source":"stdout","level":30,"msg":"> Task :expo:extractDeepLinksRelease","time":"2026-02-22T23:27:58.074Z","v":0,"logId":"019c87ae-607a-731e-b8d9-c1cecfa9dd15"}
{"name":"worker","pid":1041,"phase":"RUN_GRADLEW","buildId":"a9ee9932-032e-40af-9f0e-18749f8036bf","source":"stdout","level":30,"msg":"> Task :expo-web-browser:writeReleaseAarMetadata","time":"2026-02-22T23:27:58.074Z","v":0,"logId":"019c87ae-607a-731e-b8d9-c1cf5bd85d6e"}
{"name":"worker","pid":1041,"phase":"RUN_GRADLEW","buildId":"a9ee9932-032e-40af-9f0e-18749f8036bf","source":"stdout","level":30,"msg":"> Task :expo-constants:extractDeepLinksRelease","time":"2026-02-22T23:27:58.166Z","v":0,"logId":"019c87ae-60d6-77ff-a0bc-834e3d96cdd1"}
{"name":"worker","pid":1041,"phase":"RUN_GRADLEW","buildId":"a9ee9932-032e-40af-9f0e-18749f8036bf","source":"stdout","level":30,"msg":"> Task :expo-file-system:extractDeepLinksRelease","time":"2026-02-22T23:27:58.166Z","v":0,"logId":"019c87ae-60d6-77ff-a0bc-834f692c0000"}
{"name":"worker","pid":1041,"phase":"RUN_GRADLEW","buildId":"a9ee9932-032e-40af-9f0e-18749f8036bf","source":"stdout","level":30,"msg":"> Task :expo-font:extractDeepLinksRelease","time":"2026-02-22T23:27:58.166Z","v":0,"logId":"019c87ae-60d6-77ff-a0bc-835003344b14"}
{"name":"worker","pid":1041,"phase":"RUN_GRADLEW","buildId":"a9ee9932-032e-40af-9f0e-18749f8036bf","source":"stdout","level":30,"msg":"> Task :expo-crypto:extractDeepLinksRelease","time":"2026-02-22T23:27:58.166Z","v":0,"logId":"019c87ae-60d6-77ff-a0bc-8351a1835189"}
{"name":"worker","pid":1041,"phase":"RUN_GRADLEW","buildId":"a9ee9932-032e-40af-9f0e-18749f8036bf","source":"stdout","level":30,"msg":"> Task :expo-keep-awake:extractDeepLinksRelease","time":"2026-02-22T23:27:58.166Z","v":0,"logId":"019c87ae-60d6-77ff-a0bc-83523439b04f"}
{"name":"worker","pid":1041,"phase":"RUN_GRADLEW","buildId":"a9ee9932-032e-40af-9f0e-18749f8036bf","source":"stdout","level":30,"msg":"> Task :expo-secure-store:extractDeepLinksRelease","time":"2026-02-22T23:27:58.166Z","v":0,"logId":"019c87ae-60d7-72b4-a142-0b2fe1e1a3a9"}
{"name":"worker","pid":1041,"phase":"RUN_GRADLEW","buildId":"a9ee9932-032e-40af-9f0e-18749f8036bf","source":"stdout","level":30,"msg":"> Task :expo-linear-gradient:extractDeepLinksRelease","time":"2026-02-22T23:27:58.167Z","v":0,"logId":"019c87ae-60d7-72b4-a142-0b309494e2a1"}
{"name":"worker","pid":1041,"phase":"RUN_GRADLEW","buildId":"a9ee9932-032e-40af-9f0e-18749f8036bf","source":"stdout","level":30,"msg":"> Task :expo-web-browser:extractDeepLinksRelease","time":"2026-02-22T23:27:58.167Z","v":0,"logId":"019c87ae-60d7-72b4-a142-0b316c9cd0bc"}
{"name":"worker","pid":1041,"phase":"RUN_GRADLEW","buildId":"a9ee9932-032e-40af-9f0e-18749f8036bf","source":"stdout","level":30,"msg":"> Task :react-native-safe-area-context:extractDeepLinksRelease","time":"2026-02-22T23:27:58.167Z","v":0,"logId":"019c87ae-60d7-72b4-a142-0b321f4dc17c"}
{"name":"worker","pid":1041,"phase":"RUN_GRADLEW","buildId":"a9ee9932-032e-40af-9f0e-18749f8036bf","source":"stdout","level":30,"msg":"> Task :react-native-screens:extractDeepLinksRelease","time":"2026-02-22T23:27:58.167Z","v":0,"logId":"019c87ae-60d7-72b4-a142-0b331debbbe0"}
{"name":"worker","pid":1041,"phase":"RUN_GRADLEW","buildId":"a9ee9932-032e-40af-9f0e-18749f8036bf","source":"stdout","level":30,"msg":"> Task :app:buildKotlinToolingMetadata","time":"2026-02-22T23:27:58.167Z","v":0,"logId":"019c87ae-60d7-72b4-a142-0b344ac8ad11"}
{"name":"worker","pid":1041,"phase":"RUN_GRADLEW","buildId":"a9ee9932-032e-40af-9f0e-18749f8036bf","source":"stdout","level":30,"msg":"> Task :app:generateCodegenSchemaFromJavaScript SKIPPED","time":"2026-02-22T23:27:58.167Z","v":0,"logId":"019c87ae-60d7-72b4-a142-0b35b41b0bf5"}
{"name":"worker","pid":1041,"phase":"RUN_GRADLEW","buildId":"a9ee9932-032e-40af-9f0e-18749f8036bf","source":"stdout","level":30,"msg":"> Task :app:generateCodegenArtifactsFromSchema SKIPPED","time":"2026-02-22T23:27:58.167Z","v":0,"logId":"019c87ae-60d7-72b4-a142-0b363b06fb71"}
{"name":"worker","pid":1041,"phase":"RUN_GRADLEW","buildId":"a9ee9932-032e-40af-9f0e-18749f8036bf","source":"stdout","level":30,"msg":"> Task :app:generatePackageList","time":"2026-02-22T23:27:58.167Z","v":0,"logId":"019c87ae-60d7-72b4-a142-0b3799828a74"}
{"name":"worker","pid":1041,"phase":"RUN_GRADLEW","buildId":"a9ee9932-032e-40af-9f0e-18749f8036bf","source":"stdout","level":30,"msg":"> Task :app:preBuild","time":"2026-02-22T23:27:58.167Z","v":0,"logId":"019c87ae-60d7-72b4-a142-0b3871854689"}
{"name":"worker","pid":1041,"phase":"RUN_GRADLEW","buildId":"a9ee9932-032e-40af-9f0e-18749f8036bf","source":"stdout","level":30,"msg":"> Task :app:preReleaseBuild","time":"2026-02-22T23:27:58.167Z","v":0,"logId":"019c87ae-60d7-72b4-a142-0b39bc218791"}
{"name":"worker","pid":1041,"phase":"RUN_GRADLEW","buildId":"a9ee9932-032e-40af-9f0e-18749f8036bf","source":"stdout","level":30,"msg":"> Task :app:generateReleaseBuildConfig","time":"2026-02-22T23:27:58.266Z","v":0,"logId":"019c87ae-613a-7c8c-8e88-35d46ea6db3b"}
{"name":"worker","pid":1041,"phase":"RUN_GRADLEW","buildId":"a9ee9932-032e-40af-9f0e-18749f8036bf","source":"stdout","level":30,"msg":"> Task :expo-application:compileReleaseLibraryResources","time":"2026-02-22T23:27:58.366Z","v":0,"logId":"019c87ae-619f-78d5-ac28-d6447e0a443b"}
{"name":"worker","pid":1041,"phase":"RUN_GRADLEW","buildId":"a9ee9932-032e-40af-9f0e-18749f8036bf","source":"stdout","level":30,"msg":"> Task :expo-constants:compileReleaseLibraryResources","time":"2026-02-22T23:27:58.367Z","v":0,"logId":"019c87ae-619f-78d5-ac28-d645127b0604"}
{"name":"worker","pid":1041,"phase":"RUN_GRADLEW","buildId":"a9ee9932-032e-40af-9f0e-18749f8036bf","source":"stdout","level":30,"msg":"> Task :expo:compileReleaseLibraryResources","time":"2026-02-22T23:27:58.367Z","v":0,"logId":"019c87ae-619f-78d5-ac28-d646d42168a1"}
{"name":"worker","pid":1041,"phase":"RUN_GRADLEW","buildId":"a9ee9932-032e-40af-9f0e-18749f8036bf","source":"stdout","level":30,"msg":"> Task :expo-crypto:compileReleaseLibraryResources","time":"2026-02-22T23:27:58.367Z","v":0,"logId":"019c87ae-619f-78d5-ac28-d647b4466ede"}
{"name":"worker","pid":1041,"phase":"RUN_GRADLEW","buildId":"a9ee9932-032e-40af-9f0e-18749f8036bf","source":"stdout","level":30,"msg":"> Task :expo-font:compileReleaseLibraryResources","time":"2026-02-22T23:27:58.367Z","v":0,"logId":"019c87ae-619f-78d5-ac28-d648cc8f1765"}
{"name":"worker","pid":1041,"phase":"RUN_GRADLEW","buildId":"a9ee9932-032e-40af-9f0e-18749f8036bf","source":"stdout","level":30,"msg":"> Task :expo-keep-awake:compileReleaseLibraryResources","time":"2026-02-22T23:27:58.467Z","v":0,"logId":"019c87ae-6203-73ce-8614-deb1e839ac69"}
{"name":"worker","pid":1041,"phase":"RUN_GRADLEW","buildId":"a9ee9932-032e-40af-9f0e-18749f8036bf","source":"stdout","level":30,"msg":"> Task :expo-linear-gradient:compileReleaseLibraryResources","time":"2026-02-22T23:27:58.467Z","v":0,"logId":"019c87ae-6203-73ce-8614-deb2498dae2f"}
{"name":"worker","pid":1041,"phase":"RUN_GRADLEW","buildId":"a9ee9932-032e-40af-9f0e-18749f8036bf","source":"stdout","level":30,"msg":"> Task :expo-secure-store:compileReleaseLibraryResources","time":"2026-02-22T23:27:58.467Z","v":0,"logId":"019c87ae-6203-73ce-8614-deb3e245ae6a"}
{"name":"worker","pid":1041,"phase":"RUN_GRADLEW","buildId":"a9ee9932-032e-40af-9f0e-18749f8036bf","source":"stdout","level":30,"msg":"> Task :expo-web-browser:compileReleaseLibraryResources","time":"2026-02-22T23:27:58.467Z","v":0,"logId":"019c87ae-6203-73ce-8614-deb46e347851"}
{"name":"worker","pid":1041,"phase":"RUN_GRADLEW","buildId":"a9ee9932-032e-40af-9f0e-18749f8036bf","source":"stdout","level":30,"msg":"> Task :react-native-safe-area-context:compileReleaseLibraryResources","time":"2026-02-22T23:27:58.467Z","v":0,"logId":"019c87ae-6203-73ce-8614-deb5f0fd630a"}
{"name":"worker","pid":1041,"phase":"RUN_GRADLEW","buildId":"a9ee9932-032e-40af-9f0e-18749f8036bf","source":"stdout","level":30,"msg":"> Task :expo-file-system:compileReleaseLibraryResources","time":"2026-02-22T23:27:58.467Z","v":0,"logId":"019c87ae-6203-73ce-8614-deb62c8fe40e"}
{"name":"worker","pid":1041,"phase":"RUN_GRADLEW","buildId":"a9ee9932-032e-40af-9f0e-18749f8036bf","source":"stdout","level":30,"msg":"> Task :react-native-screens:compileReleaseLibraryResources","time":"2026-02-22T23:27:58.467Z","v":0,"logId":"019c87ae-6203-73ce-8614-deb752560f22"}
{"name":"worker","pid":1041,"phase":"RUN_GRADLEW","buildId":"a9ee9932-032e-40af-9f0e-18749f8036bf","source":"stdout","level":30,"msg":"> Task :expo-application:writeReleaseLintModelMetadata","time":"2026-02-22T23:27:58.467Z","v":0,"logId":"019c87ae-6203-73ce-8614-deb8e06a376f"}
{"name":"worker","pid":1041,"phase":"RUN_GRADLEW","buildId":"a9ee9932-032e-40af-9f0e-18749f8036bf","source":"stdout","level":30,"msg":"> Task :expo:writeReleaseLintModelMetadata","time":"2026-02-22T23:27:58.566Z","v":0,"logId":"019c87ae-6266-7d39-bfe5-4063116ce07b"}
{"name":"worker","pid":1041,"phase":"RUN_GRADLEW","buildId":"a9ee9932-032e-40af-9f0e-18749f8036bf","source":"stdout","level":30,"msg":"> Task :expo-constants:writeReleaseLintModelMetadata","time":"2026-02-22T23:27:58.566Z","v":0,"logId":"019c87ae-6266-7d39-bfe5-4064c989c0fd"}
{"name":"worker","pid":1041,"phase":"RUN_GRADLEW","buildId":"a9ee9932-032e-40af-9f0e-18749f8036bf","source":"stdout","level":30,"msg":"> Task :expo-crypto:writeReleaseLintModelMetadata","time":"2026-02-22T23:27:58.566Z","v":0,"logId":"019c87ae-6266-7d39-bfe5-4065b7c54b74"}
{"name":"worker","pid":1041,"phase":"RUN_GRADLEW","buildId":"a9ee9932-032e-40af-9f0e-18749f8036bf","source":"stdout","level":30,"msg":"> Task :expo-file-system:writeReleaseLintModelMetadata","time":"2026-02-22T23:27:58.566Z","v":0,"logId":"019c87ae-6266-7d39-bfe5-406632b720c0"}
{"name":"worker","pid":1041,"phase":"RUN_GRADLEW","buildId":"a9ee9932-032e-40af-9f0e-18749f8036bf","source":"stdout","level":30,"msg":"> Task :expo-font:writeReleaseLintModelMetadata","time":"2026-02-22T23:27:58.566Z","v":0,"logId":"019c87ae-6266-7d39-bfe5-4067bfc13f34"}
{"name":"worker","pid":1041,"phase":"RUN_GRADLEW","buildId":"a9ee9932-032e-40af-9f0e-18749f8036bf","source":"stdout","level":30,"msg":"> Task :expo-keep-awake:writeReleaseLintModelMetadata","time":"2026-02-22T23:27:58.566Z","v":0,"logId":"019c87ae-6266-7d39-bfe5-40680091dee1"}
{"name":"worker","pid":1041,"phase":"RUN_GRADLEW","buildId":"a9ee9932-032e-40af-9f0e-18749f8036bf","source":"stdout","level":30,"msg":"> Task :expo-secure-store:writeReleaseLintModelMetadata","time":"2026-02-22T23:27:58.566Z","v":0,"logId":"019c87ae-6266-7d39-bfe5-40698289ea48"}
{"name":"worker","pid":1041,"phase":"RUN_GRADLEW","buildId":"a9ee9932-032e-40af-9f0e-18749f8036bf","source":"stdout","level":30,"msg":"> Task :expo-linear-gradient:writeReleaseLintModelMetadata","time":"2026-02-22T23:27:58.567Z","v":0,"logId":"019c87ae-6267-773a-bae0-ebded124e373"}
{"name":"worker","pid":1041,"phase":"RUN_GRADLEW","buildId":"a9ee9932-032e-40af-9f0e-18749f8036bf","source":"stdout","level":30,"msg":"> Task :expo-web-browser:writeReleaseLintModelMetadata","time":"2026-02-22T23:27:58.567Z","v":0,"logId":"019c87ae-6267-773a-bae0-ebdf731f8a91"}
{"name":"worker","pid":1041,"phase":"RUN_GRADLEW","buildId":"a9ee9932-032e-40af-9f0e-18749f8036bf","source":"stdout","level":30,"msg":"> Task :react-native-screens:writeReleaseLintModelMetadata","time":"2026-02-22T23:27:58.567Z","v":0,"logId":"019c87ae-6267-773a-bae0-ebe044bf34db"}
{"name":"worker","pid":1041,"phase":"RUN_GRADLEW","buildId":"a9ee9932-032e-40af-9f0e-18749f8036bf","source":"stdout","level":30,"msg":"> Task :react-native-safe-area-context:writeReleaseLintModelMetadata","time":"2026-02-22T23:27:58.567Z","v":0,"logId":"019c87ae-6267-773a-bae0-ebe14b65cbb6"}
{"name":"worker","pid":1041,"phase":"RUN_GRADLEW","buildId":"a9ee9932-032e-40af-9f0e-18749f8036bf","source":"stdout","level":30,"msg":"> Task :expo:copyReleaseJniLibsProjectOnly","time":"2026-02-22T23:27:58.567Z","v":0,"logId":"019c87ae-6267-773a-bae0-ebe2ac755352"}
{"name":"worker","pid":1041,"phase":"RUN_GRADLEW","buildId":"a9ee9932-032e-40af-9f0e-18749f8036bf","source":"stdout","level":30,"msg":"> Task :expo-application:copyReleaseJniLibsProjectOnly","time":"2026-02-22T23:27:58.567Z","v":0,"logId":"019c87ae-6267-773a-bae0-ebe32df7e663"}
{"name":"worker","pid":1041,"phase":"RUN_GRADLEW","buildId":"a9ee9932-032e-40af-9f0e-18749f8036bf","source":"stdout","level":30,"msg":"> Task :expo-constants:copyReleaseJniLibsProjectOnly","time":"2026-02-22T23:27:58.567Z","v":0,"logId":"019c87ae-6267-773a-bae0-ebe4a27575db"}
{"name":"worker","pid":1041,"phase":"RUN_GRADLEW","buildId":"a9ee9932-032e-40af-9f0e-18749f8036bf","source":"stdout","level":30,"msg":"> Task :expo-file-system:copyReleaseJniLibsProjectOnly","time":"2026-02-22T23:27:58.567Z","v":0,"logId":"019c87ae-6267-773a-bae0-ebe5c8ea80b1"}
{"name":"worker","pid":1041,"phase":"RUN_GRADLEW","buildId":"a9ee9932-032e-40af-9f0e-18749f8036bf","source":"stdout","level":30,"msg":"> Task :expo-crypto:copyReleaseJniLibsProjectOnly","time":"2026-02-22T23:27:58.567Z","v":0,"logId":"019c87ae-6267-773a-bae0-ebe6c4bed48f"}
{"name":"worker","pid":1041,"phase":"RUN_GRADLEW","buildId":"a9ee9932-032e-40af-9f0e-18749f8036bf","source":"stdout","level":30,"msg":"> Task :expo-font:copyReleaseJniLibsProjectOnly","time":"2026-02-22T23:27:58.567Z","v":0,"logId":"019c87ae-6267-773a-bae0-ebe77d6eb4d7"}
{"name":"worker","pid":1041,"phase":"RUN_GRADLEW","buildId":"a9ee9932-032e-40af-9f0e-18749f8036bf","source":"stdout","level":30,"msg":"> Task :expo-keep-awake:copyReleaseJniLibsProjectOnly","time":"2026-02-22T23:27:58.567Z","v":0,"logId":"019c87ae-6267-773a-bae0-ebe813a480d4"}
{"name":"worker","pid":1041,"phase":"RUN_GRADLEW","buildId":"a9ee9932-032e-40af-9f0e-18749f8036bf","source":"stdout","level":30,"msg":"> Task :expo-linear-gradient:copyReleaseJniLibsProjectOnly","time":"2026-02-22T23:27:58.567Z","v":0,"logId":"019c87ae-6267-773a-bae0-ebe904212b8a"}
{"name":"worker","pid":1041,"phase":"RUN_GRADLEW","buildId":"a9ee9932-032e-40af-9f0e-18749f8036bf","source":"stdout","level":30,"msg":"> Task :expo-secure-store:copyReleaseJniLibsProjectOnly","time":"2026-02-22T23:27:58.567Z","v":0,"logId":"019c87ae-6267-773a-bae0-ebea8f2f4673"}
{"name":"worker","pid":1041,"phase":"RUN_GRADLEW","buildId":"a9ee9932-032e-40af-9f0e-18749f8036bf","source":"stdout","level":30,"msg":"> Task :react-native-safe-area-context:copyReleaseJniLibsProjectOnly","time":"2026-02-22T23:27:58.567Z","v":0,"logId":"019c87ae-6267-773a-bae0-ebebe5e8f403"}
{"name":"worker","pid":1041,"phase":"RUN_GRADLEW","buildId":"a9ee9932-032e-40af-9f0e-18749f8036bf","source":"stdout","level":30,"msg":"> Task :react-native-screens:copyReleaseJniLibsProjectOnly","time":"2026-02-22T23:27:58.567Z","v":0,"logId":"019c87ae-6267-773a-bae0-ebec6823ece1"}
{"name":"worker","pid":1041,"phase":"RUN_GRADLEW","buildId":"a9ee9932-032e-40af-9f0e-18749f8036bf","source":"stdout","level":30,"msg":"> Task :expo-web-browser:copyReleaseJniLibsProjectOnly","time":"2026-02-22T23:27:58.567Z","v":0,"logId":"019c87ae-6267-773a-bae0-ebedd6412be5"}
{"name":"worker","pid":1041,"phase":"RUN_GRADLEW","buildId":"a9ee9932-032e-40af-9f0e-18749f8036bf","source":"stdout","level":30,"msg":"> Task :expo-modules-core:configureCMakeRelWithDebInfo[arm64-v8a]","time":"2026-02-22T23:28:00.166Z","v":0,"logId":"019c87ae-68a6-7afd-b321-bdfa1174176d"}
{"name":"worker","pid":1041,"phase":"RUN_GRADLEW","buildId":"a9ee9932-032e-40af-9f0e-18749f8036bf","source":"stdout","level":30,"msg":"Checking the license for package CMake 3.22.1 in /home/expo/Android/Sdk/licenses","time":"2026-02-22T23:28:00.166Z","v":0,"logId":"019c87ae-68a6-7afd-b321-bdfb1c30e061"}
{"name":"worker","pid":1041,"phase":"RUN_GRADLEW","buildId":"a9ee9932-032e-40af-9f0e-18749f8036bf","source":"stdout","level":30,"msg":"License for package CMake 3.22.1 accepted.","time":"2026-02-22T23:28:00.166Z","v":0,"logId":"019c87ae-68a6-7afd-b321-bdfc26ccdf7b"}
{"name":"worker","pid":1041,"phase":"RUN_GRADLEW","buildId":"a9ee9932-032e-40af-9f0e-18749f8036bf","source":"stdout","level":30,"msg":"Preparing \"Install CMake 3.22.1 v.3.22.1\".","time":"2026-02-22T23:28:00.166Z","v":0,"logId":"019c87ae-68a6-7afd-b321-bdfd1092056e"}
{"name":"worker","pid":1041,"phase":"RUN_GRADLEW","buildId":"a9ee9932-032e-40af-9f0e-18749f8036bf","source":"stdout","level":30,"msg":"\"Install CMake 3.22.1 v.3.22.1\" ready.","time":"2026-02-22T23:28:00.166Z","v":0,"logId":"019c87ae-68a6-7afd-b321-bdfeacd8d6b1"}
{"name":"worker","pid":1041,"phase":"RUN_GRADLEW","buildId":"a9ee9932-032e-40af-9f0e-18749f8036bf","source":"stdout","level":30,"msg":"Installing CMake 3.22.1 in /home/expo/Android/Sdk/cmake/3.22.1","time":"2026-02-22T23:28:00.166Z","v":0,"logId":"019c87ae-68a6-7afd-b321-bdffa1236d88"}
{"name":"worker","pid":1041,"phase":"RUN_GRADLEW","buildId":"a9ee9932-032e-40af-9f0e-18749f8036bf","source":"stdout","level":30,"msg":"\"Install CMake 3.22.1 v.3.22.1\" complete.","time":"2026-02-22T23:28:00.166Z","v":0,"logId":"019c87ae-68a6-7afd-b321-be0093859e7f"}
{"name":"worker","pid":1041,"phase":"RUN_GRADLEW","buildId":"a9ee9932-032e-40af-9f0e-18749f8036bf","source":"stdout","level":30,"msg":"\"Install CMake 3.22.1 v.3.22.1\" finished.","time":"2026-02-22T23:28:00.166Z","v":0,"logId":"019c87ae-68a6-7afd-b321-be019e0d068b"}
{"name":"worker","pid":1041,"phase":"RUN_GRADLEW","buildId":"a9ee9932-032e-40af-9f0e-18749f8036bf","source":"stdout","level":30,"msg":"> Task :react-native-svg:extractReleaseAnnotations","time":"2026-02-22T23:28:02.066Z","v":0,"logId":"019c87ae-7012-7793-ba53-199fef4ae6ed"}
{"name":"worker","pid":1041,"phase":"RUN_GRADLEW","buildId":"a9ee9932-032e-40af-9f0e-18749f8036bf","source":"stdout","level":30,"msg":"> Task :react-native-svg:javaPreCompileRelease","time":"2026-02-22T23:28:02.066Z","v":0,"logId":"019c87ae-7012-7793-ba53-19a0c492c91f"}
{"name":"worker","pid":1041,"phase":"RUN_GRADLEW","buildId":"a9ee9932-032e-40af-9f0e-18749f8036bf","source":"stdout","level":30,"msg":"> Task :react-native-svg:mergeReleaseShaders","time":"2026-02-22T23:28:02.066Z","v":0,"logId":"019c87ae-7012-7793-ba53-19a1702a8f31"}
{"name":"worker","pid":1041,"phase":"RUN_GRADLEW","buildId":"a9ee9932-032e-40af-9f0e-18749f8036bf","source":"stdout","level":30,"msg":"> Task :react-native-safe-area-context:compileReleaseKotlin","time":"2026-02-22T23:28:02.866Z","v":0,"logId":"019c87ae-7332-7ada-aa8c-5bac8eeaf381"}
{"name":"worker","pid":1041,"phase":"RUN_GRADLEW","buildId":"a9ee9932-032e-40af-9f0e-18749f8036bf","source":"stdout","level":30,"msg":"w: file:///home/expo/workingdir/build/mobile/node_modules/react-native-safe-area-context/android/src/main/java/com/th3rdwave/safeareacontext/SafeAreaContextModule.kt:7:46 'ReactModule' is deprecated. Deprecated in Java","time":"2026-02-22T23:28:02.866Z","v":0,"logId":"019c87ae-7332-7ada-aa8c-5bad7e72ead8"}
{"name":"worker","pid":1041,"phase":"RUN_GRADLEW","buildId":"a9ee9932-032e-40af-9f0e-18749f8036bf","source":"stdout","level":30,"msg":"w: file:///home/expo/workingdir/build/mobile/node_modules/react-native-safe-area-context/android/src/main/java/com/th3rdwave/safeareacontext/SafeAreaContextModule.kt:9:2 'ReactModule' is deprecated. Deprecated in Java","time":"2026-02-22T23:28:02.866Z","v":0,"logId":"019c87ae-7332-7ada-aa8c-5bae6daf980a"}
{"name":"worker","pid":1041,"phase":"RUN_GRADLEW","buildId":"a9ee9932-032e-40af-9f0e-18749f8036bf","source":"stdout","level":30,"msg":"w: file:///home/expo/workingdir/build/mobile/node_modules/react-native-safe-area-context/android/src/main/java/com/th3rdwave/safeareacontext/SafeAreaContextPackage.kt:6:46 'ReactModule' is deprecated. Deprecated in Java","time":"2026-02-22T23:28:02.866Z","v":0,"logId":"019c87ae-7332-7ada-aa8c-5baf5a660977"}
{"name":"worker","pid":1041,"phase":"RUN_GRADLEW","buildId":"a9ee9932-032e-40af-9f0e-18749f8036bf","source":"stdout","level":30,"msg":"w: file:///home/expo/workingdir/build/mobile/node_modules/react-native-safe-area-context/android/src/main/java/com/th3rdwave/safeareacontext/SafeAreaContextPackage.kt:26:51 'ReactModule' is deprecated. Deprecated in Java","time":"2026-02-22T23:28:02.866Z","v":0,"logId":"019c87ae-7332-7ada-aa8c-5bb0dcd09e7b"}
{"name":"worker","pid":1041,"phase":"RUN_GRADLEW","buildId":"a9ee9932-032e-40af-9f0e-18749f8036bf","source":"stdout","level":30,"msg":"w: file:///home/expo/workingdir/build/mobile/node_modules/react-native-safe-area-context/android/src/main/java/com/th3rdwave/safeareacontext/SafeAreaContextPackage.kt:28:11 'constructor ReactModuleInfo(String!, String!, Boolean, Boolean, Boolean, Boolean, Boolean)' is deprecated. Deprecated in Java","time":"2026-02-22T23:28:02.866Z","v":0,"logId":"019c87ae-7332-7ada-aa8c-5bb16732bee7"}
{"name":"worker","pid":1041,"phase":"RUN_GRADLEW","buildId":"a9ee9932-032e-40af-9f0e-18749f8036bf","source":"stdout","level":30,"msg":"w: file:///home/expo/workingdir/build/mobile/node_modules/react-native-safe-area-context/android/src/main/java/com/th3rdwave/safeareacontext/SafeAreaContextPackage.kt:34:27 'hasConstants: Boolean' is deprecated. Deprecated in Java","time":"2026-02-22T23:28:02.866Z","v":0,"logId":"019c87ae-7332-7ada-aa8c-5bb2d60ca279"}
{"name":"worker","pid":1041,"phase":"RUN_GRADLEW","buildId":"a9ee9932-032e-40af-9f0e-18749f8036bf","source":"stdout","level":30,"msg":"w: file:///home/expo/workingdir/build/mobile/node_modules/react-native-safe-area-context/android/src/main/java/com/th3rdwave/safeareacontext/SafeAreaProviderManager.kt:4:46 'ReactModule' is deprecated. Deprecated in Java","time":"2026-02-22T23:28:02.866Z","v":0,"logId":"019c87ae-7332-7ada-aa8c-5bb356ce5efb"}
{"name":"worker","pid":1041,"phase":"RUN_GRADLEW","buildId":"a9ee9932-032e-40af-9f0e-18749f8036bf","source":"stdout","level":30,"msg":"w: file:///home/expo/workingdir/build/mobile/node_modules/react-native-safe-area-context/android/src/main/java/com/th3rdwave/safeareacontext/SafeAreaProviderManager.kt:11:2 'ReactModule' is deprecated. Deprecated in Java","time":"2026-02-22T23:28:02.867Z","v":0,"logId":"019c87ae-7333-7299-b647-c8f60dc5425f"}
{"name":"worker","pid":1041,"phase":"RUN_GRADLEW","buildId":"a9ee9932-032e-40af-9f0e-18749f8036bf","source":"stdout","level":30,"msg":"w: file:///home/expo/workingdir/build/mobile/node_modules/react-native-safe-area-context/android/src/main/java/com/th3rdwave/safeareacontext/SafeAreaView.kt:59:23 'getter for uiImplementation: UIImplementation!' is deprecated. Deprecated in Java","time":"2026-02-22T23:28:02.867Z","v":0,"logId":"019c87ae-7333-7299-b647-c8f792cb5444"}
{"name":"worker","pid":1041,"phase":"RUN_GRADLEW","buildId":"a9ee9932-032e-40af-9f0e-18749f8036bf","source":"stdout","level":30,"msg":"w: file:///home/expo/workingdir/build/mobile/node_modules/react-native-safe-area-context/android/src/main/java/com/th3rdwave/safeareacontext/SafeAreaViewManager.kt:4:46 'ReactModule' is deprecated. Deprecated in Java","time":"2026-02-22T23:28:02.867Z","v":0,"logId":"019c87ae-7333-7299-b647-c8f8570881ce"}
{"name":"worker","pid":1041,"phase":"RUN_GRADLEW","buildId":"a9ee9932-032e-40af-9f0e-18749f8036bf","source":"stdout","level":30,"msg":"w: file:///home/expo/workingdir/build/mobile/node_modules/react-native-safe-area-context/android/src/main/java/com/th3rdwave/safeareacontext/SafeAreaViewManager.kt:14:2 'ReactModule' is deprecated. Deprecated in Java","time":"2026-02-22T23:28:02.867Z","v":0,"logId":"019c87ae-7333-7299-b647-c8f97408bd61"}
{"name":"worker","pid":1041,"phase":"RUN_GRADLEW","buildId":"a9ee9932-032e-40af-9f0e-18749f8036bf","source":"stdout","level":30,"msg":"> Task :react-native-safe-area-context:extractReleaseAnnotations","time":"2026-02-22T23:28:02.867Z","v":0,"logId":"019c87ae-7333-7299-b647-c8fae287c441"}
{"name":"worker","pid":1041,"phase":"RUN_GRADLEW","buildId":"a9ee9932-032e-40af-9f0e-18749f8036bf","source":"stdout","level":30,"msg":"> Task :react-native-safe-area-context:compileReleaseJavaWithJavac","time":"2026-02-22T23:28:06.666Z","v":0,"logId":"019c87ae-820a-74a4-afaf-3aef0984d2cd"}
{"name":"worker","pid":1041,"phase":"RUN_GRADLEW","buildId":"a9ee9932-032e-40af-9f0e-18749f8036bf","source":"stderr","level":30,"msg":"Note: /home/expo/workingdir/build/mobile/node_modules/react-native-safe-area-context/android/src/paper/java/com/th3rdwave/safeareacontext/NativeSafeAreaContextSpec.java uses or overrides a deprecated API.","time":"2026-02-22T23:28:06.666Z","v":0,"logId":"019c87ae-820a-74a4-afaf-3af0602c354b"}
{"name":"worker","pid":1041,"phase":"RUN_GRADLEW","buildId":"a9ee9932-032e-40af-9f0e-18749f8036bf","source":"stderr","level":30,"msg":"Note: Recompile with -Xlint:deprecation for details.","time":"2026-02-22T23:28:06.666Z","v":0,"logId":"019c87ae-820a-74a4-afaf-3af1c67cfc79"}
{"name":"worker","pid":1041,"phase":"RUN_GRADLEW","buildId":"a9ee9932-032e-40af-9f0e-18749f8036bf","source":"stdout","level":30,"msg":"> Task :react-native-svg:compileReleaseJavaWithJavac","time":"2026-02-22T23:28:10.166Z","v":0,"logId":"019c87ae-8fb6-72bb-9580-13e30271fbcc"}
{"name":"worker","pid":1041,"phase":"RUN_GRADLEW","buildId":"a9ee9932-032e-40af-9f0e-18749f8036bf","source":"stderr","level":30,"msg":"/home/expo/workingdir/build/mobile/node_modules/react-native-svg/android/src/main/java/com/horcrux/svg/RNSVGRenderableManager.java:11: warning: [removal] StandardCharsets in com.facebook.react.common has been deprecated and marked for removal","time":"2026-02-22T23:28:10.166Z","v":0,"logId":"019c87ae-8fb6-72bb-9580-13e402db301f"}
{"name":"worker","pid":1041,"phase":"RUN_GRADLEW","buildId":"a9ee9932-032e-40af-9f0e-18749f8036bf","source":"stderr","level":30,"msg":"import static com.facebook.react.common.StandardCharsets.UTF_8;","time":"2026-02-22T23:28:10.166Z","v":0,"logId":"019c87ae-8fb6-72bb-9580-13e526038aff"}
{"name":"worker","pid":1041,"phase":"RUN_GRADLEW","buildId":"a9ee9932-032e-40af-9f0e-18749f8036bf","source":"stderr","level":30,"msg":"                                       ^","time":"2026-02-22T23:28:10.166Z","v":0,"logId":"019c87ae-8fb6-72bb-9580-13e63040fc10"}
{"name":"worker","pid":1041,"phase":"RUN_GRADLEW","buildId":"a9ee9932-032e-40af-9f0e-18749f8036bf","source":"stdout","level":30,"msg":"> Task :react-native-safe-area-context:mergeReleaseGeneratedProguardFiles","time":"2026-02-22T23:28:10.266Z","v":0,"logId":"019c87ae-901a-7c9c-ae6e-2b52eb09fc1a"}
{"name":"worker","pid":1041,"phase":"RUN_GRADLEW","buildId":"a9ee9932-032e-40af-9f0e-18749f8036bf","source":"stdout","level":30,"msg":"> Task :react-native-safe-area-context:mergeReleaseConsumerProguardFiles","time":"2026-02-22T23:28:10.266Z","v":0,"logId":"019c87ae-901a-7c9c-ae6e-2b5311d5901c"}
{"name":"worker","pid":1041,"phase":"RUN_GRADLEW","buildId":"a9ee9932-032e-40af-9f0e-18749f8036bf","source":"stdout","level":30,"msg":"> Task :react-native-safe-area-context:processReleaseJavaRes","time":"2026-02-22T23:28:10.266Z","v":0,"logId":"019c87ae-901a-7c9c-ae6e-2b549bff08fd"}
{"name":"worker","pid":1041,"phase":"RUN_GRADLEW","buildId":"a9ee9932-032e-40af-9f0e-18749f8036bf","source":"stdout","level":30,"msg":"> Task :react-native-safe-area-context:bundleLibRuntimeToJarRelease","time":"2026-02-22T23:28:10.366Z","v":0,"logId":"019c87ae-907e-74df-9fd7-81ae1a288b24"}
{"name":"worker","pid":1041,"phase":"RUN_GRADLEW","buildId":"a9ee9932-032e-40af-9f0e-18749f8036bf","source":"stdout","level":30,"msg":"> Task :react-native-safe-area-context:createFullJarRelease","time":"2026-02-22T23:28:10.366Z","v":0,"logId":"019c87ae-907e-74df-9fd7-81af867b74d3"}
{"name":"worker","pid":1041,"phase":"RUN_GRADLEW","buildId":"a9ee9932-032e-40af-9f0e-18749f8036bf","source":"stdout","level":30,"msg":"> Task :react-native-safe-area-context:bundleLibCompileToJarRelease","time":"2026-02-22T23:28:10.366Z","v":0,"logId":"019c87ae-907e-74df-9fd7-81b0109e7dca"}
{"name":"worker","pid":1041,"phase":"RUN_GRADLEW","buildId":"a9ee9932-032e-40af-9f0e-18749f8036bf","source":"stdout","level":30,"msg":"> Task :react-native-safe-area-context:mergeReleaseJavaResource","time":"2026-02-22T23:28:10.466Z","v":0,"logId":"019c87ae-90e2-712d-afbb-f91319831f8b"}
{"name":"worker","pid":1041,"phase":"RUN_GRADLEW","buildId":"a9ee9932-032e-40af-9f0e-18749f8036bf","source":"stdout","level":30,"msg":"> Task :react-native-safe-area-context:syncReleaseLibJars","time":"2026-02-22T23:28:10.466Z","v":0,"logId":"019c87ae-90e2-712d-afbb-f91493602123"}
{"name":"worker","pid":1041,"phase":"RUN_GRADLEW","buildId":"a9ee9932-032e-40af-9f0e-18749f8036bf","source":"stdout","level":30,"msg":"> Task :react-native-safe-area-context:bundleReleaseLocalLintAar","time":"2026-02-22T23:28:10.466Z","v":0,"logId":"019c87ae-90e2-712d-afbb-f915a14b2c42"}
{"name":"worker","pid":1041,"phase":"RUN_GRADLEW","buildId":"a9ee9932-032e-40af-9f0e-18749f8036bf","source":"stdout","level":30,"msg":"> Task :react-native-svg:compileReleaseJavaWithJavac","time":"2026-02-22T23:28:12.166Z","v":0,"logId":"019c87ae-9786-7acc-9542-3c72ba2368b5"}
{"name":"worker","pid":1041,"phase":"RUN_GRADLEW","buildId":"a9ee9932-032e-40af-9f0e-18749f8036bf","source":"stderr","level":30,"msg":"Note: Some input files use or override a deprecated API.","time":"2026-02-22T23:28:12.166Z","v":0,"logId":"019c87ae-9786-7acc-9542-3c731fe8f84a"}
{"name":"worker","pid":1041,"phase":"RUN_GRADLEW","buildId":"a9ee9932-032e-40af-9f0e-18749f8036bf","source":"stderr","level":30,"msg":"Note: Recompile with -Xlint:deprecation for details.","time":"2026-02-22T23:28:12.166Z","v":0,"logId":"019c87ae-9786-7acc-9542-3c74f55ef7cb"}
{"name":"worker","pid":1041,"phase":"RUN_GRADLEW","buildId":"a9ee9932-032e-40af-9f0e-18749f8036bf","source":"stderr","level":30,"msg":"Note: Some input files use unchecked or unsafe operations.","time":"2026-02-22T23:28:12.173Z","v":0,"logId":"019c87ae-978d-7d26-81ea-b630f93f22b0"}
{"name":"worker","pid":1041,"phase":"RUN_GRADLEW","buildId":"a9ee9932-032e-40af-9f0e-18749f8036bf","source":"stderr","level":30,"msg":"Note: Recompile with -Xlint:unchecked for details.","time":"2026-02-22T23:28:12.173Z","v":0,"logId":"019c87ae-978d-7d26-81ea-b6311592eebb"}
{"name":"worker","pid":1041,"phase":"RUN_GRADLEW","buildId":"a9ee9932-032e-40af-9f0e-18749f8036bf","source":"stderr","level":30,"msg":"1 warning","time":"2026-02-22T23:28:12.173Z","v":0,"logId":"019c87ae-978d-7d26-81ea-b6326b198c1c"}
{"name":"worker","pid":1041,"phase":"RUN_GRADLEW","buildId":"a9ee9932-032e-40af-9f0e-18749f8036bf","source":"stdout","level":30,"msg":"> Task :react-native-svg:mergeReleaseGeneratedProguardFiles","time":"2026-02-22T23:28:12.174Z","v":0,"logId":"019c87ae-978e-7821-8212-52b716f2a710"}
{"name":"worker","pid":1041,"phase":"RUN_GRADLEW","buildId":"a9ee9932-032e-40af-9f0e-18749f8036bf","source":"stdout","level":30,"msg":"> Task :react-native-svg:mergeReleaseConsumerProguardFiles","time":"2026-02-22T23:28:12.174Z","v":0,"logId":"019c87ae-978e-7821-8212-52b806cb0042"}
{"name":"worker","pid":1041,"phase":"RUN_GRADLEW","buildId":"a9ee9932-032e-40af-9f0e-18749f8036bf","source":"stdout","level":30,"msg":"> Task :react-native-svg:compileReleaseShaders NO-SOURCE","time":"2026-02-22T23:28:12.175Z","v":0,"logId":"019c87ae-978f-7fe2-af52-e00cea894455"}
{"name":"worker","pid":1041,"phase":"RUN_GRADLEW","buildId":"a9ee9932-032e-40af-9f0e-18749f8036bf","source":"stdout","level":30,"msg":"> Task :react-native-svg:generateReleaseAssets UP-TO-DATE","time":"2026-02-22T23:28:12.175Z","v":0,"logId":"019c87ae-978f-7fe2-af52-e00d97b1a369"}
{"name":"worker","pid":1041,"phase":"RUN_GRADLEW","buildId":"a9ee9932-032e-40af-9f0e-18749f8036bf","source":"stdout","level":30,"msg":"> Task :react-native-svg:packageReleaseAssets","time":"2026-02-22T23:28:12.175Z","v":0,"logId":"019c87ae-978f-7fe2-af52-e00e14a2a867"}
{"name":"worker","pid":1041,"phase":"RUN_GRADLEW","buildId":"a9ee9932-032e-40af-9f0e-18749f8036bf","source":"stdout","level":30,"msg":"> Task :react-native-svg:prepareLintJarForPublish","time":"2026-02-22T23:28:12.175Z","v":0,"logId":"019c87ae-978f-7fe2-af52-e00f721d89a6"}
{"name":"worker","pid":1041,"phase":"RUN_GRADLEW","buildId":"a9ee9932-032e-40af-9f0e-18749f8036bf","source":"stdout","level":30,"msg":"> Task :react-native-svg:prepareReleaseArtProfile","time":"2026-02-22T23:28:12.175Z","v":0,"logId":"019c87ae-978f-7fe2-af52-e010819bdbf2"}
{"name":"worker","pid":1041,"phase":"RUN_GRADLEW","buildId":"a9ee9932-032e-40af-9f0e-18749f8036bf","source":"stdout","level":30,"msg":"> Task :react-native-svg:processReleaseJavaRes NO-SOURCE","time":"2026-02-22T23:28:12.175Z","v":0,"logId":"019c87ae-9790-7e5c-b3d9-d53c40320a40"}
{"name":"worker","pid":1041,"phase":"RUN_GRADLEW","buildId":"a9ee9932-032e-40af-9f0e-18749f8036bf","source":"stdout","level":30,"msg":"> Task :react-native-svg:writeReleaseAarMetadata","time":"2026-02-22T23:28:12.176Z","v":0,"logId":"019c87ae-9790-7e5c-b3d9-d53da2d3cc64"}
{"name":"worker","pid":1041,"phase":"RUN_GRADLEW","buildId":"a9ee9932-032e-40af-9f0e-18749f8036bf","source":"stdout","level":30,"msg":"> Task :react-native-svg:mergeReleaseJavaResource","time":"2026-02-22T23:28:12.176Z","v":0,"logId":"019c87ae-9790-7e5c-b3d9-d53e8694d700"}
{"name":"worker","pid":1041,"phase":"RUN_GRADLEW","buildId":"a9ee9932-032e-40af-9f0e-18749f8036bf","source":"stdout","level":30,"msg":"> Task :react-native-svg:extractDeepLinksRelease","time":"2026-02-22T23:28:12.176Z","v":0,"logId":"019c87ae-9790-7e5c-b3d9-d53f0cdaa635"}
{"name":"worker","pid":1041,"phase":"RUN_GRADLEW","buildId":"a9ee9932-032e-40af-9f0e-18749f8036bf","source":"stdout","level":30,"msg":"> Task :react-native-svg:syncReleaseLibJars","time":"2026-02-22T23:28:12.366Z","v":0,"logId":"019c87ae-984e-7d42-b306-671e0f239a22"}
{"name":"worker","pid":1041,"phase":"RUN_GRADLEW","buildId":"a9ee9932-032e-40af-9f0e-18749f8036bf","source":"stdout","level":30,"msg":"> Task :react-native-svg:bundleReleaseLocalLintAar","time":"2026-02-22T23:28:12.366Z","v":0,"logId":"019c87ae-984e-7d42-b306-671f3d41ecc0"}
{"name":"worker","pid":1041,"phase":"RUN_GRADLEW","buildId":"a9ee9932-032e-40af-9f0e-18749f8036bf","source":"stdout","level":30,"msg":"> Task :react-native-svg:compileReleaseLibraryResources","time":"2026-02-22T23:28:12.366Z","v":0,"logId":"019c87ae-984e-7d42-b306-6720bf1597f0"}
{"name":"worker","pid":1041,"phase":"RUN_GRADLEW","buildId":"a9ee9932-032e-40af-9f0e-18749f8036bf","source":"stdout","level":30,"msg":"> Task :react-native-svg:bundleLibCompileToJarRelease","time":"2026-02-22T23:28:12.366Z","v":0,"logId":"019c87ae-984e-7d42-b306-6721ad01c307"}
{"name":"worker","pid":1041,"phase":"RUN_GRADLEW","buildId":"a9ee9932-032e-40af-9f0e-18749f8036bf","source":"stdout","level":30,"msg":"> Task :react-native-svg:bundleLibRuntimeToJarRelease","time":"2026-02-22T23:28:12.466Z","v":0,"logId":"019c87ae-98b2-77fb-b7d3-2d5b2e5c2e30"}
{"name":"worker","pid":1041,"phase":"RUN_GRADLEW","buildId":"a9ee9932-032e-40af-9f0e-18749f8036bf","source":"stdout","level":30,"msg":"> Task :react-native-svg:writeReleaseLintModelMetadata","time":"2026-02-22T23:28:12.466Z","v":0,"logId":"019c87ae-98b2-77fb-b7d3-2d5c45a2adeb"}
{"name":"worker","pid":1041,"phase":"RUN_GRADLEW","buildId":"a9ee9932-032e-40af-9f0e-18749f8036bf","source":"stdout","level":30,"msg":"> Task :react-native-svg:createFullJarRelease","time":"2026-02-22T23:28:12.466Z","v":0,"logId":"019c87ae-98b2-77fb-b7d3-2d5d70a0b39f"}
{"name":"worker","pid":1041,"phase":"RUN_GRADLEW","buildId":"a9ee9932-032e-40af-9f0e-18749f8036bf","source":"stdout","level":30,"msg":"> Task :react-native-svg:copyReleaseJniLibsProjectOnly","time":"2026-02-22T23:28:12.466Z","v":0,"logId":"019c87ae-98b2-77fb-b7d3-2d5e765d580b"}
{"name":"worker","pid":1041,"phase":"RUN_GRADLEW","buildId":"a9ee9932-032e-40af-9f0e-18749f8036bf","source":"stdout","level":30,"msg":"> Task :react-native-screens:compileReleaseKotlin","time":"2026-02-22T23:28:15.866Z","v":0,"logId":"019c87ae-a5fb-7a25-99c1-281efaa2e068"}
{"name":"worker","pid":1041,"phase":"RUN_GRADLEW","buildId":"a9ee9932-032e-40af-9f0e-18749f8036bf","source":"stdout","level":30,"msg":"w: file:///home/expo/workingdir/build/mobile/node_modules/react-native-screens/android/src/main/java/com/swmansion/rnscreens/ScreenContainerViewManager.kt:5:46 'ReactModule' is deprecated. Deprecated in Java","time":"2026-02-22T23:28:15.867Z","v":0,"logId":"019c87ae-a5fb-7a25-99c1-281f4c128f85"}
{"name":"worker","pid":1041,"phase":"RUN_GRADLEW","buildId":"a9ee9932-032e-40af-9f0e-18749f8036bf","source":"stdout","level":30,"msg":"w: file:///home/expo/workingdir/build/mobile/node_modules/react-native-screens/android/src/main/java/com/swmansion/rnscreens/ScreenContainerViewManager.kt:10:2 'ReactModule' is deprecated. Deprecated in Java","time":"2026-02-22T23:28:15.867Z","v":0,"logId":"019c87ae-a5fb-7a25-99c1-2820ade648c2"}
{"name":"worker","pid":1041,"phase":"RUN_GRADLEW","buildId":"a9ee9932-032e-40af-9f0e-18749f8036bf","source":"stdout","level":30,"msg":"w: file:///home/expo/workingdir/build/mobile/node_modules/react-native-screens/android/src/main/java/com/swmansion/rnscreens/ScreenStackFragment.kt:65:28 'setter for targetElevation: Float' is deprecated. Deprecated in Java","time":"2026-02-22T23:28:15.867Z","v":0,"logId":"019c87ae-a5fb-7a25-99c1-2821bccfcbb4"}
{"name":"worker","pid":1041,"phase":"RUN_GRADLEW","buildId":"a9ee9932-032e-40af-9f0e-18749f8036bf","source":"stdout","level":30,"msg":"w: file:///home/expo/workingdir/build/mobile/node_modules/react-native-screens/android/src/main/java/com/swmansion/rnscreens/ScreenStackFragment.kt:128:28 'setter for targetElevation: Float' is deprecated. Deprecated in Java","time":"2026-02-22T23:28:15.867Z","v":0,"logId":"019c87ae-a5fb-7a25-99c1-28228e9eecf9"}
{"name":"worker","pid":1041,"phase":"RUN_GRADLEW","buildId":"a9ee9932-032e-40af-9f0e-18749f8036bf","source":"stdout","level":30,"msg":"w: file:///home/expo/workingdir/build/mobile/node_modules/react-native-screens/android/src/main/java/com/swmansion/rnscreens/ScreenStackHeaderConfig.kt:86:34 'getter for systemWindowInsetTop: Int' is deprecated. Deprecated in Java","time":"2026-02-22T23:28:15.867Z","v":0,"logId":"019c87ae-a5fb-7a25-99c1-2823531599b0"}
{"name":"worker","pid":1041,"phase":"RUN_GRADLEW","buildId":"a9ee9932-032e-40af-9f0e-18749f8036bf","source":"stdout","level":30,"msg":"w: file:///home/expo/workingdir/build/mobile/node_modules/react-native-screens/android/src/main/java/com/swmansion/rnscreens/ScreenStackHeaderConfig.kt:229:37 'setColorFilter(Int, PorterDuff.Mode): Unit' is deprecated. Deprecated in Java","time":"2026-02-22T23:28:15.867Z","v":0,"logId":"019c87ae-a5fb-7a25-99c1-2824b63d265a"}
{"name":"worker","pid":1041,"phase":"RUN_GRADLEW","buildId":"a9ee9932-032e-40af-9f0e-18749f8036bf","source":"stdout","level":30,"msg":"w: file:///home/expo/workingdir/build/mobile/node_modules/react-native-screens/android/src/main/java/com/swmansion/rnscreens/ScreenStackHeaderConfigViewManager.kt:7:46 'ReactModule' is deprecated. Deprecated in Java","time":"2026-02-22T23:28:15.867Z","v":0,"logId":"019c87ae-a5fb-7a25-99c1-2825b1076fe1"}
{"name":"worker","pid":1041,"phase":"RUN_GRADLEW","buildId":"a9ee9932-032e-40af-9f0e-18749f8036bf","source":"stdout","level":30,"msg":"w: file:///home/expo/workingdir/build/mobile/node_modules/react-native-screens/android/src/main/java/com/swmansion/rnscreens/ScreenStackHeaderConfigViewManager.kt:18:2 'ReactModule' is deprecated. Deprecated in Java","time":"2026-02-22T23:28:15.867Z","v":0,"logId":"019c87ae-a5fb-7a25-99c1-28269e62823e"}
{"name":"worker","pid":1041,"phase":"RUN_GRADLEW","buildId":"a9ee9932-032e-40af-9f0e-18749f8036bf","source":"stdout","level":30,"msg":"w: file:///home/expo/workingdir/build/mobile/node_modules/react-native-screens/android/src/main/java/com/swmansion/rnscreens/ScreenStackHeaderSubviewManager.kt:4:46 'ReactModule' is deprecated. Deprecated in Java","time":"2026-02-22T23:28:15.867Z","v":0,"logId":"019c87ae-a5fb-7a25-99c1-28274e0deb22"}
{"name":"worker","pid":1041,"phase":"RUN_GRADLEW","buildId":"a9ee9932-032e-40af-9f0e-18749f8036bf","source":"stdout","level":30,"msg":"w: file:///home/expo/workingdir/build/mobile/node_modules/react-native-screens/android/src/main/java/com/swmansion/rnscreens/ScreenStackHeaderSubviewManager.kt:12:2 'ReactModule' is deprecated. Deprecated in Java","time":"2026-02-22T23:28:15.867Z","v":0,"logId":"019c87ae-a5fb-7a25-99c1-282892bb4ecd"}
{"name":"worker","pid":1041,"phase":"RUN_GRADLEW","buildId":"a9ee9932-032e-40af-9f0e-18749f8036bf","source":"stdout","level":30,"msg":"w: file:///home/expo/workingdir/build/mobile/node_modules/react-native-screens/android/src/main/java/com/swmansion/rnscreens/ScreenStackViewManager.kt:6:46 'ReactModule' is deprecated. Deprecated in Java","time":"2026-02-22T23:28:15.867Z","v":0,"logId":"019c87ae-a5fb-7a25-99c1-2829ad431eb8"}
{"name":"worker","pid":1041,"phase":"RUN_GRADLEW","buildId":"a9ee9932-032e-40af-9f0e-18749f8036bf","source":"stdout","level":30,"msg":"w: file:///home/expo/workingdir/build/mobile/node_modules/react-native-screens/android/src/main/java/com/swmansion/rnscreens/ScreenStackViewManager.kt:15:2 'ReactModule' is deprecated. Deprecated in Java","time":"2026-02-22T23:28:15.867Z","v":0,"logId":"019c87ae-a5fb-7a25-99c1-282adf06ff69"}
{"name":"worker","pid":1041,"phase":"RUN_GRADLEW","buildId":"a9ee9932-032e-40af-9f0e-18749f8036bf","source":"stdout","level":30,"msg":"w: file:///home/expo/workingdir/build/mobile/node_modules/react-native-screens/android/src/main/java/com/swmansion/rnscreens/ScreenViewManager.kt:6:46 'ReactModule' is deprecated. Deprecated in Java","time":"2026-02-22T23:28:15.867Z","v":0,"logId":"019c87ae-a5fb-7a25-99c1-282bbc852827"}
{"name":"worker","pid":1041,"phase":"RUN_GRADLEW","buildId":"a9ee9932-032e-40af-9f0e-18749f8036bf","source":"stdout","level":30,"msg":"w: file:///home/expo/workingdir/build/mobile/node_modules/react-native-screens/android/src/main/java/com/swmansion/rnscreens/ScreenViewManager.kt:24:2 'ReactModule' is deprecated. Deprecated in Java","time":"2026-02-22T23:28:15.867Z","v":0,"logId":"019c87ae-a5fb-7a25-99c1-282c66c411d4"}
{"name":"worker","pid":1041,"phase":"RUN_GRADLEW","buildId":"a9ee9932-032e-40af-9f0e-18749f8036bf","source":"stdout","level":30,"msg":"w: file:///home/expo/workingdir/build/mobile/node_modules/react-native-screens/android/src/main/java/com/swmansion/rnscreens/ScreenViewManager.kt:47:42 'setStateWrapper(StateWrapper!): Unit' is deprecated. Deprecated in Java","time":"2026-02-22T23:28:15.867Z","v":0,"logId":"019c87ae-a5fb-7a25-99c1-282d1b1fdc9b"}
{"name":"worker","pid":1041,"phase":"RUN_GRADLEW","buildId":"a9ee9932-032e-40af-9f0e-18749f8036bf","source":"stdout","level":30,"msg":"w: file:///home/expo/workingdir/build/mobile/node_modules/react-native-screens/android/src/main/java/com/swmansion/rnscreens/ScreenWindowTraits.kt:137:47 'replaceSystemWindowInsets(Int, Int, Int, Int): WindowInsetsCompat' is deprecated. Deprecated in Java","time":"2026-02-22T23:28:15.867Z","v":0,"logId":"019c87ae-a5fb-7a25-99c1-282ef7866caa"}
{"name":"worker","pid":1041,"phase":"RUN_GRADLEW","buildId":"a9ee9932-032e-40af-9f0e-18749f8036bf","source":"stdout","level":30,"msg":"w: file:///home/expo/workingdir/build/mobile/node_modules/react-native-screens/android/src/main/java/com/swmansion/rnscreens/ScreenWindowTraits.kt:138:51 'getter for systemWindowInsetLeft: Int' is deprecated. Deprecated in Java","time":"2026-02-22T23:28:15.867Z","v":0,"logId":"019c87ae-a5fb-7a25-99c1-282faed22b4a"}
{"name":"worker","pid":1041,"phase":"RUN_GRADLEW","buildId":"a9ee9932-032e-40af-9f0e-18749f8036bf","source":"stdout","level":30,"msg":"w: file:///home/expo/workingdir/build/mobile/node_modules/react-native-screens/android/src/main/java/com/swmansion/rnscreens/ScreenWindowTraits.kt:140:51 'getter for systemWindowInsetRight: Int' is deprecated. Deprecated in Java","time":"2026-02-22T23:28:15.867Z","v":0,"logId":"019c87ae-a5fb-7a25-99c1-2830559456c7"}
{"name":"worker","pid":1041,"phase":"RUN_GRADLEW","buildId":"a9ee9932-032e-40af-9f0e-18749f8036bf","source":"stdout","level":30,"msg":"w: file:///home/expo/workingdir/build/mobile/node_modules/react-native-screens/android/src/main/java/com/swmansion/rnscreens/ScreenWindowTraits.kt:141:51 'getter for systemWindowInsetBottom: Int' is deprecated. Deprecated in Java","time":"2026-02-22T23:28:15.867Z","v":0,"logId":"019c87ae-a5fb-7a25-99c1-283180beec9b"}
{"name":"worker","pid":1041,"phase":"RUN_GRADLEW","buildId":"a9ee9932-032e-40af-9f0e-18749f8036bf","source":"stdout","level":30,"msg":"w: file:///home/expo/workingdir/build/mobile/node_modules/react-native-screens/android/src/main/java/com/swmansion/rnscreens/SearchBarManager.kt:6:46 'ReactModule' is deprecated. Deprecated in Java","time":"2026-02-22T23:28:15.867Z","v":0,"logId":"019c87ae-a5fb-7a25-99c1-28324246f1b1"}
{"name":"worker","pid":1041,"phase":"RUN_GRADLEW","buildId":"a9ee9932-032e-40af-9f0e-18749f8036bf","source":"stdout","level":30,"msg":"w: file:///home/expo/workingdir/build/mobile/node_modules/react-native-screens/android/src/main/java/com/swmansion/rnscreens/SearchBarManager.kt:17:2 'ReactModule' is deprecated. Deprecated in Java","time":"2026-02-22T23:28:15.867Z","v":0,"logId":"019c87ae-a5fb-7a25-99c1-28336e76daa5"}
{"name":"worker","pid":1041,"phase":"RUN_GRADLEW","buildId":"a9ee9932-032e-40af-9f0e-18749f8036bf","source":"stdout","level":30,"msg":"w: file:///home/expo/workingdir/build/mobile/node_modules/react-native-screens/android/src/main/java/com/swmansion/rnscreens/SearchBarManager.kt:100:22 Parameter 'view' is never used","time":"2026-02-22T23:28:15.867Z","v":0,"logId":"019c87ae-a5fb-7a25-99c1-2834af9d7094"}
{"name":"worker","pid":1041,"phase":"RUN_GRADLEW","buildId":"a9ee9932-032e-40af-9f0e-18749f8036bf","source":"stdout","level":30,"msg":"w: file:///home/expo/workingdir/build/mobile/node_modules/react-native-screens/android/src/main/java/com/swmansion/rnscreens/SearchBarManager.kt:100:43 Parameter 'placeholder' is never used","time":"2026-02-22T23:28:15.867Z","v":0,"logId":"019c87ae-a5fb-7a25-99c1-28356c0011ab"}
{"name":"worker","pid":1041,"phase":"RUN_GRADLEW","buildId":"a9ee9932-032e-40af-9f0e-18749f8036bf","source":"stdout","level":30,"msg":"w: file:///home/expo/workingdir/build/mobile/node_modules/react-native-screens/android/src/main/java/com/swmansion/rnscreens/SearchBarView.kt:147:43 Parameter 'flag' is never used","time":"2026-02-22T23:28:15.867Z","v":0,"logId":"019c87ae-a5fb-7a25-99c1-2836ae6250f9"}
{"name":"worker","pid":1041,"phase":"RUN_GRADLEW","buildId":"a9ee9932-032e-40af-9f0e-18749f8036bf","source":"stdout","level":30,"msg":"w: file:///home/expo/workingdir/build/mobile/node_modules/react-native-screens/android/src/main/java/com/swmansion/rnscreens/events/HeaderHeightChangeEvent.kt:5:44 'RCTEventEmitter' is deprecated. Deprecated in Java","time":"2026-02-22T23:28:15.867Z","v":0,"logId":"019c87ae-a5fb-7a25-99c1-28374e9d287a"}
{"name":"worker","pid":1041,"phase":"RUN_GRADLEW","buildId":"a9ee9932-032e-40af-9f0e-18749f8036bf","source":"stdout","level":30,"msg":"w: file:///home/expo/workingdir/build/mobile/node_modules/react-native-screens/android/src/main/java/com/swmansion/rnscreens/events/HeaderHeightChangeEvent.kt:10:5 'constructor Event<T : Event<(raw) Event<*>>!>(Int)' is deprecated. Deprecated in Java","time":"2026-02-22T23:28:15.867Z","v":0,"logId":"019c87ae-a5fc-7f5f-83bf-9864aaf51b37"}
{"name":"worker","pid":1041,"phase":"RUN_GRADLEW","buildId":"a9ee9932-032e-40af-9f0e-18749f8036bf","source":"stdout","level":30,"msg":"w: file:///home/expo/workingdir/build/mobile/node_modules/react-native-screens/android/src/main/java/com/swmansion/rnscreens/events/HeaderHeightChangeEvent.kt:17:44 'RCTEventEmitter' is deprecated. Deprecated in Java","time":"2026-02-22T23:28:15.868Z","v":0,"logId":"019c87ae-a5fc-7f5f-83bf-986595ab7bdb"}
{"name":"worker","pid":1041,"phase":"RUN_GRADLEW","buildId":"a9ee9932-032e-40af-9f0e-18749f8036bf","source":"stdout","level":30,"msg":"w: file:///home/expo/workingdir/build/mobile/node_modules/react-native-screens/android/src/main/java/com/swmansion/rnscreens/events/HeaderHeightChangeEvent.kt:20:25 'receiveEvent(Int, String!, WritableMap?): Unit' is deprecated. Deprecated in Java","time":"2026-02-22T23:28:15.868Z","v":0,"logId":"019c87ae-a5fc-7f5f-83bf-986633d6c497"}
{"name":"worker","pid":1041,"phase":"RUN_GRADLEW","buildId":"a9ee9932-032e-40af-9f0e-18749f8036bf","source":"stdout","level":30,"msg":"w: file:///home/expo/workingdir/build/mobile/node_modules/react-native-screens/android/src/paper/java/com/swmansion/rnscreens/FabricEnabledViewGroup.kt:5:37 'FabricViewStateManager' is deprecated. Deprecated in Java","time":"2026-02-22T23:28:15.868Z","v":0,"logId":"019c87ae-a5fc-7f5f-83bf-98673eb3c27b"}
{"name":"worker","pid":1041,"phase":"RUN_GRADLEW","buildId":"a9ee9932-032e-40af-9f0e-18749f8036bf","source":"stdout","level":30,"msg":"w: file:///home/expo/workingdir/build/mobile/node_modules/react-native-screens/android/src/paper/java/com/swmansion/rnscreens/FabricEnabledViewGroup.kt:9:48 'FabricViewStateManager' is deprecated. Deprecated in Java","time":"2026-02-22T23:28:15.868Z","v":0,"logId":"019c87ae-a5fc-7f5f-83bf-98688f13c2fb"}
{"name":"worker","pid":1041,"phase":"RUN_GRADLEW","buildId":"a9ee9932-032e-40af-9f0e-18749f8036bf","source":"stdout","level":30,"msg":"w: file:///home/expo/workingdir/build/mobile/node_modules/react-native-screens/android/src/paper/java/com/swmansion/rnscreens/FabricEnabledViewGroup.kt:11:42 Parameter 'width' is never used","time":"2026-02-22T23:28:15.868Z","v":0,"logId":"019c87ae-a5fc-7f5f-83bf-9869078437de"}
{"name":"worker","pid":1041,"phase":"RUN_GRADLEW","buildId":"a9ee9932-032e-40af-9f0e-18749f8036bf","source":"stdout","level":30,"msg":"w: file:///home/expo/workingdir/build/mobile/node_modules/react-native-screens/android/src/paper/java/com/swmansion/rnscreens/FabricEnabledViewGroup.kt:11:54 Parameter 'height' is never used","time":"2026-02-22T23:28:15.868Z","v":0,"logId":"019c87ae-a5fc-7f5f-83bf-986ad0cb07d9"}
{"name":"worker","pid":1041,"phase":"RUN_GRADLEW","buildId":"a9ee9932-032e-40af-9f0e-18749f8036bf","source":"stdout","level":30,"msg":"> Task :react-native-screens:extractReleaseAnnotations","time":"2026-02-22T23:28:16.066Z","v":0,"logId":"019c87ae-a6c2-766c-9f94-1e19edd510ab"}
{"name":"worker","pid":1041,"phase":"RUN_GRADLEW","buildId":"a9ee9932-032e-40af-9f0e-18749f8036bf","source":"stdout","level":30,"msg":"> Task :react-native-screens:compileReleaseJavaWithJavac","time":"2026-02-22T23:28:17.066Z","v":0,"logId":"019c87ae-aaaa-7612-bb8e-abd67af83d24"}
{"name":"worker","pid":1041,"phase":"RUN_GRADLEW","buildId":"a9ee9932-032e-40af-9f0e-18749f8036bf","source":"stdout","level":30,"msg":"> Task :react-native-screens:mergeReleaseGeneratedProguardFiles","time":"2026-02-22T23:28:17.066Z","v":0,"logId":"019c87ae-aaaa-7612-bb8e-abd70ed3732f"}
{"name":"worker","pid":1041,"phase":"RUN_GRADLEW","buildId":"a9ee9932-032e-40af-9f0e-18749f8036bf","source":"stdout","level":30,"msg":"> Task :react-native-screens:mergeReleaseConsumerProguardFiles","time":"2026-02-22T23:28:17.066Z","v":0,"logId":"019c87ae-aaaa-7612-bb8e-abd8689cf333"}
{"name":"worker","pid":1041,"phase":"RUN_GRADLEW","buildId":"a9ee9932-032e-40af-9f0e-18749f8036bf","source":"stdout","level":30,"msg":"> Task :react-native-screens:processReleaseJavaRes","time":"2026-02-22T23:28:17.066Z","v":0,"logId":"019c87ae-aaaa-7612-bb8e-abd90e0f4ae4"}
{"name":"worker","pid":1041,"phase":"RUN_GRADLEW","buildId":"a9ee9932-032e-40af-9f0e-18749f8036bf","source":"stdout","level":30,"msg":"> Task :react-native-screens:mergeReleaseJavaResource","time":"2026-02-22T23:28:17.066Z","v":0,"logId":"019c87ae-aaaa-7612-bb8e-abdaeb45b10c"}
{"name":"worker","pid":1041,"phase":"RUN_GRADLEW","buildId":"a9ee9932-032e-40af-9f0e-18749f8036bf","source":"stdout","level":30,"msg":"> Task :react-native-screens:bundleLibCompileToJarRelease","time":"2026-02-22T23:28:17.066Z","v":0,"logId":"019c87ae-aaaa-7612-bb8e-abdbbc2c06c0"}
{"name":"worker","pid":1041,"phase":"RUN_GRADLEW","buildId":"a9ee9932-032e-40af-9f0e-18749f8036bf","source":"stdout","level":30,"msg":"> Task :react-native-screens:syncReleaseLibJars","time":"2026-02-22T23:28:17.166Z","v":0,"logId":"019c87ae-ab0e-7833-aab5-6e996f4ec781"}
{"name":"worker","pid":1041,"phase":"RUN_GRADLEW","buildId":"a9ee9932-032e-40af-9f0e-18749f8036bf","source":"stdout","level":30,"msg":"> Task :react-native-screens:bundleReleaseLocalLintAar","time":"2026-02-22T23:28:17.166Z","v":0,"logId":"019c87ae-ab0e-7833-aab5-6e9abcf4299d"}
{"name":"worker","pid":1041,"phase":"RUN_GRADLEW","buildId":"a9ee9932-032e-40af-9f0e-18749f8036bf","source":"stdout","level":30,"msg":"> Task :react-native-screens:bundleLibRuntimeToJarRelease","time":"2026-02-22T23:28:17.166Z","v":0,"logId":"019c87ae-ab0e-7833-aab5-6e9b8384c30e"}
{"name":"worker","pid":1041,"phase":"RUN_GRADLEW","buildId":"a9ee9932-032e-40af-9f0e-18749f8036bf","source":"stdout","level":30,"msg":"> Task :react-native-screens:createFullJarRelease","time":"2026-02-22T23:28:17.266Z","v":0,"logId":"019c87ae-ab72-7b06-b88f-310f78714ed9"}
{"name":"worker","pid":1041,"phase":"RUN_GRADLEW","buildId":"a9ee9932-032e-40af-9f0e-18749f8036bf","source":"stdout","level":30,"msg":"> Task :app:createBundleReleaseJsAndAssets","time":"2026-02-22T23:28:21.666Z","v":0,"logId":"019c87ae-bca3-746e-b64a-8ae801309144"}
{"name":"worker","pid":1041,"phase":"RUN_GRADLEW","buildId":"a9ee9932-032e-40af-9f0e-18749f8036bf","source":"stderr","level":30,"msg":"SyntaxError: SyntaxError: /home/expo/workingdir/build/mobile/src/screens/WhaleWatchScreen.tsx: Missing semicolon. (150:9)","time":"2026-02-22T23:28:21.667Z","v":0,"logId":"019c87ae-bca3-746e-b64a-8ae94e85632d"}
{"name":"worker","pid":1041,"phase":"RUN_GRADLEW","buildId":"a9ee9932-032e-40af-9f0e-18749f8036bf","source":"stderr","level":30,"msg":"\u001b[0m \u001b[90m 148 |\u001b[39m })\u001b[33m;\u001b[39m","time":"2026-02-22T23:28:21.667Z","v":0,"logId":"019c87ae-bca3-746e-b64a-8aea7da4e095"}
{"name":"worker","pid":1041,"phase":"RUN_GRADLEW","buildId":"a9ee9932-032e-40af-9f0e-18749f8036bf","source":"stderr","level":30,"msg":" \u001b[90m 149 |\u001b[39m     fontWeight\u001b[33m:\u001b[39m \u001b[32m'600'\u001b[39m\u001b[33m,\u001b[39m","time":"2026-02-22T23:28:21.667Z","v":0,"logId":"019c87ae-bca3-746e-b64a-8aeb4de81cb3"}
{"name":"worker","pid":1041,"phase":"RUN_GRADLEW","buildId":"a9ee9932-032e-40af-9f0e-18749f8036bf","source":"stderr","level":30,"msg":"\u001b[31m\u001b[1m>\u001b[22m\u001b[39m\u001b[90m 150 |\u001b[39m     color\u001b[33m:\u001b[39m \u001b[32m'#22c55e'\u001b[39m\u001b[33m,\u001b[39m","time":"2026-02-22T23:28:21.667Z","v":0,"logId":"019c87ae-bca3-746e-b64a-8aeceeba9c26"}
{"name":"worker","pid":1041,"phase":"RUN_GRADLEW","buildId":"a9ee9932-032e-40af-9f0e-18749f8036bf","source":"stderr","level":30,"msg":" \u001b[90m     |\u001b[39m          \u001b[31m\u001b[1m^\u001b[22m\u001b[39m","time":"2026-02-22T23:28:21.667Z","v":0,"logId":"019c87ae-bca3-746e-b64a-8aed9974ba0c"}
{"name":"worker","pid":1041,"phase":"RUN_GRADLEW","buildId":"a9ee9932-032e-40af-9f0e-18749f8036bf","source":"stderr","level":30,"msg":" \u001b[90m 151 |\u001b[39m   }\u001b[33m,\u001b[39m","time":"2026-02-22T23:28:21.667Z","v":0,"logId":"019c87ae-bca3-746e-b64a-8aee06a14dd2"}
{"name":"worker","pid":1041,"phase":"RUN_GRADLEW","buildId":"a9ee9932-032e-40af-9f0e-18749f8036bf","source":"stderr","level":30,"msg":" \u001b[90m 152 |\u001b[39m   walletAddress\u001b[33m:\u001b[39m {","time":"2026-02-22T23:28:21.667Z","v":0,"logId":"019c87ae-bca3-746e-b64a-8aefda5db9a2"}
{"name":"worker","pid":1041,"phase":"RUN_GRADLEW","buildId":"a9ee9932-032e-40af-9f0e-18749f8036bf","source":"stderr","level":30,"msg":" \u001b[90m 153 |\u001b[39m     fontSize\u001b[33m:\u001b[39m \u001b[35m12\u001b[39m\u001b[33m,\u001b[39m\u001b[0m","time":"2026-02-22T23:28:21.667Z","v":0,"logId":"019c87ae-bca3-746e-b64a-8af069db7f4e"}
{"name":"worker","pid":1041,"phase":"RUN_GRADLEW","buildId":"a9ee9932-032e-40af-9f0e-18749f8036bf","source":"stderr","level":30,"msg":"SyntaxError: /home/expo/workingdir/build/mobile/src/screens/WhaleWatchScreen.tsx: Missing semicolon. (150:9)","time":"2026-02-22T23:28:21.667Z","v":0,"logId":"019c87ae-bca3-746e-b64a-8af1488a9b6b"}
{"name":"worker","pid":1041,"phase":"RUN_GRADLEW","buildId":"a9ee9932-032e-40af-9f0e-18749f8036bf","source":"stderr","level":30,"msg":"\u001b[0m \u001b[90m 148 |\u001b[39m })\u001b[33m;\u001b[39m","time":"2026-02-22T23:28:21.667Z","v":0,"logId":"019c87ae-bca3-746e-b64a-8af2e29d46b5"}
{"name":"worker","pid":1041,"phase":"RUN_GRADLEW","buildId":"a9ee9932-032e-40af-9f0e-18749f8036bf","source":"stderr","level":30,"msg":" \u001b[90m 149 |\u001b[39m     fontWeight\u001b[33m:\u001b[39m \u001b[32m'600'\u001b[39m\u001b[33m,\u001b[39m","time":"2026-02-22T23:28:21.667Z","v":0,"logId":"019c87ae-bca3-746e-b64a-8af351b09029"}
{"name":"worker","pid":1041,"phase":"RUN_GRADLEW","buildId":"a9ee9932-032e-40af-9f0e-18749f8036bf","source":"stderr","level":30,"msg":"\u001b[31m\u001b[1m>\u001b[22m\u001b[39m\u001b[90m 150 |\u001b[39m     color\u001b[33m:\u001b[39m \u001b[32m'#22c55e'\u001b[39m\u001b[33m,\u001b[39m","time":"2026-02-22T23:28:21.667Z","v":0,"logId":"019c87ae-bca3-746e-b64a-8af455acc3be"}
{"name":"worker","pid":1041,"phase":"RUN_GRADLEW","buildId":"a9ee9932-032e-40af-9f0e-18749f8036bf","source":"stderr","level":30,"msg":" \u001b[90m     |\u001b[39m          \u001b[31m\u001b[1m^\u001b[22m\u001b[39m","time":"2026-02-22T23:28:21.667Z","v":0,"logId":"019c87ae-bca3-746e-b64a-8af52d5ec159"}
{"name":"worker","pid":1041,"phase":"RUN_GRADLEW","buildId":"a9ee9932-032e-40af-9f0e-18749f8036bf","source":"stderr","level":30,"msg":" \u001b[90m 151 |\u001b[39m   }\u001b[33m,\u001b[39m","time":"2026-02-22T23:28:21.667Z","v":0,"logId":"019c87ae-bca3-746e-b64a-8af63b9b01eb"}
{"name":"worker","pid":1041,"phase":"RUN_GRADLEW","buildId":"a9ee9932-032e-40af-9f0e-18749f8036bf","source":"stderr","level":30,"msg":" \u001b[90m 152 |\u001b[39m   walletAddress\u001b[33m:\u001b[39m {","time":"2026-02-22T23:28:21.667Z","v":0,"logId":"019c87ae-bca3-746e-b64a-8af7d68b330b"}
{"name":"worker","pid":1041,"phase":"RUN_GRADLEW","buildId":"a9ee9932-032e-40af-9f0e-18749f8036bf","source":"stderr","level":30,"msg":" \u001b[90m 153 |\u001b[39m     fontSize\u001b[33m:\u001b[39m \u001b[35m12\u001b[39m\u001b[33m,\u001b[39m\u001b[0m","time":"2026-02-22T23:28:21.667Z","v":0,"logId":"019c87ae-bca3-746e-b64a-8af88ccb2800"}
{"name":"worker","pid":1041,"phase":"RUN_GRADLEW","buildId":"a9ee9932-032e-40af-9f0e-18749f8036bf","source":"stderr","level":30,"msg":"    at constructor (/home/expo/workingdir/build/mobile/node_modules/@babel/parser/lib/index.js:365:19)","time":"2026-02-22T23:28:21.667Z","v":0,"logId":"019c87ae-bca7-79ef-8e2e-d57079e4d0f4"}
{"name":"worker","pid":1041,"phase":"RUN_GRADLEW","buildId":"a9ee9932-032e-40af-9f0e-18749f8036bf","source":"stderr","level":30,"msg":"    at TypeScriptParserMixin.raise (/home/expo/workingdir/build/mobile/node_modules/@babel/parser/lib/index.js:6599:19)","time":"2026-02-22T23:28:21.671Z","v":0,"logId":"019c87ae-bca7-79ef-8e2e-d571902f6129"}
{"name":"worker","pid":1041,"phase":"RUN_GRADLEW","buildId":"a9ee9932-032e-40af-9f0e-18749f8036bf","source":"stderr","level":30,"msg":"    at TypeScriptParserMixin.semicolon (/home/expo/workingdir/build/mobile/node_modules/@babel/parser/lib/index.js:6895:10)","time":"2026-02-22T23:28:21.671Z","v":0,"logId":"019c87ae-bca7-79ef-8e2e-d5727061674d"}
{"name":"worker","pid":1041,"phase":"RUN_GRADLEW","buildId":"a9ee9932-032e-40af-9f0e-18749f8036bf","source":"stderr","level":30,"msg":"    at TypeScriptParserMixin.parseExpressionStatement (/home/expo/workingdir/build/mobile/node_modules/@babel/parser/lib/index.js:13285:10)","time":"2026-02-22T23:28:21.671Z","v":0,"logId":"019c87ae-bca8-7363-aedb-429d82872e10"}
{"name":"worker","pid":1041,"phase":"RUN_GRADLEW","buildId":"a9ee9932-032e-40af-9f0e-18749f8036bf","source":"stderr","level":30,"msg":"    at TypeScriptParserMixin.parseStatementContent (/home/expo/workingdir/build/mobile/node_modules/@babel/parser/lib/index.js:12899:19)","time":"2026-02-22T23:28:21.672Z","v":0,"logId":"019c87ae-bca8-7363-aedb-429eb1a6f783"}
{"name":"worker","pid":1041,"phase":"RUN_GRADLEW","buildId":"a9ee9932-032e-40af-9f0e-18749f8036bf","source":"stderr","level":30,"msg":"    at TypeScriptParserMixin.parseStatementContent (/home/expo/workingdir/build/mobile/node_modules/@babel/parser/lib/index.js:9508:18)","time":"2026-02-22T23:28:21.672Z","v":0,"logId":"019c87ae-bca8-7363-aedb-429f055bc233"}
{"name":"worker","pid":1041,"phase":"RUN_GRADLEW","buildId":"a9ee9932-032e-40af-9f0e-18749f8036bf","source":"stderr","level":30,"msg":"    at TypeScriptParserMixin.parseStatementLike (/home/expo/workingdir/build/mobile/node_modules/@babel/parser/lib/index.js:12767:17)","time":"2026-02-22T23:28:21.672Z","v":0,"logId":"019c87ae-bca8-7363-aedb-42a00bb27b26"}
{"name":"worker","pid":1041,"phase":"RUN_GRADLEW","buildId":"a9ee9932-032e-40af-9f0e-18749f8036bf","source":"stderr","level":30,"msg":"    at TypeScriptParserMixin.parseStatementOrSloppyAnnexBFunctionDeclaration (/home/expo/workingdir/build/mobile/node_modules/@babel/parser/lib/index.js:12757:17)","time":"2026-02-22T23:28:21.672Z","v":0,"logId":"019c87ae-bca8-7363-aedb-42a1276687eb"}
{"name":"worker","pid":1041,"phase":"RUN_GRADLEW","buildId":"a9ee9932-032e-40af-9f0e-18749f8036bf","source":"stderr","level":30,"msg":"    at TypeScriptParserMixin.parseLabeledStatement (/home/expo/workingdir/build/mobile/node_modules/@babel/parser/lib/index.js:13278:34)","time":"2026-02-22T23:28:21.672Z","v":0,"logId":"019c87ae-bca8-7363-aedb-42a297dfa13e"}
{"name":"worker","pid":1041,"phase":"RUN_GRADLEW","buildId":"a9ee9932-032e-40af-9f0e-18749f8036bf","source":"stderr","level":30,"msg":"    at TypeScriptParserMixin.parseStatementContent (/home/expo/workingdir/build/mobile/node_modules/@babel/parser/lib/index.js:12897:19)","time":"2026-02-22T23:28:21.672Z","v":0,"logId":"019c87ae-bca8-7363-aedb-42a303767a2d"}
{"name":"worker","pid":1041,"phase":"RUN_GRADLEW","buildId":"a9ee9932-032e-40af-9f0e-18749f8036bf","source":"stderr","level":30,"msg":"    at TypeScriptParserMixin.parseStatementContent (/home/expo/workingdir/build/mobile/node_modules/@babel/parser/lib/index.js:9508:18)","time":"2026-02-22T23:28:21.672Z","v":0,"logId":"019c87ae-bca8-7363-aedb-42a41208e972"}
{"name":"worker","pid":1041,"phase":"RUN_GRADLEW","buildId":"a9ee9932-032e-40af-9f0e-18749f8036bf","source":"stderr","level":30,"msg":"    at TypeScriptParserMixin.parseStatementLike (/home/expo/workingdir/build/mobile/node_modules/@babel/parser/lib/index.js:12767:17)","time":"2026-02-22T23:28:21.672Z","v":0,"logId":"019c87ae-bca8-7363-aedb-42a5ce551072"}
{"name":"worker","pid":1041,"phase":"RUN_GRADLEW","buildId":"a9ee9932-032e-40af-9f0e-18749f8036bf","source":"stderr","level":30,"msg":"    at TypeScriptParserMixin.parseModuleItem (/home/expo/workingdir/build/mobile/node_modules/@babel/parser/lib/index.js:12744:17)","time":"2026-02-22T23:28:21.672Z","v":0,"logId":"019c87ae-bca9-7be8-8d4b-9a97bce76225"}
{"name":"worker","pid":1041,"phase":"RUN_GRADLEW","buildId":"a9ee9932-032e-40af-9f0e-18749f8036bf","source":"stderr","level":30,"msg":"    at TypeScriptParserMixin.parseBlockOrModuleBlockBody (/home/expo/workingdir/build/mobile/node_modules/@babel/parser/lib/index.js:13316:36)","time":"2026-02-22T23:28:21.673Z","v":0,"logId":"019c87ae-bca9-7be8-8d4b-9a9825ae461a"}
{"name":"worker","pid":1041,"phase":"RUN_GRADLEW","buildId":"a9ee9932-032e-40af-9f0e-18749f8036bf","source":"stderr","level":30,"msg":"    at TypeScriptParserMixin.parseBlockBody (/home/expo/workingdir/build/mobile/node_modules/@babel/parser/lib/index.js:13309:10)","time":"2026-02-22T23:28:21.673Z","v":0,"logId":"019c87ae-bca9-7be8-8d4b-9a993ac5b531"}
{"name":"worker","pid":1041,"phase":"RUN_GRADLEW","buildId":"a9ee9932-032e-40af-9f0e-18749f8036bf","source":"stderr","level":30,"msg":"    at TypeScriptParserMixin.parseProgram (/home/expo/workingdir/build/mobile/node_modules/@babel/parser/lib/index.js:12622:10)","time":"2026-02-22T23:28:21.673Z","v":0,"logId":"019c87ae-bca9-7be8-8d4b-9a9a2bda3fc9"}
{"name":"worker","pid":1041,"phase":"RUN_GRADLEW","buildId":"a9ee9932-032e-40af-9f0e-18749f8036bf","source":"stderr","level":30,"msg":"    at TypeScriptParserMixin.parseTopLevel (/home/expo/workingdir/build/mobile/node_modules/@babel/parser/lib/index.js:12612:25)","time":"2026-02-22T23:28:21.673Z","v":0,"logId":"019c87ae-bca9-7be8-8d4b-9a9bccc7fe73"}
{"name":"worker","pid":1041,"phase":"RUN_GRADLEW","buildId":"a9ee9932-032e-40af-9f0e-18749f8036bf","source":"stderr","level":30,"msg":"    at TypeScriptParserMixin.parse (/home/expo/workingdir/build/mobile/node_modules/@babel/parser/lib/index.js:14488:25)","time":"2026-02-22T23:28:21.673Z","v":0,"logId":"019c87ae-bca9-7be8-8d4b-9a9cfebeed1f"}
{"name":"worker","pid":1041,"phase":"RUN_GRADLEW","buildId":"a9ee9932-032e-40af-9f0e-18749f8036bf","source":"stderr","level":30,"msg":"    at TypeScriptParserMixin.parse (/home/expo/workingdir/build/mobile/node_modules/@babel/parser/lib/index.js:10126:18)","time":"2026-02-22T23:28:21.673Z","v":0,"logId":"019c87ae-bca9-7be8-8d4b-9a9df0f8c727"}
{"name":"worker","pid":1041,"phase":"RUN_GRADLEW","buildId":"a9ee9932-032e-40af-9f0e-18749f8036bf","source":"stderr","level":30,"msg":"    at parse (/home/expo/workingdir/build/mobile/node_modules/@babel/parser/lib/index.js:14501:26)","time":"2026-02-22T23:28:21.673Z","v":0,"logId":"019c87ae-bca9-7be8-8d4b-9a9e3e2ee205"}
{"name":"worker","pid":1041,"phase":"RUN_GRADLEW","buildId":"a9ee9932-032e-40af-9f0e-18749f8036bf","source":"stderr","level":30,"msg":"    at parser (/home/expo/workingdir/build/mobile/node_modules/@babel/core/lib/parser/index.js:41:34)","time":"2026-02-22T23:28:21.673Z","v":0,"logId":"019c87ae-bca9-7be8-8d4b-9a9f1f94dd94"}
{"name":"worker","pid":1041,"phase":"RUN_GRADLEW","buildId":"a9ee9932-032e-40af-9f0e-18749f8036bf","source":"stderr","level":30,"msg":"    at parser.next (<anonymous>)","time":"2026-02-22T23:28:21.673Z","v":0,"logId":"019c87ae-bca9-7be8-8d4b-9aa0c7dabc23"}
{"name":"worker","pid":1041,"phase":"RUN_GRADLEW","buildId":"a9ee9932-032e-40af-9f0e-18749f8036bf","source":"stderr","level":30,"msg":"    at normalizeFile (/home/expo/workingdir/build/mobile/node_modules/@babel/core/lib/transformation/normalize-file.js:64:37)","time":"2026-02-22T23:28:21.673Z","v":0,"logId":"019c87ae-bca9-7be8-8d4b-9aa185451544"}
{"name":"worker","pid":1041,"phase":"RUN_GRADLEW","buildId":"a9ee9932-032e-40af-9f0e-18749f8036bf","source":"stderr","level":30,"msg":"    at normalizeFile.next (<anonymous>)","time":"2026-02-22T23:28:21.673Z","v":0,"logId":"019c87ae-bca9-7be8-8d4b-9aa23bcf649a"}
{"name":"worker","pid":1041,"phase":"RUN_GRADLEW","buildId":"a9ee9932-032e-40af-9f0e-18749f8036bf","source":"stderr","level":30,"msg":"    at run (/home/expo/workingdir/build/mobile/node_modules/@babel/core/lib/transformation/index.js:22:50)","time":"2026-02-22T23:28:21.673Z","v":0,"logId":"019c87ae-bca9-7be8-8d4b-9aa316d9bb63"}
{"name":"worker","pid":1041,"phase":"RUN_GRADLEW","buildId":"a9ee9932-032e-40af-9f0e-18749f8036bf","source":"stderr","level":30,"msg":"    at run.next (<anonymous>)","time":"2026-02-22T23:28:21.673Z","v":0,"logId":"019c87ae-bca9-7be8-8d4b-9aa4d04d0f52"}
{"name":"worker","pid":1041,"phase":"RUN_GRADLEW","buildId":"a9ee9932-032e-40af-9f0e-18749f8036bf","source":"stderr","level":30,"msg":"    at transform (/home/expo/workingdir/build/mobile/node_modules/@babel/core/lib/transform.js:22:33)","time":"2026-02-22T23:28:21.673Z","v":0,"logId":"019c87ae-bca9-7be8-8d4b-9aa56d9517f0"}
{"name":"worker","pid":1041,"phase":"RUN_GRADLEW","buildId":"a9ee9932-032e-40af-9f0e-18749f8036bf","source":"stderr","level":30,"msg":"    at transform.next (<anonymous>)","time":"2026-02-22T23:28:21.673Z","v":0,"logId":"019c87ae-bca9-7be8-8d4b-9aa6f7393c08"}
{"name":"worker","pid":1041,"phase":"RUN_GRADLEW","buildId":"a9ee9932-032e-40af-9f0e-18749f8036bf","source":"stderr","level":30,"msg":"    at evaluateSync (/home/expo/workingdir/build/mobile/node_modules/gensync/index.js:251:28)","time":"2026-02-22T23:28:21.673Z","v":0,"logId":"019c87ae-bca9-7be8-8d4b-9aa7c9cc593d"}
{"name":"worker","pid":1041,"phase":"RUN_GRADLEW","buildId":"a9ee9932-032e-40af-9f0e-18749f8036bf","source":"stderr","level":30,"msg":"    at sync (/home/expo/workingdir/build/mobile/node_modules/gensync/index.js:89:14)","time":"2026-02-22T23:28:21.673Z","v":0,"logId":"019c87ae-bca9-7be8-8d4b-9aa803fe8c93"}
{"name":"worker","pid":1041,"phase":"RUN_GRADLEW","buildId":"a9ee9932-032e-40af-9f0e-18749f8036bf","source":"stderr","level":30,"msg":"    at stopHiding - secret - don't use this - v1 (/home/expo/workingdir/build/mobile/node_modules/@babel/core/lib/errors/rewrite-stack-trace.js:47:12)","time":"2026-02-22T23:28:21.673Z","v":0,"logId":"019c87ae-bca9-7be8-8d4b-9aa987c12cd6"}
{"name":"worker","pid":1041,"phase":"RUN_GRADLEW","buildId":"a9ee9932-032e-40af-9f0e-18749f8036bf","source":"stderr","level":30,"msg":"    at Object.transformSync (/home/expo/workingdir/build/mobile/node_modules/@babel/core/lib/transform.js:40:76)","time":"2026-02-22T23:28:21.673Z","v":0,"logId":"019c87ae-bca9-7be8-8d4b-9aaa0729b8a8"}
{"name":"worker","pid":1041,"phase":"RUN_GRADLEW","buildId":"a9ee9932-032e-40af-9f0e-18749f8036bf","source":"stderr","level":30,"msg":"    at parseWithBabel (/home/expo/workingdir/build/mobile/node_modules/@expo/metro-config/build/transformSync.js:57:18)","time":"2026-02-22T23:28:21.673Z","v":0,"logId":"019c87ae-bca9-7be8-8d4b-9aabdbf73f5c"}
{"name":"worker","pid":1041,"phase":"RUN_GRADLEW","buildId":"a9ee9932-032e-40af-9f0e-18749f8036bf","source":"stderr","level":30,"msg":"    at transformSync (/home/expo/workingdir/build/mobile/node_modules/@expo/metro-config/build/transformSync.js:46:12)","time":"2026-02-22T23:28:21.673Z","v":0,"logId":"019c87ae-bca9-7be8-8d4b-9aac22e77fcc"}
{"name":"worker","pid":1041,"phase":"RUN_GRADLEW","buildId":"a9ee9932-032e-40af-9f0e-18749f8036bf","source":"stderr","level":30,"msg":"    at Object.transform (/home/expo/workingdir/build/mobile/node_modules/@expo/metro-config/build/babel-transformer.js:108:58)","time":"2026-02-22T23:28:21.673Z","v":0,"logId":"019c87ae-bca9-7be8-8d4b-9aadf46c6b8e"}
{"name":"worker","pid":1041,"phase":"RUN_GRADLEW","buildId":"a9ee9932-032e-40af-9f0e-18749f8036bf","source":"stderr","level":30,"msg":"    at transformJSWithBabel (/home/expo/workingdir/build/mobile/node_modules/@expo/metro-config/build/transform-worker/metro-transform-worker.js:304:47)","time":"2026-02-22T23:28:21.673Z","v":0,"logId":"019c87ae-bcaa-7ae9-a714-2944f9b89fd4"}
{"name":"worker","pid":1041,"phase":"RUN_GRADLEW","buildId":"a9ee9932-032e-40af-9f0e-18749f8036bf","source":"stderr","level":30,"msg":"    at Object.transform (/home/expo/workingdir/build/mobile/node_modules/@expo/metro-config/build/transform-worker/metro-transform-worker.js:407:12)","time":"2026-02-22T23:28:21.674Z","v":0,"logId":"019c87ae-bcaa-7ae9-a714-2945be61cee0"}
{"name":"worker","pid":1041,"phase":"RUN_GRADLEW","buildId":"a9ee9932-032e-40af-9f0e-18749f8036bf","source":"stderr","level":30,"msg":"    at Object.transform (/home/expo/workingdir/build/mobile/node_modules/@expo/metro-config/build/transform-worker/transform-worker.js:68:23)","time":"2026-02-22T23:28:21.674Z","v":0,"logId":"019c87ae-bcaa-7ae9-a714-294667b2ec3e"}
{"name":"worker","pid":1041,"phase":"RUN_GRADLEW","buildId":"a9ee9932-032e-40af-9f0e-18749f8036bf","source":"stderr","level":30,"msg":"    at transformFile (/home/expo/workingdir/build/mobile/node_modules/metro/src/DeltaBundler/Worker.flow.js:54:36)","time":"2026-02-22T23:28:21.674Z","v":0,"logId":"019c87ae-bcaa-7ae9-a714-29474a030e0e"}
{"name":"worker","pid":1041,"phase":"RUN_GRADLEW","buildId":"a9ee9932-032e-40af-9f0e-18749f8036bf","source":"stderr","level":30,"msg":"    at Object.transform (/home/expo/workingdir/build/mobile/node_modules/metro/src/DeltaBundler/Worker.flow.js:30:10)","time":"2026-02-22T23:28:21.674Z","v":0,"logId":"019c87ae-bcaa-7ae9-a714-29485500fcf0"}
{"name":"worker","pid":1041,"phase":"RUN_GRADLEW","buildId":"a9ee9932-032e-40af-9f0e-18749f8036bf","source":"stderr","level":30,"msg":"    at execFunction (/home/expo/workingdir/build/mobile/node_modules/jest-worker/build/workers/processChild.js:149:17)","time":"2026-02-22T23:28:21.674Z","v":0,"logId":"019c87ae-bcaa-7ae9-a714-2949331d29aa"}
{"name":"worker","pid":1041,"phase":"RUN_GRADLEW","buildId":"a9ee9932-032e-40af-9f0e-18749f8036bf","source":"stderr","level":30,"msg":"    at execHelper (/home/expo/workingdir/build/mobile/node_modules/jest-worker/build/workers/processChild.js:137:5)","time":"2026-02-22T23:28:21.674Z","v":0,"logId":"019c87ae-bcaa-7ae9-a714-294a4b9eff56"}
{"name":"worker","pid":1041,"phase":"RUN_GRADLEW","buildId":"a9ee9932-032e-40af-9f0e-18749f8036bf","source":"stderr","level":30,"msg":"    at execMethod (/home/expo/workingdir/build/mobile/node_modules/jest-worker/build/workers/processChild.js:140:5)","time":"2026-02-22T23:28:21.674Z","v":0,"logId":"019c87ae-bcaa-7ae9-a714-294b26f43252"}
{"name":"worker","pid":1041,"phase":"RUN_GRADLEW","buildId":"a9ee9932-032e-40af-9f0e-18749f8036bf","source":"stderr","level":30,"msg":"    at process.messageListener (/home/expo/workingdir/build/mobile/node_modules/jest-worker/build/workers/processChild.js:44:7)","time":"2026-02-22T23:28:21.674Z","v":0,"logId":"019c87ae-bcaa-7ae9-a714-294c2a0e9f00"}
{"name":"worker","pid":1041,"phase":"RUN_GRADLEW","buildId":"a9ee9932-032e-40af-9f0e-18749f8036bf","source":"stderr","level":30,"msg":"    at process.emit (node:events:517:28)","time":"2026-02-22T23:28:21.674Z","v":0,"logId":"019c87ae-bcaa-7ae9-a714-294dc096df22"}
{"name":"worker","pid":1041,"phase":"RUN_GRADLEW","buildId":"a9ee9932-032e-40af-9f0e-18749f8036bf","source":"stderr","level":30,"msg":"    at emit (node:internal/child_process:944:14)","time":"2026-02-22T23:28:21.674Z","v":0,"logId":"019c87ae-bcaa-7ae9-a714-294e6e742b9b"}
{"name":"worker","pid":1041,"phase":"RUN_GRADLEW","buildId":"a9ee9932-032e-40af-9f0e-18749f8036bf","source":"stderr","level":30,"msg":"    at process.processTicksAndRejections (node:internal/process/task_queues:83:21)","time":"2026-02-22T23:28:21.674Z","v":0,"logId":"019c87ae-bcaa-7ae9-a714-294fc0f4a672"}
{"name":"worker","pid":1041,"phase":"RUN_GRADLEW","buildId":"a9ee9932-032e-40af-9f0e-18749f8036bf","source":"stdout","level":30,"msg":"> Task :app:createBundleReleaseJsAndAssets FAILED","time":"2026-02-22T23:28:21.766Z","v":0,"logId":"019c87ae-bd06-7c54-be29-709605a7f35f"}
{"name":"worker","pid":1041,"phase":"RUN_GRADLEW","buildId":"a9ee9932-032e-40af-9f0e-18749f8036bf","source":"stdout","level":30,"msg":"> Task :expo-modules-core:buildCMakeRelWithDebInfo[arm64-v8a]","time":"2026-02-22T23:28:25.266Z","v":0,"logId":"019c87ae-cab2-7761-8f1e-180dbb38195a"}
{"name":"worker","pid":1041,"phase":"RUN_GRADLEW","buildId":"a9ee9932-032e-40af-9f0e-18749f8036bf","source":"stdout","level":30,"msg":"> Task :expo-modules-core:compileReleaseKotlin","time":"2026-02-22T23:28:26.366Z","v":0,"logId":"019c87ae-cefe-7c7c-982a-d2b8544b92f8"}
{"name":"worker","pid":1041,"phase":"RUN_GRADLEW","buildId":"a9ee9932-032e-40af-9f0e-18749f8036bf","source":"stdout","level":30,"msg":"w: file:///home/expo/workingdir/build/mobile/node_modules/expo-modules-core/android/src/main/java/expo/modules/core/utilities/EmulatorUtilities.kt:30:13 'SERIAL: String!' is deprecated. Deprecated in Java","time":"2026-02-22T23:28:30.366Z","v":0,"logId":"019c87ae-de9e-7471-865c-f2998d276366"}
{"name":"worker","pid":1041,"phase":"RUN_GRADLEW","buildId":"a9ee9932-032e-40af-9f0e-18749f8036bf","source":"stdout","level":30,"msg":"w: file:///home/expo/workingdir/build/mobile/node_modules/expo-modules-core/android/src/main/java/expo/modules/kotlin/AppContext.kt:151:13 Variable 'catalystInstance' is never used","time":"2026-02-22T23:28:30.366Z","v":0,"logId":"019c87ae-de9e-7471-865c-f29ae32ed751"}
{"name":"worker","pid":1041,"phase":"RUN_GRADLEW","buildId":"a9ee9932-032e-40af-9f0e-18749f8036bf","source":"stdout","level":30,"msg":"w: file:///home/expo/workingdir/build/mobile/node_modules/expo-modules-core/android/src/main/java/expo/modules/kotlin/ExpoModulesHelper.kt:11:21 'newInstance(): T!' is deprecated. Deprecated in Java","time":"2026-02-22T23:28:30.366Z","v":0,"logId":"019c87ae-de9e-7471-865c-f29bda953891"}
{"name":"worker","pid":1041,"phase":"RUN_GRADLEW","buildId":"a9ee9932-032e-40af-9f0e-18749f8036bf","source":"stdout","level":30,"msg":"w: file:///home/expo/workingdir/build/mobile/node_modules/expo-modules-core/android/src/main/java/expo/modules/kotlin/Promise.kt:72:18 This declaration overrides deprecated member but not marked as deprecated itself. This deprecation won't be inherited in future releases. Please add @Deprecated annotation or suppress. See https://youtrack.jetbrains.com/issue/KT-47902 for details","time":"2026-02-22T23:28:30.366Z","v":0,"logId":"019c87ae-de9e-7471-865c-f29c08bc84de"}
{"name":"worker","pid":1041,"phase":"RUN_GRADLEW","buildId":"a9ee9932-032e-40af-9f0e-18749f8036bf","source":"stdout","level":30,"msg":"w: file:///home/expo/workingdir/build/mobile/node_modules/expo-modules-core/android/src/main/java/expo/modules/kotlin/Utils.kt:8:3 Expected performance impact from inlining is insignificant. Inlining works best for functions with parameters of functional types","time":"2026-02-22T23:28:30.366Z","v":0,"logId":"019c87ae-de9e-7471-865c-f29de4498a9f"}
{"name":"worker","pid":1041,"phase":"RUN_GRADLEW","buildId":"a9ee9932-032e-40af-9f0e-18749f8036bf","source":"stdout","level":30,"msg":"w: file:///home/expo/workingdir/build/mobile/node_modules/expo-modules-core/android/src/main/java/expo/modules/kotlin/activityresult/ActivityResultsManager.kt:51:24 Parameter 'activity' is never used","time":"2026-02-22T23:28:30.366Z","v":0,"logId":"019c87ae-de9e-7471-865c-f29e6f06b750"}
{"name":"worker","pid":1041,"phase":"RUN_GRADLEW","buildId":"a9ee9932-032e-40af-9f0e-18749f8036bf","source":"stdout","level":30,"msg":"w: file:///home/expo/workingdir/build/mobile/node_modules/expo-modules-core/android/src/main/java/expo/modules/kotlin/activityresult/AppContextActivityResultRegistry.kt:119:51 'getParcelableExtra(String!): T?' is deprecated. Deprecated in Java","time":"2026-02-22T23:28:30.366Z","v":0,"logId":"019c87ae-de9e-7471-865c-f29fc2971378"}
{"name":"worker","pid":1041,"phase":"RUN_GRADLEW","buildId":"a9ee9932-032e-40af-9f0e-18749f8036bf","source":"stdout","level":30,"msg":"w: file:///home/expo/workingdir/build/mobile/node_modules/expo-modules-core/android/src/main/java/expo/modules/kotlin/activityresult/AppContextActivityResultRegistry.kt:186:26 'getParcelable(String?): T?' is deprecated. Deprecated in Java","time":"2026-02-22T23:28:30.367Z","v":0,"logId":"019c87ae-de9f-780a-95cc-a376f39eab81"}
{"name":"worker","pid":1041,"phase":"RUN_GRADLEW","buildId":"a9ee9932-032e-40af-9f0e-18749f8036bf","source":"stdout","level":30,"msg":"w: file:///home/expo/workingdir/build/mobile/node_modules/expo-modules-core/android/src/main/java/expo/modules/kotlin/activityresult/AppContextActivityResultRegistry.kt:277:83 'getParcelable(String?): T?' is deprecated. Deprecated in Java","time":"2026-02-22T23:28:30.367Z","v":0,"logId":"019c87ae-de9f-780a-95cc-a3770b125f1e"}
{"name":"worker","pid":1041,"phase":"RUN_GRADLEW","buildId":"a9ee9932-032e-40af-9f0e-18749f8036bf","source":"stdout","level":30,"msg":"w: file:///home/expo/workingdir/build/mobile/node_modules/expo-modules-core/android/src/main/java/expo/modules/kotlin/activityresult/DataPersistor.kt:67:20 'getSerializable(String?): Serializable?' is deprecated. Deprecated in Java","time":"2026-02-22T23:28:30.367Z","v":0,"logId":"019c87ae-de9f-780a-95cc-a378a5d24435"}
{"name":"worker","pid":1041,"phase":"RUN_GRADLEW","buildId":"a9ee9932-032e-40af-9f0e-18749f8036bf","source":"stdout","level":30,"msg":"w: file:///home/expo/workingdir/build/mobile/node_modules/expo-modules-core/android/src/main/java/expo/modules/kotlin/activityresult/DataPersistor.kt:85:26 'getSerializable(String?): Serializable?' is deprecated. Deprecated in Java","time":"2026-02-22T23:28:30.367Z","v":0,"logId":"019c87ae-de9f-780a-95cc-a3799fa58770"}
{"name":"worker","pid":1041,"phase":"RUN_GRADLEW","buildId":"a9ee9932-032e-40af-9f0e-18749f8036bf","source":"stdout","level":30,"msg":"w: file:///home/expo/workingdir/build/mobile/node_modules/expo-modules-core/android/src/main/java/expo/modules/kotlin/devtools/cdp/CdpNetworkTypes.kt:186:54 Parameter 'request' is never used","time":"2026-02-22T23:28:30.367Z","v":0,"logId":"019c87ae-de9f-780a-95cc-a37a5b4883db"}
{"name":"worker","pid":1041,"phase":"RUN_GRADLEW","buildId":"a9ee9932-032e-40af-9f0e-18749f8036bf","source":"stdout","level":30,"msg":"w: file:///home/expo/workingdir/build/mobile/node_modules/expo-modules-core/android/src/main/java/expo/modules/kotlin/devtools/cdp/CdpNetworkTypes.kt:210:54 Parameter 'request' is never used","time":"2026-02-22T23:28:30.367Z","v":0,"logId":"019c87ae-de9f-780a-95cc-a37b690a36f5"}
{"name":"worker","pid":1041,"phase":"RUN_GRADLEW","buildId":"a9ee9932-032e-40af-9f0e-18749f8036bf","source":"stdout","level":30,"msg":"w: file:///home/expo/workingdir/build/mobile/node_modules/expo-modules-core/android/src/main/java/expo/modules/kotlin/devtools/cdp/CdpNetworkTypes.kt:230:15 Parameter 'now' is never used","time":"2026-02-22T23:28:30.367Z","v":0,"logId":"019c87ae-de9f-780a-95cc-a37c09caa207"}
{"name":"worker","pid":1041,"phase":"RUN_GRADLEW","buildId":"a9ee9932-032e-40af-9f0e-18749f8036bf","source":"stdout","level":30,"msg":"w: file:///home/expo/workingdir/build/mobile/node_modules/expo-modules-core/android/src/main/java/expo/modules/kotlin/devtools/cdp/CdpNetworkTypes.kt:230:54 Parameter 'request' is never used","time":"2026-02-22T23:28:30.367Z","v":0,"logId":"019c87ae-de9f-780a-95cc-a37d83acafae"}
{"name":"worker","pid":1041,"phase":"RUN_GRADLEW","buildId":"a9ee9932-032e-40af-9f0e-18749f8036bf","source":"stdout","level":30,"msg":"w: file:///home/expo/workingdir/build/mobile/node_modules/expo-modules-core/android/src/main/java/expo/modules/kotlin/events/KModuleEventEmitterWrapper.kt:90:7 'constructor Event<T : Event<(raw) Event<*>>!>(Int)' is deprecated. Deprecated in Java","time":"2026-02-22T23:28:30.367Z","v":0,"logId":"019c87ae-de9f-780a-95cc-a37e27155f0e"}
{"name":"worker","pid":1041,"phase":"RUN_GRADLEW","buildId":"a9ee9932-032e-40af-9f0e-18749f8036bf","source":"stdout","level":30,"msg":"w: file:///home/expo/workingdir/build/mobile/node_modules/expo-modules-core/android/src/main/java/expo/modules/kotlin/jni/JavaScriptObject.kt:90:33 Parameter 'null' is never used","time":"2026-02-22T23:28:30.367Z","v":0,"logId":"019c87ae-de9f-780a-95cc-a37f59c8bc19"}
{"name":"worker","pid":1041,"phase":"RUN_GRADLEW","buildId":"a9ee9932-032e-40af-9f0e-18749f8036bf","source":"stdout","level":30,"msg":"w: file:///home/expo/workingdir/build/mobile/node_modules/expo-modules-core/android/src/main/java/expo/modules/kotlin/jni/JavaScriptObject.kt:91:34 Parameter 'null' is never used","time":"2026-02-22T23:28:30.367Z","v":0,"logId":"019c87ae-de9f-780a-95cc-a38038b89592"}
{"name":"worker","pid":1041,"phase":"RUN_GRADLEW","buildId":"a9ee9932-032e-40af-9f0e-18749f8036bf","source":"stdout","level":30,"msg":"w: file:///home/expo/workingdir/build/mobile/node_modules/expo-modules-core/android/src/main/java/expo/modules/kotlin/jni/JavaScriptObject.kt:132:5 Parameter 'null' is never used","time":"2026-02-22T23:28:30.367Z","v":0,"logId":"019c87ae-de9f-780a-95cc-a38170e3f8ad"}
{"name":"worker","pid":1041,"phase":"RUN_GRADLEW","buildId":"a9ee9932-032e-40af-9f0e-18749f8036bf","source":"stdout","level":30,"msg":"w: file:///home/expo/workingdir/build/mobile/node_modules/expo-modules-core/android/src/main/java/expo/modules/kotlin/sharedobjects/SharedObjectRegistry.kt:54:35 Destructured parameter 'js' is never used","time":"2026-02-22T23:28:30.367Z","v":0,"logId":"019c87ae-de9f-780a-95cc-a382c38c5e79"}
{"name":"worker","pid":1041,"phase":"RUN_GRADLEW","buildId":"a9ee9932-032e-40af-9f0e-18749f8036bf","source":"stdout","level":30,"msg":"w: file:///home/expo/workingdir/build/mobile/node_modules/expo-modules-core/android/src/main/java/expo/modules/kotlin/tracing/ExpoTrace.kt:33:1 Expected performance impact from inlining is insignificant. Inlining works best for functions with parameters of functional types","time":"2026-02-22T23:28:30.367Z","v":0,"logId":"019c87ae-de9f-780a-95cc-a383666bf67c"}
{"name":"worker","pid":1041,"phase":"RUN_GRADLEW","buildId":"a9ee9932-032e-40af-9f0e-18749f8036bf","source":"stdout","level":30,"msg":"w: file:///home/expo/workingdir/build/mobile/node_modules/expo-modules-core/android/src/main/java/expo/modules/kotlin/tracing/ExpoTrace.kt:40:1 Expected performance impact from inlining is insignificant. Inlining works best for functions with parameters of functional types","time":"2026-02-22T23:28:30.367Z","v":0,"logId":"019c87ae-de9f-780a-95cc-a384ccbe7647"}
{"name":"worker","pid":1041,"phase":"RUN_GRADLEW","buildId":"a9ee9932-032e-40af-9f0e-18749f8036bf","source":"stdout","level":30,"msg":"w: file:///home/expo/workingdir/build/mobile/node_modules/expo-modules-core/android/src/main/java/expo/modules/kotlin/tracing/ExpoTrace.kt:50:1 Expected performance impact from inlining is insignificant. Inlining works best for functions with parameters of functional types","time":"2026-02-22T23:28:30.367Z","v":0,"logId":"019c87ae-de9f-780a-95cc-a38556f0a86b"}
{"name":"worker","pid":1041,"phase":"RUN_GRADLEW","buildId":"a9ee9932-032e-40af-9f0e-18749f8036bf","source":"stdout","level":30,"msg":"w: file:///home/expo/workingdir/build/mobile/node_modules/expo-modules-core/android/src/main/java/expo/modules/kotlin/tracing/ExpoTrace.kt:56:1 Expected performance impact from inlining is insignificant. Inlining works best for functions with parameters of functional types","time":"2026-02-22T23:28:30.367Z","v":0,"logId":"019c87ae-de9f-780a-95cc-a38612e16c93"}
{"name":"worker","pid":1041,"phase":"RUN_GRADLEW","buildId":"a9ee9932-032e-40af-9f0e-18749f8036bf","source":"stdout","level":30,"msg":"w: file:///home/expo/workingdir/build/mobile/node_modules/expo-modules-core/android/src/main/java/expo/modules/kotlin/types/Either.kt:76:12 Parameter 'type' is never used","time":"2026-02-22T23:28:30.367Z","v":0,"logId":"019c87ae-de9f-780a-95cc-a387354297f7"}
{"name":"worker","pid":1041,"phase":"RUN_GRADLEW","buildId":"a9ee9932-032e-40af-9f0e-18749f8036bf","source":"stdout","level":30,"msg":"w: file:///home/expo/workingdir/build/mobile/node_modules/expo-modules-core/android/src/main/java/expo/modules/kotlin/types/Either.kt:79:12 Parameter 'type' is never used","time":"2026-02-22T23:28:30.367Z","v":0,"logId":"019c87ae-de9f-780a-95cc-a3888715b92a"}
{"name":"worker","pid":1041,"phase":"RUN_GRADLEW","buildId":"a9ee9932-032e-40af-9f0e-18749f8036bf","source":"stdout","level":30,"msg":"w: file:///home/expo/workingdir/build/mobile/node_modules/expo-modules-core/android/src/main/java/expo/modules/kotlin/types/Either.kt:82:11 Parameter 'type' is never used","time":"2026-02-22T23:28:30.367Z","v":0,"logId":"019c87ae-de9f-780a-95cc-a3892dfd66b2"}
{"name":"worker","pid":1041,"phase":"RUN_GRADLEW","buildId":"a9ee9932-032e-40af-9f0e-18749f8036bf","source":"stdout","level":30,"msg":"w: file:///home/expo/workingdir/build/mobile/node_modules/expo-modules-core/android/src/main/java/expo/modules/kotlin/types/Either.kt:85:11 Parameter 'type' is never used","time":"2026-02-22T23:28:30.367Z","v":0,"logId":"019c87ae-de9f-780a-95cc-a38a15d4c26f"}
{"name":"worker","pid":1041,"phase":"RUN_GRADLEW","buildId":"a9ee9932-032e-40af-9f0e-18749f8036bf","source":"stdout","level":30,"msg":"w: file:///home/expo/workingdir/build/mobile/node_modules/expo-modules-core/android/src/main/java/expo/modules/kotlin/types/Either.kt:99:12 Parameter 'type' is never used","time":"2026-02-22T23:28:30.367Z","v":0,"logId":"019c87ae-de9f-780a-95cc-a38b1924252f"}
{"name":"worker","pid":1041,"phase":"RUN_GRADLEW","buildId":"a9ee9932-032e-40af-9f0e-18749f8036bf","source":"stdout","level":30,"msg":"w: file:///home/expo/workingdir/build/mobile/node_modules/expo-modules-core/android/src/main/java/expo/modules/kotlin/types/Either.kt:102:11 Parameter 'type' is never used","time":"2026-02-22T23:28:30.367Z","v":0,"logId":"019c87ae-de9f-780a-95cc-a38cbed5827f"}
{"name":"worker","pid":1041,"phase":"RUN_GRADLEW","buildId":"a9ee9932-032e-40af-9f0e-18749f8036bf","source":"stdout","level":30,"msg":"w: file:///home/expo/workingdir/build/mobile/node_modules/expo-modules-core/android/src/main/java/expo/modules/kotlin/types/Either.kt:114:12 Parameter 'type' is never used","time":"2026-02-22T23:28:30.367Z","v":0,"logId":"019c87ae-de9f-780a-95cc-a38d65425de2"}
{"name":"worker","pid":1041,"phase":"RUN_GRADLEW","buildId":"a9ee9932-032e-40af-9f0e-18749f8036bf","source":"stdout","level":30,"msg":"w: file:///home/expo/workingdir/build/mobile/node_modules/expo-modules-core/android/src/main/java/expo/modules/kotlin/types/Either.kt:117:11 Parameter 'type' is never used","time":"2026-02-22T23:28:30.367Z","v":0,"logId":"019c87ae-de9f-780a-95cc-a38e8d7b8d05"}
{"name":"worker","pid":1041,"phase":"RUN_GRADLEW","buildId":"a9ee9932-032e-40af-9f0e-18749f8036bf","source":"stdout","level":30,"msg":"w: file:///home/expo/workingdir/build/mobile/node_modules/expo-modules-core/android/src/main/java/expo/modules/kotlin/types/JSTypeConverterHelper.kt:44:17 'get(String!): Any?' is deprecated. Deprecated in Java","time":"2026-02-22T23:28:30.367Z","v":0,"logId":"019c87ae-de9f-780a-95cc-a38f21383127"}
{"name":"worker","pid":1041,"phase":"RUN_GRADLEW","buildId":"a9ee9932-032e-40af-9f0e-18749f8036bf","source":"stdout","level":30,"msg":"w: file:///home/expo/workingdir/build/mobile/node_modules/expo-modules-core/android/src/main/java/expo/modules/kotlin/types/TypeConverterProvider.kt:175:46 'newInstance(): T!' is deprecated. Deprecated in Java","time":"2026-02-22T23:28:30.367Z","v":0,"logId":"019c87ae-de9f-780a-95cc-a390d6a80f23"}
{"name":"worker","pid":1041,"phase":"RUN_GRADLEW","buildId":"a9ee9932-032e-40af-9f0e-18749f8036bf","source":"stderr","level":30,"msg":"FAILURE: Build failed with an exception.","time":"2026-02-22T23:28:30.466Z","v":0,"logId":"019c87ae-df02-7c6e-a2c1-0d58c7f39cf1"}
{"name":"worker","pid":1041,"phase":"RUN_GRADLEW","buildId":"a9ee9932-032e-40af-9f0e-18749f8036bf","source":"stderr","level":30,"msg":"* What went wrong:","time":"2026-02-22T23:28:30.466Z","v":0,"logId":"019c87ae-df02-7c6e-a2c1-0d5986ccb065"}
{"name":"worker","pid":1041,"phase":"RUN_GRADLEW","buildId":"a9ee9932-032e-40af-9f0e-18749f8036bf","source":"stderr","level":30,"msg":"Execution failed for task ':app:createBundleReleaseJsAndAssets'.","time":"2026-02-22T23:28:30.466Z","v":0,"logId":"019c87ae-df02-7c6e-a2c1-0d5a723ab51f"}
{"name":"worker","pid":1041,"phase":"RUN_GRADLEW","buildId":"a9ee9932-032e-40af-9f0e-18749f8036bf","source":"stderr","level":30,"msg":"> Process 'command 'node'' finished with non-zero exit value 1","time":"2026-02-22T23:28:30.466Z","v":0,"logId":"019c87ae-df02-7c6e-a2c1-0d5b8aa42c78"}
{"name":"worker","pid":1041,"phase":"RUN_GRADLEW","buildId":"a9ee9932-032e-40af-9f0e-18749f8036bf","source":"stderr","level":30,"msg":"* Try:","time":"2026-02-22T23:28:30.466Z","v":0,"logId":"019c87ae-df02-7c6e-a2c1-0d5c4445f885"}
{"name":"worker","pid":1041,"phase":"RUN_GRADLEW","buildId":"a9ee9932-032e-40af-9f0e-18749f8036bf","source":"stderr","level":30,"msg":"> Run with --stacktrace option to get the stack trace.","time":"2026-02-22T23:28:30.466Z","v":0,"logId":"019c87ae-df02-7c6e-a2c1-0d5dbe6a276c"}
{"name":"worker","pid":1041,"phase":"RUN_GRADLEW","buildId":"a9ee9932-032e-40af-9f0e-18749f8036bf","source":"stderr","level":30,"msg":"> Run with --info or --debug option to get more log output.","time":"2026-02-22T23:28:30.466Z","v":0,"logId":"019c87ae-df02-7c6e-a2c1-0d5ea9e230aa"}
{"name":"worker","pid":1041,"phase":"RUN_GRADLEW","buildId":"a9ee9932-032e-40af-9f0e-18749f8036bf","source":"stderr","level":30,"msg":"> Run with --scan to get full insights.","time":"2026-02-22T23:28:30.466Z","v":0,"logId":"019c87ae-df02-7c6e-a2c1-0d5f4a9c9241"}
{"name":"worker","pid":1041,"phase":"RUN_GRADLEW","buildId":"a9ee9932-032e-40af-9f0e-18749f8036bf","source":"stderr","level":30,"msg":"> Get more help at https://help.gradle.org.","time":"2026-02-22T23:28:30.466Z","v":0,"logId":"019c87ae-df02-7c6e-a2c1-0d6092d98636"}
{"name":"worker","pid":1041,"phase":"RUN_GRADLEW","buildId":"a9ee9932-032e-40af-9f0e-18749f8036bf","source":"stderr","level":30,"msg":"BUILD FAILED in 1m 51s","time":"2026-02-22T23:28:30.466Z","v":0,"logId":"019c87ae-df02-7c6e-a2c1-0d6121904543"}
{"name":"worker","pid":1041,"phase":"RUN_GRADLEW","buildId":"a9ee9932-032e-40af-9f0e-18749f8036bf","source":"stdout","level":30,"msg":"309 actionable tasks: 309 executed","time":"2026-02-22T23:28:30.466Z","v":0,"logId":"019c87ae-df02-7c6e-a2c1-0d622c45cad2"}
{"name":"worker","pid":1041,"phase":"RUN_GRADLEW","buildId":"a9ee9932-032e-40af-9f0e-18749f8036bf","level":50,"msg":"Error: Gradle build failed with unknown error. See logs for the \"Run gradlew\" phase for more information.","time":"2026-02-22T23:28:30.855Z","v":0,"logId":"019c87ae-e087-716b-a465-09aee9854efa"}
{"name":"worker","pid":1041,"phase":"RUN_GRADLEW","buildId":"a9ee9932-032e-40af-9f0e-18749f8036bf","level":30,"marker":"END_PHASE","result":"failed","durationMs":111919,"msg":"End phase: RUN_GRADLEW","time":"2026-02-22T23:28:30.856Z","v":0,"logId":"019c87ae-e088-7ac3-aaf8-3af9c079642c"}
{"name":"worker","pid":1041,"phase":"ON_BUILD_ERROR_HOOK","buildId":"a9ee9932-032e-40af-9f0e-18749f8036bf","level":30,"marker":"START_PHASE","msg":"Start phase: ON_BUILD_ERROR_HOOK","time":"2026-02-22T23:28:30.856Z","v":0,"logId":"019c87ae-e088-7ac3-aaf8-3afac950b819"}
{"name":"worker","pid":1041,"phase":"ON_BUILD_ERROR_HOOK","buildId":"a9ee9932-032e-40af-9f0e-18749f8036bf","level":30,"marker":"END_PHASE","result":"success","durationMs":0,"msg":"End phase: ON_BUILD_ERROR_HOOK","time":"2026-02-22T23:28:30.856Z","v":0,"logId":"019c87ae-e088-7ac3-aaf8-3afb4333f619"}
{"name":"worker","pid":1041,"phase":"ON_BUILD_COMPLETE_HOOK","buildId":"a9ee9932-032e-40af-9f0e-18749f8036bf","level":30,"marker":"START_PHASE","msg":"Start phase: ON_BUILD_COMPLETE_HOOK","time":"2026-02-22T23:28:30.856Z","v":0,"logId":"019c87ae-e088-7ac3-aaf8-3afcf2218ac9"}
{"name":"worker","pid":1041,"phase":"ON_BUILD_COMPLETE_HOOK","buildId":"a9ee9932-032e-40af-9f0e-18749f8036bf","level":30,"marker":"END_PHASE","result":"success","durationMs":0,"msg":"End phase: ON_BUILD_COMPLETE_HOOK","time":"2026-02-22T23:28:30.856Z","v":0,"logId":"019c87ae-e088-7ac3-aaf8-3afddb876ab4"}
{"name":"worker","pid":1041,"phase":"UPLOAD_BUILD_ARTIFACTS","buildId":"a9ee9932-032e-40af-9f0e-18749f8036bf","level":30,"marker":"START_PHASE","msg":"Start phase: UPLOAD_BUILD_ARTIFACTS","time":"2026-02-22T23:28:30.857Z","v":0,"logId":"019c87ae-e089-7f03-b885-6f488ffd3db6"}
{"name":"worker","pid":1041,"phase":"UPLOAD_BUILD_ARTIFACTS","buildId":"a9ee9932-032e-40af-9f0e-18749f8036bf","level":30,"marker":"END_PHASE","result":"success","durationMs":0,"msg":"End phase: UPLOAD_BUILD_ARTIFACTS","time":"2026-02-22T23:28:30.857Z","v":0,"logId":"019c87ae-e089-7f03-b885-6f49b848722f"}
{"name":"worker","pid":1041,"phase":"FAIL_BUILD","buildId":"a9ee9932-032e-40af-9f0e-18749f8036bf","level":30,"marker":"START_PHASE","msg":"Start phase: FAIL_BUILD","time":"2026-02-22T23:28:30.857Z","v":0,"logId":"019c87ae-e089-7f03-b885-6f4ac82c4acb"}
{"name":"worker","pid":1041,"phase":"FAIL_BUILD","buildId":"a9ee9932-032e-40af-9f0e-18749f8036bf","level":50,"msg":"Build failed: Gradle build failed with unknown error. See logs for the \"Run gradlew\" phase for more information.","time":"2026-02-22T23:28:30.858Z","v":0,"logId":"019c87ae-e08a-7016-ae03-754448ae8c8b"}
{"name":"worker","pid":1041,"phase":"FAIL_BUILD","buildId":"a9ee9932-032e-40af-9f0e-18749f8036bf","level":30,"marker":"END_PHASE","result":"failed","msg":"End phase: FAIL_BUILD","time":"2026-02-22T23:28:30.858Z","v":0,"logId":"019c87ae-e08a-7016-ae03-7545f23e1750"}
